change_id,timestamp,employee_id,account_id,old_beneficiary,new_beneficiary,reason
BC0000001,2026-08-24 14:56:48,E0015,A000027,BN0392,BN3419,Customer Request
BC0000002,2026-09-20 17:51:07,E0050,A000092,BN0696,BN6572,Customer Request
BC0000003,2026-08-14 11:25:18,E0085,A000157,BN0962,BN9753,Customer Request
BC0000004,2026-09-09 10:59:26,E0020,A000222,BN0306,BN5184,Customer Request
BC0000005,2026-08-05 09:29:06,E0055,A000287,BN0587,BN4602,Customer Request
BC0000006,2026-08-25 15:43:11,E0090,A000352,BN0275,BN4453,Customer Request
BC0000007,2026-09-09 11:01:48,E0025,A000417,BN0126,BN9902,Customer Request
BC0000008,2026-08-02 12:49:23,E0060,A000482,BN0231,BN7528,Customer Request
BC0000009,2026-08-14 09:14:21,E0095,A000547,BN0838,BN9922,Customer Request
BC0000010,2026-08-06 16:48:13,E0030,A000612,BN0398,BN4688,Customer Request
BC0000011,2026-09-14 15:30:13,E0065,A000677,BN0001,BN9696,Customer Request
BC0000012,2026-09-08 13:24:47,E0100,A000742,BN0583,BN6499,Customer Request
BC0000013,2026-08-23 09:40:45,E0035,A000807,BN0816,BN2256,Customer Request
BC0000014,2026-09-13 09:24:33,E0070,A000872,BN0561,BN9337,Customer Request
BC0000015,2026-09-14 13:04:12,E0005,A000937,BN0435,BN8598,Customer Request
BC0000016,2026-08-23 13:31:22,E0040,A001002,BN0159,BN7187,Customer Request
BC0000017,2026-08-09 13:23:31,E0075,A001067,BN0626,BN7571,Customer Request
BC0000018,2026-08-27 15:17:16,E0010,A001132,BN0471,BN9481,Customer Request
BC0000019,2026-09-21 12:16:08,E0045,A001197,BN0499,BN7945,Customer Request
BC0000020,2026-08-09 16:27:11,E0080,A001262,BN0139,BN8248,Customer Request
BC0000021,2026-08-17 10:35:51,E0015,A001327,BN0783,BN7374,Customer Request
BC0000022,2026-08-02 10:52:50,E0050,A001392,BN0787,BN9379,Customer Request
BC0000023,2026-08-26 11:04:45,E0085,A001457,BN0276,BN2132,Customer Request
BC0000024,2026-09-10 17:29:08,E0020,A001522,BN0671,BN5412,Customer Request
BC0000025,2026-09-05 16:20:45,E0055,A001587,BN0019,BN3450,Customer Request
BC0000026,2026-08-08 16:37:47,E0090,A001652,BN0526,BN5580,Customer Request
BC0000027,2026-09-01 13:52:55,E0025,A001717,BN0988,BN6272,Customer Request
BC0000028,2026-08-12 13:36:43,E0060,A001782,BN0700,BN5676,Customer Request
BC0000029,2026-08-29 11:39:41,E0095,A001847,BN0618,BN1485,Customer Request
BC0000030,2026-09-11 11:56:44,E0030,A001912,BN0870,BN8867,Customer Request
BC0000031,2026-08-22 14:13:42,E0065,A001977,BN0657,BN5342,Customer Request
BC0000032,2026-09-03 10:34:47,E0100,A002042,BN0664,BN2976,Customer Request
BC0000033,2026-09-23 13:32:06,E0035,A002107,BN0996,BN1041,Customer Request
BC0000034,2026-08-25 13:43:52,E0070,A002172,BN0537,BN1913,Customer Request
BC0000035,2026-09-09 14:32:25,E0005,A002237,BN0992,BN8238,Customer Request
BC0000036,2026-09-14 17:01:29,E0040,A002302,BN0186,BN5734,Customer Request
BC0000037,2026-09-17 09:59:26,E0075,A002367,BN0003,BN8939,Customer Request
BC0000038,2026-09-16 10:14:50,E0010,A002432,BN0656,BN4731,Customer Request
BC0000039,2026-08-16 09:45:37,E0045,A002497,BN0917,BN2259,Customer Request
BC0000040,2026-09-07 17:01:50,E0080,A002562,BN0789,BN3520,Customer Request
BC0000041,2026-08-24 09:03:51,E0015,A002627,BN0827,BN6154,Customer Request
BC0000042,2026-09-06 10:52:29,E0050,A002692,BN0847,BN8038,Customer Request
BC0000043,2026-08-22 13:05:41,E0085,A002757,BN0268,BN3559,Customer Request
BC0000044,2026-08-25 10:38:08,E0020,A002822,BN0421,BN4011,Customer Request
BC0000045,2026-08-09 16:10:40,E0055,A002887,BN0125,BN6478,Customer Request
BC0000046,2026-08-11 17:51:16,E0090,A002952,BN0202,BN9553,Customer Request
BC0000047,2026-09-13 09:30:49,E0025,A003017,BN0844,BN4612,Customer Request
BC0000048,2026-09-07 13:18:47,E0060,A003082,BN0494,BN6921,Customer Request
BC0000049,2026-09-09 10:14:52,E0095,A003147,BN0256,BN7008,Customer Request
BC0000050,2026-08-28 15:25:48,E0030,A003212,BN0918,BN9313,Customer Request
BC0000051,2026-09-14 12:27:31,E0065,A003277,BN0354,BN3447,Customer Request
BC0000052,2026-09-10 15:15:50,E0100,A003342,BN0168,BN9294,Customer Request
BC0000053,2026-08-17 10:49:40,E0035,A003407,BN0674,BN2011,Customer Request
BC0000054,2026-08-24 17:30:11,E0070,A003472,BN0563,BN6185,Customer Request
BC0000055,2026-08-08 10:18:09,E0005,A003537,BN0121,BN2298,Customer Request
BC0000056,2026-08-10 14:43:09,E0040,A003602,BN0559,BN6016,Customer Request
BC0000057,2026-08-02 17:04:22,E0075,A003667,BN0855,BN8400,Customer Request
BC0000058,2026-09-24 15:50:44,E0010,A003732,BN0916,BN5562,Customer Request
BC0000059,2026-09-02 12:37:44,E0045,A003797,BN0086,BN4587,Customer Request
BC0000060,2026-09-19 10:03:21,E0080,A003862,BN0988,BN1326,Customer Request
BC0000061,2026-09-03 09:38:34,E0015,A003927,BN0348,BN1797,Customer Request
BC0000062,2026-09-14 11:36:17,E0050,A003992,BN0770,BN1693,Customer Request
BC0000063,2026-08-02 09:14:54,E0085,A004057,BN0846,BN9088,Customer Request
BC0000064,2026-08-31 14:51:15,E0020,A004122,BN0791,BN6324,Customer Request
BC0000065,2026-09-24 12:14:05,E0055,A004187,BN0100,BN7635,Customer Request
BC0000066,2026-08-28 11:05:56,E0090,A004252,BN0173,BN8638,Customer Request
BC0000067,2026-08-17 12:51:29,E0025,A004317,BN0685,BN8369,Customer Request
BC0000068,2026-08-29 15:45:35,E0060,A004382,BN0108,BN9661,Customer Request
BC0000069,2026-08-02 15:54:54,E0095,A004447,BN0895,BN6199,Customer Request
BC0000070,2026-08-25 15:36:20,E0030,A004512,BN0024,BN9571,Customer Request
BC0000071,2026-08-02 10:19:40,E0065,A004577,BN0528,BN4701,Customer Request
BC0000072,2026-09-24 11:00:34,E0100,A004642,BN0205,BN6825,Customer Request
BC0000073,2026-09-18 10:50:29,E0035,A004707,BN0753,BN4668,Customer Request
BC0000074,2026-09-25 14:58:12,E0070,A004772,BN0505,BN5176,Customer Request
BC0000075,2026-08-15 13:28:00,E0005,A004837,BN0125,BN5638,Customer Request
BC0000076,2026-09-19 13:34:57,E0040,A004902,BN0992,BN9358,Customer Request
BC0000077,2026-09-16 16:22:11,E0075,A004967,BN0708,BN3693,Customer Request
BC0000078,2026-08-04 11:37:24,E0010,A005032,BN0788,BN5252,Customer Request
BC0000079,2026-09-20 17:02:53,E0045,A005097,BN0911,BN7662,Customer Request
BC0000080,2026-09-04 17:44:13,E0080,A005162,BN0659,BN8071,Customer Request
BC0000081,2026-09-04 14:41:53,E0015,A005227,BN0197,BN6168,Customer Request
BC0000082,2026-09-20 09:25:54,E0050,A005292,BN0027,BN8123,Customer Request
BC0000083,2026-08-11 14:16:51,E0085,A005357,BN0414,BN8391,Customer Request
BC0000084,2026-08-24 15:49:10,E0020,A005422,BN0885,BN4161,Customer Request
BC0000085,2026-09-15 09:14:25,E0055,A005487,BN0889,BN5825,Customer Request
BC0000086,2026-09-07 17:09:59,E0090,A005552,BN0775,BN1670,Customer Request
BC0000087,2026-09-25 13:11:25,E0025,A005617,BN0247,BN7820,Customer Request
BC0000088,2026-08-27 14:42:08,E0060,A005682,BN0132,BN1296,Customer Request
BC0000089,2026-08-04 09:52:14,E0095,A005747,BN0424,BN1546,Customer Request
BC0000090,2026-08-07 15:34:28,E0030,A005812,BN0216,BN3670,Customer Request
BC0000091,2026-09-24 15:30:58,E0065,A005877,BN0734,BN1701,Customer Request
BC0000092,2026-08-24 17:47:42,E0100,A005942,BN0420,BN6011,Customer Request
BC0000093,2026-09-22 14:16:58,E0035,A006007,BN0673,BN2788,Customer Request
BC0000094,2026-08-04 12:39:25,E0070,A006072,BN0125,BN6461,Customer Request
BC0000095,2026-09-14 08:57:26,E0005,A006137,BN0066,BN3698,Customer Request
BC0000096,2026-09-08 09:17:39,E0040,A006202,BN0525,BN1223,Customer Request
BC0000097,2026-09-06 17:45:25,E0075,A006267,BN0768,BN2377,Customer Request
BC0000098,2026-08-10 10:39:36,E0010,A006332,BN0470,BN3823,Customer Request
BC0000099,2026-08-05 13:25:01,E0045,A006397,BN0853,BN6036,Customer Request
BC0000100,2026-09-12 15:38:51,E0080,A006462,BN0314,BN2275,Customer Request
BC0000101,2026-08-09 09:03:11,E0015,A006527,BN0148,BN8923,Customer Request
BC0000102,2026-08-08 17:48:57,E0050,A006592,BN0594,BN6414,Customer Request
BC0000103,2026-09-17 12:25:21,E0085,A006657,BN0832,BN5606,Customer Request
BC0000104,2026-08-15 16:36:14,E0020,A006722,BN0210,BN7652,Customer Request
BC0000105,2026-08-16 12:39:07,E0055,A006787,BN0656,BN2676,Customer Request
BC0000106,2026-08-24 14:10:33,E0090,A006852,BN0021,BN2167,Customer Request
BC0000107,2026-08-21 11:57:18,E0025,A000017,BN0414,BN6046,Customer Request
BC0000108,2026-08-27 16:12:10,E0060,A000082,BN0175,BN7126,Customer Request
BC0000109,2026-08-26 13:35:00,E0095,A000147,BN0271,BN2182,Customer Request
BC0000110,2026-08-23 12:02:24,E0030,A000212,BN0696,BN4470,Customer Request
BC0000111,2026-08-03 10:29:01,E0065,A000277,BN0402,BN8719,Customer Request
BC0000112,2026-08-17 13:33:00,E0100,A000342,BN0625,BN7539,Customer Request
BC0000113,2026-09-12 15:01:25,E0035,A000407,BN0153,BN8000,Customer Request
BC0000114,2026-09-21 14:57:45,E0070,A000472,BN0551,BN6853,Customer Request
BC0000115,2026-08-09 11:06:28,E0005,A000537,BN0869,BN3327,Customer Request
BC0000116,2026-09-12 13:01:09,E0040,A000602,BN0206,BN4186,Customer Request
BC0000117,2026-08-01 12:42:08,E0075,A000667,BN0675,BN1258,Customer Request
BC0000118,2026-09-22 15:44:58,E0010,A000732,BN0129,BN5036,Customer Request
BC0000119,2026-08-15 15:43:18,E0045,A000797,BN0449,BN3401,Customer Request
BC0000120,2026-08-07 10:42:54,E0080,A000862,BN0405,BN6541,Customer Request
BC0000121,2026-08-09 09:26:26,E0015,A000927,BN0198,BN2944,Customer Request
BC0000122,2026-08-25 13:16:58,E0050,A000992,BN0727,BN6692,Customer Request
BC0000123,2026-08-09 10:49:12,E0085,A001057,BN0814,BN8857,Customer Request
BC0000124,2026-08-21 10:10:52,E0020,A001122,BN0666,BN7987,Customer Request
BC0000125,2026-08-10 09:23:36,E0055,A001187,BN0553,BN3178,Customer Request
BC0000126,2026-08-21 12:44:08,E0090,A001252,BN0347,BN2635,Customer Request
BC0000127,2026-08-27 14:12:53,E0025,A001317,BN0080,BN3852,Customer Request
BC0000128,2026-08-17 16:13:07,E0060,A001382,BN0910,BN2917,Customer Request
BC0000129,2026-09-10 09:34:30,E0095,A001447,BN0092,BN5227,Customer Request
BC0000130,2026-08-07 16:54:06,E0030,A001512,BN0478,BN7705,Customer Request
BC0000131,2026-09-08 13:56:45,E0065,A001577,BN0827,BN1780,Customer Request
BC0000132,2026-08-05 14:13:46,E0100,A001642,BN0740,BN1543,Customer Request
BC0000133,2026-09-12 09:34:33,E0035,A001707,BN0405,BN6793,Customer Request
BC0000134,2026-09-07 13:59:41,E0070,A001772,BN0802,BN2534,Customer Request
BC0000135,2026-08-16 17:32:39,E0005,A001837,BN0315,BN7789,Customer Request
BC0000136,2026-09-10 12:10:20,E0040,A001902,BN0736,BN4829,Customer Request
BC0000137,2026-09-25 12:55:41,E0075,A001967,BN0571,BN4948,Customer Request
BC0000138,2026-09-21 09:39:22,E0010,A002032,BN0238,BN9228,Customer Request
BC0000139,2026-08-14 17:08:45,E0045,A002097,BN0394,BN6242,Customer Request
BC0000140,2026-08-10 09:25:39,E0080,A002162,BN0059,BN7003,Customer Request
BC0000141,2026-09-18 10:00:36,E0015,A002227,BN0931,BN8436,Customer Request
BC0000142,2026-08-11 10:51:45,E0050,A002292,BN0220,BN5962,Customer Request
BC0000143,2026-09-22 11:20:03,E0085,A002357,BN0958,BN5785,Customer Request
BC0000144,2026-09-11 09:18:21,E0020,A002422,BN0141,BN6429,Customer Request
BC0000145,2026-08-30 13:57:56,E0055,A002487,BN0818,BN3666,Customer Request
BC0000146,2026-08-21 10:05:50,E0090,A002552,BN0612,BN6387,Customer Request
BC0000147,2026-08-21 10:05:12,E0025,A002617,BN0586,BN1723,Customer Request
BC0000148,2026-08-07 16:54:58,E0060,A002682,BN0986,BN5410,Customer Request
BC0000149,2026-09-05 16:08:42,E0095,A002747,BN0337,BN1570,Customer Request
BC0000150,2026-09-25 17:10:51,E0030,A002812,BN0869,BN6130,Customer Request
BC0000151,2026-09-15 12:20:24,E0065,A002877,BN0079,BN3252,Customer Request
BC0000152,2026-09-15 17:29:32,E0100,A002942,BN0003,BN2851,Customer Request
BC0000153,2026-09-17 17:29:30,E0035,A003007,BN0833,BN1670,Customer Request
BC0000154,2026-08-10 14:36:39,E0070,A003072,BN0018,BN1243,Customer Request
BC0000155,2026-08-15 12:55:29,E0005,A003137,BN0534,BN2887,Customer Request
BC0000156,2026-08-09 12:57:41,E0040,A003202,BN0860,BN7184,Customer Request
BC0000157,2026-08-06 17:15:49,E0075,A003267,BN0964,BN5203,Customer Request
BC0000158,2026-09-25 13:16:38,E0010,A003332,BN0313,BN7891,Customer Request
BC0000159,2026-09-08 10:12:16,E0045,A003397,BN0448,BN9179,Customer Request
BC0000160,2026-08-15 16:55:41,E0080,A003462,BN0045,BN8283,Customer Request
BC0000161,2026-09-04 11:23:51,E0015,A003527,BN0163,BN2435,Customer Request
BC0000162,2026-08-13 12:40:40,E0050,A003592,BN0603,BN6229,Customer Request
BC0000163,2026-08-09 13:38:16,E0085,A003657,BN0004,BN9450,Customer Request
BC0000164,2026-09-12 11:27:55,E0020,A003722,BN0167,BN5603,Customer Request
BC0000165,2026-08-19 09:45:21,E0055,A003787,BN0478,BN8169,Customer Request
BC0000166,2026-09-04 13:49:15,E0090,A003852,BN0375,BN9239,Customer Request
BC0000167,2026-08-03 15:47:51,E0025,A003917,BN0690,BN5830,Customer Request
BC0000168,2026-09-24 13:08:20,E0060,A003982,BN0954,BN4342,Customer Request
BC0000169,2026-08-24 13:36:00,E0095,A004047,BN0546,BN1861,Customer Request
BC0000170,2026-09-17 14:15:28,E0030,A004112,BN0188,BN5179,Customer Request
BC0000171,2026-08-29 16:13:50,E0065,A004177,BN0358,BN5791,Customer Request
BC0000172,2026-09-03 09:31:56,E0100,A004242,BN0414,BN8193,Customer Request
BC0000173,2026-08-05 17:51:38,E0035,A004307,BN0360,BN8412,Customer Request
BC0000174,2026-09-19 12:06:57,E0070,A004372,BN0748,BN9590,Customer Request
BC0000175,2026-09-06 11:25:39,E0005,A004437,BN0625,BN3775,Customer Request
BC0000176,2026-08-22 12:48:51,E0040,A004502,BN0042,BN1106,Customer Request
BC0000177,2026-08-08 09:47:51,E0075,A004567,BN0938,BN8589,Customer Request
BC0000178,2026-08-07 10:55:27,E0010,A004632,BN0497,BN1323,Customer Request
BC0000179,2026-08-16 14:08:51,E0045,A004697,BN0119,BN8584,Customer Request
BC0000180,2026-09-05 09:29:40,E0080,A004762,BN0200,BN2012,Customer Request
BC0000181,2026-09-23 14:37:34,E0015,A004827,BN0870,BN5336,Customer Request
BC0000182,2026-09-04 13:05:38,E0050,A004892,BN0882,BN5999,Customer Request
BC0000183,2026-08-22 12:10:34,E0085,A004957,BN0397,BN7835,Customer Request
BC0000184,2026-08-06 10:56:22,E0020,A005022,BN0365,BN9656,Customer Request
BC0000185,2026-09-21 14:01:24,E0055,A005087,BN0672,BN2515,Customer Request
BC0000186,2026-09-25 15:48:55,E0090,A005152,BN0428,BN4708,Customer Request
BC0000187,2026-09-23 17:53:19,E0025,A005217,BN0065,BN7767,Customer Request
BC0000188,2026-08-12 11:57:28,E0060,A005282,BN0295,BN6568,Customer Request
BC0000189,2026-09-08 11:52:32,E0095,A005347,BN0221,BN4881,Customer Request
BC0000190,2026-08-08 12:03:49,E0030,A005412,BN0834,BN2916,Customer Request
BC0000191,2026-09-08 12:20:04,E0065,A005477,BN0714,BN9413,Customer Request
BC0000192,2026-08-10 16:27:33,E0100,A005542,BN0106,BN6152,Customer Request
BC0000193,2026-08-25 17:17:36,E0035,A005607,BN0988,BN1466,Customer Request
BC0000194,2026-09-17 12:49:01,E0070,A005672,BN0528,BN8172,Customer Request
BC0000195,2026-08-12 14:12:21,E0005,A005737,BN0805,BN4968,Customer Request
BC0000196,2026-08-04 15:30:11,E0040,A005802,BN0420,BN7102,Customer Request
BC0000197,2026-09-13 10:58:34,E0075,A005867,BN0526,BN8999,Customer Request
BC0000198,2026-09-03 10:27:29,E0010,A005932,BN0371,BN8480,Customer Request
BC0000199,2026-08-14 10:51:41,E0045,A005997,BN0787,BN8551,Customer Request
BC0000200,2026-08-14 10:26:17,E0080,A006062,BN0481,BN2566,Customer Request
BC0000201,2026-09-08 17:14:40,E0075,A006453,BN0570,BN8821,Customer Request
BC0000202,2026-09-11 11:09:08,E0095,A000068,BN0023,BN7933,Customer Request
BC0000203,2026-08-02 17:42:49,E0083,A005338,BN0726,BN5874,Customer Request
BC0000204,2026-08-03 14:09:04,E0037,A001708,BN0566,BN5684,Customer Request
BC0000205,2026-09-02 10:40:26,E0015,A006846,BN0574,BN9567,Customer Request
BC0000206,2026-08-17 10:13:53,E0071,A006683,BN0024,BN5291,Customer Request
BC0000207,2026-09-19 09:48:57,E0042,A002284,BN0804,BN7869,Customer Request
BC0000208,2026-08-08 09:53:03,E0080,A001439,BN0869,BN9693,Customer Request
BC0000209,2026-09-02 11:31:00,E0088,A000150,BN0602,BN3127,Customer Request
BC0000210,2026-08-18 11:53:40,E0021,A000785,BN0558,BN9731,Customer Request
BC0000211,2026-09-07 13:59:47,E0001,A003904,BN0590,BN9718,Customer Request
BC0000212,2026-08-13 13:22:17,E0013,A005574,BN0625,BN7431,Customer Request
BC0000213,2026-09-01 12:33:54,E0082,A004541,BN0591,BN5715,Customer Request
BC0000214,2026-08-06 10:20:51,E0051,A001859,BN0137,BN6155,Customer Request
BC0000215,2026-09-06 11:30:38,E0011,A001739,BN0985,BN2573,Customer Request
BC0000216,2026-09-10 17:51:25,E0066,A004622,BN0329,BN4060,Customer Request
BC0000217,2026-08-10 17:37:30,E0084,A002071,BN0371,BN1799,Customer Request
BC0000218,2026-08-24 15:45:54,E0025,A006241,BN0971,BN8224,Customer Request
BC0000219,2026-08-19 14:10:23,E0047,A000895,BN0904,BN4360,Customer Request
BC0000220,2026-08-21 15:12:17,E0029,A000689,BN0338,BN1266,Customer Request
BC0000221,2026-09-20 17:21:34,E0089,A006187,BN0574,BN8984,Customer Request
BC0000222,2026-08-13 16:35:19,E0065,A005407,BN0669,BN8528,Customer Request
BC0000223,2026-08-10 17:47:42,E0082,A003414,BN0436,BN2671,Customer Request
BC0000224,2026-09-07 09:25:07,E0048,A003393,BN0573,BN4836,Customer Request
BC0000225,2026-08-16 15:43:47,E0039,A000822,BN0762,BN2359,Customer Request
BC0000226,2026-09-21 15:25:00,E0031,A001781,BN0129,BN7262,Customer Request
BC0000227,2026-09-01 09:53:50,E0040,A005109,BN0717,BN1850,Customer Request
BC0000228,2026-08-19 17:54:08,E0081,A003169,BN0192,BN5410,Customer Request
BC0000229,2026-08-18 13:54:19,E0086,A005460,BN0595,BN4646,Customer Request
BC0000230,2026-08-09 12:07:38,E0082,A005099,BN0379,BN5125,Customer Request
BC0000231,2026-09-25 15:47:29,E0008,A003392,BN0548,BN8533,Customer Request
BC0000232,2026-08-09 14:05:33,E0057,A002088,BN0556,BN6793,Customer Request
BC0000233,2026-08-30 11:40:56,E0042,A001172,BN0125,BN6916,Customer Request
BC0000234,2026-08-08 17:00:09,E0083,A004293,BN0063,BN4350,Customer Request
BC0000235,2026-09-20 10:17:57,E0018,A006487,BN0157,BN3153,Customer Request
BC0000236,2026-08-09 16:45:20,E0078,A001613,BN0914,BN8941,Customer Request
BC0000237,2026-08-02 13:44:46,E0019,A006539,BN0041,BN1487,Customer Request
BC0000238,2026-08-26 10:45:49,E0088,A002438,BN0513,BN7857,Customer Request
BC0000239,2026-09-18 13:56:15,E0050,A005052,BN0812,BN8645,Customer Request
BC0000240,2026-09-09 12:55:10,E0008,A002816,BN0401,BN3730,Customer Request
BC0000241,2026-09-04 11:42:53,E0078,A002883,BN0554,BN6633,Customer Request
BC0000242,2026-08-03 10:56:39,E0043,A002075,BN0683,BN3219,Customer Request
BC0000243,2026-08-24 10:39:24,E0005,A002939,BN0704,BN3764,Customer Request
BC0000244,2026-08-26 17:59:50,E0052,A000266,BN0198,BN4636,Customer Request
BC0000245,2026-09-18 09:39:44,E0087,A004965,BN0785,BN1518,Customer Request
BC0000246,2026-08-03 09:31:06,E0061,A004494,BN0685,BN7395,Customer Request
BC0000247,2026-08-31 17:33:30,E0037,A001729,BN0256,BN4352,Customer Request
BC0000248,2026-08-25 13:10:08,E0014,A005537,BN0899,BN8723,Customer Request
BC0000249,2026-09-08 12:13:02,E0006,A005630,BN0411,BN3415,Customer Request
BC0000250,2026-08-11 14:19:34,E0051,A003751,BN0799,BN8788,Customer Request
BC0000251,2026-09-18 10:21:11,E0072,A003666,BN0853,BN2186,Customer Request
BC0000252,2026-08-26 17:59:59,E0083,A006368,BN0650,BN5725,Customer Request
BC0000253,2026-09-03 16:23:04,E0093,A002692,BN0050,BN3550,Customer Request
BC0000254,2026-08-07 16:08:49,E0080,A003830,BN0184,BN7161,Customer Request
BC0000255,2026-09-07 15:32:42,E0084,A001359,BN0414,BN7781,Customer Request
BC0000256,2026-09-06 09:38:22,E0012,A001526,BN0902,BN3181,Customer Request
BC0000257,2026-08-06 09:41:37,E0034,A006565,BN0583,BN5823,Customer Request
BC0000258,2026-09-01 10:17:42,E0091,A004776,BN0917,BN4310,Customer Request
BC0000259,2026-08-29 11:52:40,E0066,A005791,BN0990,BN7133,Customer Request
BC0000260,2026-08-27 09:00:35,E0020,A006931,BN0894,BN6076,Customer Request
BC0000261,2026-08-12 09:09:48,E0002,A002833,BN0128,BN2574,Customer Request
BC0000262,2026-09-22 11:27:43,E0025,A003629,BN0411,BN7423,Customer Request
BC0000263,2026-08-14 16:47:57,E0084,A006161,BN0001,BN3386,Customer Request
BC0000264,2026-08-10 15:50:39,E0065,A001265,BN0569,BN9682,Customer Request
BC0000265,2026-09-12 11:52:16,E0028,A004338,BN0090,BN4483,Customer Request
BC0000266,2026-08-25 13:18:08,E0042,A005825,BN0785,BN3147,Customer Request
BC0000267,2026-09-21 10:57:59,E0020,A002869,BN0594,BN4475,Customer Request
BC0000268,2026-09-24 10:07:25,E0063,A006728,BN0019,BN3700,Customer Request
BC0000269,2026-08-07 17:36:12,E0040,A003284,BN0643,BN9033,Customer Request
BC0000270,2026-08-09 14:40:32,E0037,A001799,BN0935,BN2202,Customer Request
BC0000271,2026-09-06 11:52:16,E0044,A001363,BN0552,BN2951,Customer Request
BC0000272,2026-08-23 17:28:18,E0074,A001151,BN0529,BN9898,Customer Request
BC0000273,2026-09-13 14:47:56,E0044,A003403,BN0520,BN3803,Customer Request
BC0000274,2026-09-10 10:51:28,E0080,A002571,BN0361,BN6747,Customer Request
BC0000275,2026-09-14 16:40:34,E0057,A003222,BN0855,BN9701,Customer Request
BC0000276,2026-08-25 10:01:00,E0037,A005567,BN0579,BN5245,Customer Request
BC0000277,2026-09-02 16:24:51,E0062,A001709,BN0263,BN3778,Customer Request
BC0000278,2026-08-17 16:39:20,E0052,A003829,BN0765,BN4794,Customer Request
BC0000279,2026-09-12 13:06:08,E0033,A002858,BN0510,BN4997,Customer Request
BC0000280,2026-08-05 16:36:03,E0020,A002081,BN0861,BN8712,Customer Request
BC0000281,2026-09-13 13:12:57,E0073,A001879,BN0796,BN4526,Customer Request
BC0000282,2026-08-22 14:44:53,E0001,A005389,BN0307,BN3616,Customer Request
BC0000283,2026-09-01 17:57:16,E0041,A006502,BN0204,BN8336,Customer Request
BC0000284,2026-08-25 17:59:55,E0017,A004830,BN0796,BN8258,Customer Request
BC0000285,2026-08-22 15:37:42,E0047,A006563,BN0448,BN2339,Customer Request
BC0000286,2026-09-15 11:03:17,E0063,A003803,BN0710,BN4451,Customer Request
BC0000287,2026-08-18 12:56:57,E0033,A003732,BN0203,BN6976,Customer Request
BC0000288,2026-08-19 16:18:18,E0009,A000874,BN0600,BN4313,Customer Request
BC0000289,2026-09-16 13:37:16,E0005,A000900,BN0975,BN5459,Customer Request
BC0000290,2026-09-14 17:50:22,E0095,A002030,BN0656,BN9143,Customer Request
BC0000291,2026-08-11 16:36:10,E0056,A002684,BN0283,BN4732,Customer Request
BC0000292,2026-08-29 15:56:50,E0077,A004428,BN0969,BN4079,Customer Request
BC0000293,2026-08-12 11:39:42,E0038,A005230,BN0544,BN4375,Customer Request
BC0000294,2026-09-19 17:02:21,E0023,A002628,BN0197,BN3152,Customer Request
BC0000295,2026-08-28 11:18:51,E0020,A002939,BN0885,BN5121,Customer Request
BC0000296,2026-08-14 11:27:00,E0069,A006578,BN0670,BN6746,Customer Request
BC0000297,2026-09-11 09:44:10,E0080,A004419,BN0213,BN4717,Customer Request
BC0000298,2026-08-12 17:35:33,E0096,A006871,BN0533,BN1418,Customer Request
BC0000299,2026-09-11 12:50:19,E0086,A002425,BN0667,BN9570,Customer Request
BC0000300,2026-09-02 11:59:00,E0023,A002019,BN0382,BN8812,Customer Request
BC0000301,2026-08-18 10:25:22,E0040,A004778,BN0334,BN3212,Customer Request
BC0000302,2026-09-01 13:18:02,E0062,A002857,BN0017,BN6443,Customer Request
BC0000303,2026-09-10 12:44:30,E0023,A002328,BN0646,BN7835,Customer Request
BC0000304,2026-09-24 13:32:03,E0022,A002211,BN0541,BN6466,Customer Request
BC0000305,2026-08-29 17:42:17,E0075,A005225,BN0600,BN4767,Customer Request
BC0000306,2026-08-16 12:09:34,E0020,A001111,BN0316,BN9178,Customer Request
BC0000307,2026-08-25 11:45:54,E0031,A004104,BN0328,BN3595,Customer Request
BC0000308,2026-09-25 16:39:48,E0091,A005619,BN0720,BN1332,Customer Request
BC0000309,2026-08-03 14:41:08,E0016,A000976,BN0975,BN7265,Customer Request
BC0000310,2026-08-03 09:57:58,E0081,A003630,BN0851,BN6471,Customer Request
BC0000311,2026-08-28 16:54:05,E0026,A000664,BN0496,BN3875,Customer Request
BC0000312,2026-09-25 14:45:01,E0075,A002731,BN0450,BN4396,Customer Request
BC0000313,2026-09-10 15:23:16,E0012,A006109,BN0714,BN5604,Customer Request
BC0000314,2026-08-30 16:11:15,E0010,A006003,BN0761,BN7246,Customer Request
BC0000315,2026-09-01 09:48:11,E0082,A000720,BN0493,BN2507,Customer Request
BC0000316,2026-08-27 15:30:18,E0002,A005286,BN0328,BN1935,Customer Request
BC0000317,2026-09-19 10:04:15,E0075,A005110,BN0075,BN3904,Customer Request
BC0000318,2026-08-18 17:57:04,E0016,A006841,BN0615,BN8295,Customer Request
BC0000319,2026-08-14 09:36:52,E0007,A001870,BN0067,BN3542,Customer Request
BC0000320,2026-09-20 15:42:04,E0063,A005458,BN0135,BN7159,Customer Request
BC0000321,2026-09-09 16:41:55,E0022,A000959,BN0521,BN6293,Customer Request
BC0000322,2026-09-21 17:50:01,E0016,A002285,BN0138,BN3043,Customer Request
BC0000323,2026-08-24 09:07:34,E0049,A002056,BN0610,BN4865,Customer Request
BC0000324,2026-08-19 14:44:17,E0041,A002978,BN0986,BN6952,Customer Request
BC0000325,2026-08-10 14:20:08,E0074,A003620,BN0594,BN9138,Customer Request
BC0000326,2026-09-06 15:08:54,E0076,A000827,BN0562,BN1928,Customer Request
BC0000327,2026-08-06 14:07:57,E0019,A006621,BN0055,BN7474,Customer Request
BC0000328,2026-08-10 10:59:05,E0015,A002086,BN0991,BN3915,Customer Request
BC0000329,2026-09-06 09:28:41,E0001,A000033,BN0189,BN4313,Customer Request
BC0000330,2026-08-26 12:24:34,E0043,A002509,BN0770,BN8507,Customer Request
BC0000331,2026-09-01 16:13:38,E0016,A000313,BN0678,BN4239,Customer Request
BC0000332,2026-08-02 14:58:45,E0017,A005216,BN0878,BN3694,Customer Request
BC0000333,2026-09-10 11:38:15,E0072,A003678,BN0548,BN9469,Customer Request
BC0000334,2026-09-19 16:24:21,E0087,A002911,BN0560,BN5085,Customer Request
BC0000335,2026-08-14 16:48:16,E0079,A001409,BN0551,BN3332,Customer Request
BC0000336,2026-09-05 14:53:01,E0018,A003535,BN0705,BN8746,Customer Request
BC0000337,2026-08-16 15:45:55,E0041,A006975,BN0846,BN9187,Customer Request
BC0000338,2026-08-31 10:44:05,E0047,A002014,BN0436,BN1835,Customer Request
BC0000339,2026-09-21 13:41:15,E0060,A001612,BN0983,BN2993,Customer Request
BC0000340,2026-09-10 12:45:11,E0025,A005502,BN0734,BN9053,Customer Request
BC0000341,2026-09-12 12:16:07,E0018,A005662,BN0490,BN5383,Customer Request
BC0000342,2026-08-15 15:37:20,E0084,A003027,BN0453,BN9078,Customer Request
BC0000343,2026-08-30 15:01:35,E0095,A002894,BN0941,BN1928,Customer Request
BC0000344,2026-08-28 10:06:56,E0015,A000230,BN0572,BN8250,Customer Request
BC0000345,2026-08-25 12:31:56,E0029,A005256,BN0849,BN1456,Customer Request
BC0000346,2026-08-28 12:49:23,E0039,A005164,BN0802,BN4857,Customer Request
BC0000347,2026-09-05 10:55:14,E0070,A006269,BN0041,BN3715,Customer Request
BC0000348,2026-08-28 12:30:21,E0020,A006343,BN0050,BN1379,Customer Request
BC0000349,2026-08-17 13:04:48,E0055,A006390,BN0462,BN4108,Customer Request
BC0000350,2026-09-04 16:21:33,E0001,A000340,BN0109,BN1622,Customer Request
BC0000351,2026-08-28 09:44:35,E0032,A005041,BN0989,BN1992,Customer Request
BC0000352,2026-08-27 16:35:01,E0066,A005031,BN0180,BN5710,Customer Request
BC0000353,2026-08-07 15:08:30,E0023,A004240,BN0547,BN7749,Customer Request
BC0000354,2026-08-06 13:23:29,E0086,A002702,BN0634,BN6352,Customer Request
BC0000355,2026-08-07 12:16:53,E0019,A001981,BN0534,BN7049,Customer Request
BC0000356,2026-08-16 11:15:37,E0075,A002953,BN0801,BN2137,Customer Request
BC0000357,2026-09-11 11:58:56,E0087,A006337,BN0572,BN2318,Customer Request
BC0000358,2026-08-04 16:53:48,E0054,A001438,BN0353,BN5846,Customer Request
BC0000359,2026-08-13 11:25:04,E0089,A005851,BN0107,BN8820,Customer Request
BC0000360,2026-08-15 17:00:47,E0070,A004138,BN0838,BN4589,Customer Request
BC0000361,2026-09-03 12:41:48,E0047,A006750,BN0756,BN1785,Customer Request
BC0000362,2026-08-18 17:15:35,E0063,A002776,BN0545,BN4864,Customer Request
BC0000363,2026-09-20 11:07:46,E0071,A003457,BN0781,BN4763,Customer Request
BC0000364,2026-08-30 13:30:40,E0042,A004289,BN0093,BN6959,Customer Request
BC0000365,2026-09-18 12:20:57,E0011,A001206,BN0572,BN9133,Customer Request
BC0000366,2026-08-05 12:41:15,E0020,A000580,BN0772,BN7464,Customer Request
BC0000367,2026-08-24 09:27:27,E0043,A002592,BN0723,BN7882,Customer Request
BC0000368,2026-09-12 13:00:00,E0002,A001332,BN0141,BN5208,Customer Request
BC0000369,2026-08-20 12:45:52,E0029,A004125,BN0636,BN7234,Customer Request
BC0000370,2026-09-24 11:04:25,E0085,A001931,BN0356,BN2985,Customer Request
BC0000371,2026-08-02 15:29:28,E0058,A000240,BN0140,BN7634,Customer Request
BC0000372,2026-08-09 12:52:36,E0060,A002519,BN0551,BN1636,Customer Request
BC0000373,2026-09-01 11:11:52,E0044,A000618,BN0113,BN6189,Customer Request
BC0000374,2026-08-17 10:24:38,E0067,A006052,BN0781,BN1503,Customer Request
BC0000375,2026-09-13 17:45:50,E0006,A005228,BN0030,BN3906,Customer Request
BC0000376,2026-08-07 09:33:42,E0049,A000686,BN0040,BN9977,Customer Request
BC0000377,2026-08-05 10:38:51,E0028,A003832,BN0986,BN7881,Customer Request
BC0000378,2026-08-06 14:33:32,E0091,A001842,BN0748,BN6188,Customer Request
BC0000379,2026-08-09 12:50:13,E0015,A002207,BN0210,BN4795,Customer Request
BC0000380,2026-09-19 16:28:46,E0029,A001378,BN0027,BN3555,Customer Request
BC0000381,2026-09-19 14:03:50,E0098,A003570,BN0936,BN4793,Customer Request
BC0000382,2026-09-23 09:25:13,E0076,A006123,BN0902,BN1762,Customer Request
BC0000383,2026-09-01 13:33:04,E0054,A003349,BN0990,BN3774,Customer Request
BC0000384,2026-09-02 09:40:27,E0096,A006776,BN0268,BN6976,Customer Request
BC0000385,2026-09-22 13:29:35,E0028,A005212,BN0747,BN4921,Customer Request
BC0000386,2026-08-02 13:19:34,E0057,A001904,BN0612,BN2833,Customer Request
BC0000387,2026-08-31 14:18:30,E0072,A001789,BN0322,BN8377,Customer Request
BC0000388,2026-08-23 12:35:10,E0045,A002470,BN0551,BN8078,Customer Request
BC0000389,2026-08-31 10:51:05,E0061,A006019,BN0289,BN7985,Customer Request
BC0000390,2026-09-24 09:37:42,E0033,A000778,BN0864,BN5707,Customer Request
BC0000391,2026-09-07 16:27:05,E0048,A004467,BN0097,BN1789,Customer Request
BC0000392,2026-08-23 10:44:42,E0035,A004758,BN0199,BN8716,Customer Request
BC0000393,2026-09-11 10:06:04,E0075,A000509,BN0939,BN3832,Customer Request
BC0000394,2026-09-20 13:38:46,E0008,A005531,BN0582,BN4050,Customer Request
BC0000395,2026-08-12 17:42:17,E0014,A000104,BN0770,BN4986,Customer Request
BC0000396,2026-08-29 17:25:37,E0033,A003934,BN0902,BN5693,Customer Request
BC0000397,2026-09-08 16:34:10,E0051,A004673,BN0544,BN5711,Customer Request
BC0000398,2026-08-27 15:31:01,E0049,A002217,BN0478,BN1414,Customer Request
BC0000399,2026-09-12 17:13:38,E0027,A001974,BN0993,BN7527,Customer Request
BC0000400,2026-08-01 13:17:06,E0032,A002133,BN0634,BN8979,Customer Request
BC0000401,2026-09-22 16:01:20,E0082,A003976,BN0831,BN7373,Customer Request
BC0000402,2026-09-02 13:12:49,E0042,A003056,BN0179,BN4340,Customer Request
BC0000403,2026-08-17 16:54:11,E0007,A003725,BN0323,BN9541,Customer Request
BC0000404,2026-09-11 14:58:00,E0060,A000732,BN0962,BN1537,Customer Request
BC0000405,2026-09-03 11:13:09,E0095,A003620,BN0565,BN7244,Customer Request
BC0000406,2026-09-11 15:35:23,E0057,A006566,BN0244,BN6594,Customer Request
BC0000407,2026-08-30 16:43:38,E0022,A002878,BN0651,BN4657,Customer Request
BC0000408,2026-08-22 11:27:50,E0067,A003264,BN0388,BN9326,Customer Request
BC0000409,2026-08-04 09:25:52,E0076,A005337,BN0100,BN3098,Customer Request
BC0000410,2026-08-08 09:10:36,E0038,A000103,BN0648,BN5738,Customer Request
BC0000411,2026-09-11 11:16:00,E0062,A000182,BN0050,BN9216,Customer Request
BC0000412,2026-08-13 14:19:52,E0057,A004980,BN0366,BN2598,Customer Request
BC0000413,2026-08-12 12:34:55,E0009,A000373,BN0921,BN6354,Customer Request
BC0000414,2026-09-16 15:07:01,E0099,A003626,BN0707,BN4647,Customer Request
BC0000415,2026-09-03 11:57:59,E0095,A003409,BN0508,BN7393,Customer Request
BC0000416,2026-08-15 16:52:00,E0010,A002102,BN0942,BN6539,Customer Request
BC0000417,2026-09-10 15:44:35,E0078,A006496,BN0115,BN7534,Customer Request
BC0000418,2026-08-09 13:21:33,E0060,A004327,BN0332,BN6334,Customer Request
BC0000419,2026-08-25 16:32:33,E0046,A002457,BN0890,BN3684,Customer Request
BC0000420,2026-09-18 15:08:16,E0010,A001357,BN0500,BN6190,Customer Request
BC0000421,2026-09-17 10:00:02,E0097,A006218,BN0267,BN6604,Customer Request
BC0000422,2026-08-21 14:14:59,E0074,A001371,BN0384,BN2323,Customer Request
BC0000423,2026-08-07 12:41:51,E0002,A000261,BN0748,BN1258,Customer Request
BC0000424,2026-09-07 11:14:59,E0045,A000248,BN0473,BN9715,Customer Request
BC0000425,2026-08-17 12:40:09,E0053,A002433,BN0408,BN9772,Customer Request
BC0000426,2026-09-07 15:19:50,E0053,A003865,BN0536,BN7443,Customer Request
BC0000427,2026-08-13 16:41:40,E0068,A005183,BN0315,BN7728,Customer Request
BC0000428,2026-08-06 12:27:31,E0015,A006176,BN0565,BN8490,Customer Request
BC0000429,2026-09-12 12:20:15,E0092,A000942,BN0549,BN1147,Customer Request
BC0000430,2026-09-05 14:01:56,E0024,A000399,BN0905,BN3281,Customer Request
BC0000431,2026-09-05 12:07:15,E0068,A001653,BN0820,BN2304,Customer Request
BC0000432,2026-09-18 14:45:03,E0020,A002751,BN0188,BN2547,Customer Request
BC0000433,2026-08-11 09:30:42,E0018,A004009,BN0726,BN9758,Customer Request
BC0000434,2026-09-18 14:24:16,E0066,A003692,BN0880,BN2465,Customer Request
BC0000435,2026-08-31 17:02:12,E0082,A002735,BN0210,BN8420,Customer Request
BC0000436,2026-08-22 15:40:22,E0040,A005887,BN0173,BN6560,Customer Request
BC0000437,2026-09-05 10:56:50,E0053,A003598,BN0259,BN9456,Customer Request
BC0000438,2026-09-25 11:40:21,E0014,A001086,BN0963,BN7005,Customer Request
BC0000439,2026-08-16 12:02:22,E0058,A000948,BN0075,BN1909,Customer Request
BC0000440,2026-09-22 16:38:53,E0079,A005241,BN0645,BN3412,Customer Request
BC0000441,2026-09-14 12:37:43,E0036,A002662,BN0667,BN1335,Customer Request
BC0000442,2026-09-24 11:57:54,E0037,A003200,BN0617,BN7495,Customer Request
BC0000443,2026-09-22 15:39:41,E0062,A002381,BN0822,BN7656,Customer Request
BC0000444,2026-08-14 14:07:16,E0095,A006952,BN0952,BN9515,Customer Request
BC0000445,2026-09-23 14:57:25,E0074,A003192,BN0016,BN3710,Customer Request
BC0000446,2026-08-13 12:16:54,E0062,A002147,BN0130,BN9988,Customer Request
BC0000447,2026-08-25 14:55:39,E0079,A000311,BN0686,BN5220,Customer Request
BC0000448,2026-08-21 11:02:32,E0009,A005264,BN0853,BN3198,Customer Request
BC0000449,2026-08-12 17:06:58,E0020,A003317,BN0868,BN4892,Customer Request
BC0000450,2026-09-16 12:24:48,E0018,A006888,BN0002,BN4947,Customer Request
BC0000451,2026-09-22 11:14:14,E0010,A005629,BN0844,BN9591,Customer Request
BC0000452,2026-09-11 16:08:38,E0069,A003356,BN0859,BN7133,Customer Request
BC0000453,2026-08-23 11:05:17,E0074,A006093,BN0532,BN8121,Customer Request
BC0000454,2026-08-29 10:16:54,E0010,A002026,BN0796,BN6401,Customer Request
BC0000455,2026-08-10 15:17:55,E0039,A006126,BN0620,BN2931,Customer Request
BC0000456,2026-08-13 13:27:17,E0003,A003519,BN0038,BN6497,Customer Request
BC0000457,2026-08-11 11:15:10,E0022,A005057,BN0711,BN2073,Customer Request
BC0000458,2026-08-10 09:59:41,E0049,A002799,BN0532,BN1474,Customer Request
BC0000459,2026-09-19 15:39:56,E0052,A005624,BN0225,BN5583,Customer Request
BC0000460,2026-09-23 09:56:37,E0066,A003375,BN0168,BN4695,Customer Request
BC0000461,2026-09-25 11:16:15,E0021,A000583,BN0311,BN9377,Customer Request
BC0000462,2026-09-04 09:28:44,E0004,A001418,BN0016,BN7645,Customer Request
BC0000463,2026-08-17 14:53:22,E0031,A005070,BN0470,BN7074,Customer Request
BC0000464,2026-09-07 12:30:03,E0042,A004006,BN0643,BN4137,Customer Request
BC0000465,2026-08-05 16:58:33,E0050,A006505,BN0200,BN8268,Customer Request
BC0000466,2026-09-08 14:21:05,E0094,A001720,BN0193,BN2468,Customer Request
BC0000467,2026-08-02 16:13:05,E0094,A002130,BN0816,BN6273,Customer Request
BC0000468,2026-09-20 09:34:17,E0035,A001147,BN0318,BN7309,Customer Request
BC0000469,2026-09-02 16:39:51,E0048,A000045,BN0006,BN9709,Customer Request
BC0000470,2026-09-13 16:19:13,E0077,A005002,BN0755,BN4898,Customer Request
BC0000471,2026-08-01 11:56:16,E0006,A000337,BN0313,BN2012,Customer Request
BC0000472,2026-09-06 10:47:48,E0006,A005869,BN0338,BN9268,Customer Request
BC0000473,2026-08-05 11:50:55,E0043,A005492,BN0678,BN7606,Customer Request
BC0000474,2026-09-06 13:34:45,E0016,A003049,BN0725,BN5461,Customer Request
BC0000475,2026-08-26 16:09:10,E0047,A004512,BN0234,BN9741,Customer Request
BC0000476,2026-09-22 09:32:38,E0097,A003901,BN0256,BN3749,Customer Request
BC0000477,2026-08-06 15:08:43,E0082,A006534,BN0237,BN1295,Customer Request
BC0000478,2026-08-16 12:13:19,E0073,A004537,BN0033,BN8546,Customer Request
BC0000479,2026-08-17 15:41:19,E0033,A002750,BN0478,BN6890,Customer Request
BC0000480,2026-09-24 14:29:44,E0038,A005954,BN0022,BN6090,Customer Request
BC0000481,2026-09-06 10:05:29,E0068,A005213,BN0443,BN6971,Customer Request
BC0000482,2026-08-14 15:55:22,E0045,A006350,BN0344,BN1556,Customer Request
BC0000483,2026-09-14 15:53:35,E0093,A004422,BN0404,BN4511,Customer Request
BC0000484,2026-08-14 11:33:21,E0036,A006734,BN0982,BN6551,Customer Request
BC0000485,2026-09-18 09:17:55,E0031,A003466,BN0625,BN4544,Customer Request
BC0000486,2026-09-12 11:41:57,E0067,A002968,BN0048,BN1021,Customer Request
BC0000487,2026-08-03 12:15:06,E0089,A004937,BN0819,BN1902,Customer Request
BC0000488,2026-09-07 10:36:36,E0012,A002427,BN0777,BN1672,Customer Request
BC0000489,2026-08-22 10:50:46,E0075,A006553,BN0076,BN8152,Customer Request
BC0000490,2026-09-05 16:18:49,E0039,A005651,BN0953,BN9727,Customer Request
BC0000491,2026-09-15 11:38:37,E0036,A003590,BN0777,BN9833,Customer Request
BC0000492,2026-08-01 13:32:46,E0054,A003017,BN0705,BN7404,Customer Request
BC0000493,2026-08-06 09:26:39,E0013,A004030,BN0356,BN8855,Customer Request
BC0000494,2026-08-01 09:39:43,E0019,A003493,BN0554,BN4766,Customer Request
BC0000495,2026-08-29 14:35:42,E0026,A004288,BN0164,BN9114,Customer Request
BC0000496,2026-09-22 15:05:50,E0045,A005991,BN0263,BN1811,Customer Request
BC0000497,2026-09-01 17:03:55,E0013,A001126,BN0790,BN3153,Customer Request
BC0000498,2026-09-16 12:37:28,E0065,A006845,BN0739,BN9955,Customer Request
BC0000499,2026-09-20 13:15:36,E0074,A005182,BN0076,BN8540,Customer Request
BC0000500,2026-08-30 15:19:18,E0053,A006844,BN0360,BN5180,Customer Request
BC0000501,2026-08-14 16:35:16,E0026,A003138,BN0271,BN3270,Customer Request
BC0000502,2026-09-11 17:04:38,E0032,A006048,BN0157,BN4948,Customer Request
BC0000503,2026-09-16 16:40:45,E0057,A006544,BN0511,BN8488,Customer Request
BC0000504,2026-09-20 14:02:56,E0062,A000885,BN0712,BN9873,Customer Request
BC0000505,2026-09-12 15:12:26,E0082,A005552,BN0847,BN3151,Customer Request
BC0000506,2026-09-23 13:02:47,E0032,A003495,BN0529,BN9536,Customer Request
BC0000507,2026-09-24 13:40:02,E0010,A004778,BN0912,BN7259,Customer Request
BC0000508,2026-09-12 11:58:46,E0022,A006555,BN0185,BN9671,Customer Request
BC0000509,2026-08-08 09:44:34,E0035,A000075,BN0398,BN5477,Customer Request
BC0000510,2026-08-20 15:40:11,E0016,A006649,BN0857,BN9463,Customer Request
BC0000511,2026-08-19 14:01:39,E0027,A005513,BN0720,BN5951,Customer Request
BC0000512,2026-08-21 09:56:08,E0013,A001146,BN0671,BN8975,Customer Request
BC0000513,2026-09-12 16:01:13,E0053,A003359,BN0346,BN1442,Customer Request
BC0000514,2026-08-12 11:42:33,E0026,A006306,BN0627,BN6178,Customer Request
BC0000515,2026-08-21 16:19:06,E0054,A006616,BN0248,BN4305,Customer Request
BC0000516,2026-09-07 11:32:35,E0039,A002000,BN0515,BN1272,Customer Request
BC0000517,2026-08-01 13:17:09,E0076,A004951,BN0860,BN3814,Customer Request
BC0000518,2026-08-05 15:06:12,E0040,A004727,BN0169,BN5998,Customer Request
BC0000519,2026-09-18 11:12:49,E0058,A002140,BN0594,BN4795,Customer Request
BC0000520,2026-09-19 16:29:34,E0063,A002567,BN0761,BN6793,Customer Request
BC0000521,2026-08-13 15:08:48,E0083,A002997,BN0145,BN7025,Customer Request
BC0000522,2026-08-02 16:55:53,E0080,A006650,BN0060,BN5618,Customer Request
BC0000523,2026-09-19 11:56:15,E0090,A004153,BN0133,BN2442,Customer Request
BC0000524,2026-09-19 10:20:36,E0034,A006545,BN0895,BN5333,Customer Request
BC0000525,2026-09-03 13:02:48,E0004,A006842,BN0332,BN7268,Customer Request
BC0000526,2026-09-10 15:16:59,E0012,A001548,BN0498,BN3207,Customer Request
BC0000527,2026-08-08 17:28:00,E0063,A004922,BN0896,BN9716,Customer Request
BC0000528,2026-09-15 12:32:34,E0065,A004745,BN0666,BN7230,Customer Request
BC0000529,2026-09-02 11:43:47,E0098,A000094,BN0392,BN4575,Customer Request
BC0000530,2026-09-25 12:28:39,E0096,A006873,BN0206,BN9195,Customer Request
BC0000531,2026-09-14 11:18:30,E0009,A001601,BN0247,BN2437,Customer Request
BC0000532,2026-09-08 10:49:31,E0064,A001149,BN0902,BN9695,Customer Request
BC0000533,2026-08-02 12:19:13,E0084,A002359,BN0948,BN1797,Customer Request
BC0000534,2026-08-02 13:06:35,E0088,A003680,BN0893,BN7232,Customer Request
BC0000535,2026-08-26 12:45:28,E0056,A004560,BN0108,BN8019,Customer Request
BC0000536,2026-09-05 17:30:08,E0099,A001044,BN0074,BN1496,Customer Request
BC0000537,2026-08-18 14:36:39,E0048,A004342,BN0037,BN6331,Customer Request
BC0000538,2026-08-29 12:10:25,E0062,A000233,BN0746,BN8193,Customer Request
BC0000539,2026-09-07 15:58:06,E0009,A005870,BN0113,BN7441,Customer Request
BC0000540,2026-08-18 16:58:07,E0029,A001193,BN0180,BN3090,Customer Request
BC0000541,2026-09-22 17:10:36,E0037,A003387,BN0303,BN2338,Customer Request
BC0000542,2026-09-06 17:08:09,E0003,A006070,BN0930,BN1914,Customer Request
BC0000543,2026-09-20 15:14:48,E0033,A000973,BN0633,BN9891,Customer Request
BC0000544,2026-08-08 14:07:10,E0069,A001408,BN0064,BN9965,Customer Request
BC0000545,2026-08-06 09:36:43,E0039,A004086,BN0734,BN4487,Customer Request
BC0000546,2026-09-19 10:27:07,E0082,A006881,BN0263,BN2836,Customer Request
BC0000547,2026-08-24 14:31:46,E0067,A006241,BN0562,BN9707,Customer Request
BC0000548,2026-08-01 14:10:32,E0009,A006136,BN0236,BN9377,Customer Request
BC0000549,2026-08-27 09:46:58,E0094,A002175,BN0135,BN7588,Customer Request
BC0000550,2026-08-18 11:25:20,E0086,A003318,BN0856,BN7233,Customer Request
BC0000551,2026-08-02 13:36:44,E0082,A000473,BN0906,BN2117,Customer Request
BC0000552,2026-09-10 16:35:19,E0071,A006122,BN0283,BN6485,Customer Request
BC0000553,2026-08-31 10:33:08,E0085,A001060,BN0072,BN2647,Customer Request
BC0000554,2026-09-06 14:32:35,E0087,A002276,BN0764,BN5192,Customer Request
BC0000555,2026-09-15 14:13:05,E0099,A001131,BN0944,BN2982,Customer Request
BC0000556,2026-09-03 14:23:55,E0031,A000088,BN0871,BN2534,Customer Request
BC0000557,2026-08-18 12:22:01,E0021,A004657,BN0761,BN4559,Customer Request
BC0000558,2026-09-03 17:40:10,E0035,A002458,BN0041,BN6139,Customer Request
BC0000559,2026-08-22 11:15:07,E0049,A006663,BN0478,BN8459,Customer Request
BC0000560,2026-09-10 09:55:40,E0030,A005520,BN0484,BN1176,Customer Request
BC0000561,2026-09-13 15:06:42,E0001,A006997,BN0894,BN7485,Customer Request
BC0000562,2026-09-10 10:59:20,E0075,A006530,BN0554,BN1950,Customer Request
BC0000563,2026-08-26 16:12:10,E0091,A006455,BN0808,BN8452,Customer Request
BC0000564,2026-09-15 16:23:59,E0055,A000915,BN0704,BN5102,Customer Request
BC0000565,2026-08-27 13:07:22,E0002,A003838,BN0067,BN6567,Customer Request
BC0000566,2026-08-10 16:18:40,E0041,A005188,BN0549,BN3912,Customer Request
BC0000567,2026-09-21 15:09:08,E0008,A005399,BN0396,BN1802,Customer Request
BC0000568,2026-08-09 17:15:36,E0061,A005002,BN0360,BN6823,Customer Request
BC0000569,2026-08-22 11:48:21,E0029,A004278,BN0454,BN4182,Customer Request
BC0000570,2026-09-04 14:41:25,E0022,A000952,BN0380,BN3974,Customer Request
BC0000571,2026-09-05 17:07:06,E0013,A005078,BN0008,BN3746,Customer Request
BC0000572,2026-09-18 11:52:18,E0071,A002682,BN0195,BN1984,Customer Request
BC0000573,2026-09-15 10:52:19,E0003,A002164,BN0174,BN3575,Customer Request
BC0000574,2026-09-13 10:49:02,E0036,A004598,BN0437,BN2283,Customer Request
BC0000575,2026-09-18 11:29:42,E0077,A000965,BN0669,BN3231,Customer Request
BC0000576,2026-09-03 15:01:18,E0088,A006672,BN0973,BN9037,Customer Request
BC0000577,2026-08-24 13:40:15,E0019,A001058,BN0241,BN9952,Customer Request
BC0000578,2026-08-30 17:04:50,E0053,A005032,BN0918,BN3459,Customer Request
BC0000579,2026-09-07 12:44:58,E0057,A001295,BN0001,BN3121,Customer Request
BC0000580,2026-08-06 11:00:38,E0057,A005595,BN0674,BN7758,Customer Request
BC0000581,2026-08-27 10:11:12,E0007,A006807,BN0424,BN6981,Customer Request
BC0000582,2026-09-05 16:30:58,E0081,A000633,BN0863,BN7966,Customer Request
BC0000583,2026-09-24 16:11:45,E0003,A006180,BN0983,BN7236,Customer Request
BC0000584,2026-09-18 15:16:45,E0051,A006364,BN0203,BN4179,Customer Request
BC0000585,2026-09-13 14:50:45,E0075,A001554,BN0922,BN3206,Customer Request
BC0000586,2026-08-01 12:28:24,E0020,A001206,BN0676,BN9414,Customer Request
BC0000587,2026-08-02 10:45:29,E0069,A006238,BN0424,BN2650,Customer Request
BC0000588,2026-08-24 14:40:59,E0001,A000260,BN0278,BN2104,Customer Request
BC0000589,2026-09-10 09:14:50,E0033,A006253,BN0340,BN4429,Customer Request
BC0000590,2026-08-27 16:03:06,E0089,A004726,BN0856,BN2526,Customer Request
BC0000591,2026-08-05 09:03:11,E0073,A001544,BN0492,BN4839,Customer Request
BC0000592,2026-08-07 12:14:39,E0042,A000816,BN0659,BN2846,Customer Request
BC0000593,2026-08-23 14:23:54,E0094,A003340,BN0501,BN9320,Customer Request
BC0000594,2026-08-30 17:02:34,E0003,A005075,BN0395,BN5095,Customer Request
BC0000595,2026-08-17 10:09:24,E0016,A003925,BN0598,BN2624,Customer Request
BC0000596,2026-09-24 10:58:36,E0096,A001651,BN0141,BN7744,Customer Request
BC0000597,2026-08-10 11:46:01,E0051,A003969,BN0428,BN1791,Customer Request
BC0000598,2026-08-12 17:14:25,E0083,A000691,BN0807,BN4120,Customer Request
BC0000599,2026-09-10 16:51:25,E0021,A004727,BN0524,BN1289,Customer Request
BC0000600,2026-08-10 14:50:36,E0073,A004450,BN0546,BN2667,Customer Request
BC0000601,2026-08-25 10:42:15,E0085,A005126,BN0708,BN7369,Customer Request
BC0000602,2026-09-24 15:26:28,E0082,A001757,BN0826,BN3984,Customer Request
BC0000603,2026-08-29 10:22:49,E0055,A001967,BN0038,BN5858,Customer Request
BC0000604,2026-09-18 10:13:45,E0041,A000648,BN0451,BN8083,Customer Request
BC0000605,2026-08-05 09:16:09,E0062,A002940,BN0421,BN4189,Customer Request
BC0000606,2026-09-11 14:51:11,E0035,A003368,BN0150,BN9437,Customer Request
BC0000607,2026-08-21 14:25:32,E0025,A003449,BN0788,BN4858,Customer Request
BC0000608,2026-09-06 09:43:40,E0040,A000309,BN0514,BN1935,Customer Request
BC0000609,2026-09-14 15:47:31,E0071,A001594,BN0617,BN4730,Customer Request
BC0000610,2026-08-11 09:55:48,E0086,A002313,BN0862,BN4938,Customer Request
BC0000611,2026-08-04 12:22:54,E0034,A005915,BN0577,BN5653,Customer Request
BC0000612,2026-08-17 09:54:49,E0036,A003691,BN0782,BN2011,Customer Request
BC0000613,2026-08-06 16:41:46,E0062,A006363,BN0418,BN2745,Customer Request
BC0000614,2026-08-24 09:56:20,E0038,A001519,BN0112,BN5656,Customer Request
BC0000615,2026-08-21 09:35:10,E0041,A002864,BN0332,BN1200,Customer Request
BC0000616,2026-09-23 15:28:29,E0069,A001410,BN0957,BN6369,Customer Request
BC0000617,2026-08-07 12:40:13,E0100,A001996,BN0947,BN5172,Customer Request
BC0000618,2026-08-25 09:37:10,E0074,A003471,BN0721,BN2661,Customer Request
BC0000619,2026-08-31 16:59:32,E0067,A002171,BN0895,BN8123,Customer Request
BC0000620,2026-08-03 12:51:56,E0012,A000484,BN0707,BN8732,Customer Request
BC0000621,2026-09-08 10:20:05,E0072,A003772,BN0494,BN3759,Customer Request
BC0000622,2026-08-17 10:20:00,E0088,A005291,BN0646,BN3645,Customer Request
BC0000623,2026-09-23 11:19:26,E0065,A001051,BN0101,BN2927,Customer Request
BC0000624,2026-09-20 10:46:04,E0025,A004123,BN0553,BN5345,Customer Request
BC0000625,2026-08-01 15:53:26,E0096,A004970,BN0181,BN9484,Customer Request
BC0000626,2026-09-25 15:21:29,E0028,A005724,BN0990,BN3008,Customer Request
BC0000627,2026-09-08 14:21:41,E0078,A001425,BN0434,BN2809,Customer Request
BC0000628,2026-08-12 14:16:16,E0070,A005034,BN0024,BN6800,Customer Request
BC0000629,2026-09-16 17:28:25,E0036,A000186,BN0209,BN8999,Customer Request
BC0000630,2026-09-17 14:21:41,E0001,A004290,BN0031,BN6513,Customer Request
BC0000631,2026-08-22 17:20:06,E0041,A002838,BN0522,BN4405,Customer Request
BC0000632,2026-08-12 16:45:16,E0033,A006631,BN0375,BN3548,Customer Request
BC0000633,2026-09-13 09:19:26,E0092,A005515,BN0604,BN9335,Customer Request
BC0000634,2026-09-05 17:38:56,E0018,A001636,BN0267,BN6781,Customer Request
BC0000635,2026-09-13 17:50:06,E0071,A003318,BN0997,BN5482,Customer Request
BC0000636,2026-08-30 17:29:08,E0067,A002380,BN0269,BN8536,Customer Request
BC0000637,2026-08-28 11:36:31,E0018,A001327,BN0551,BN3746,Customer Request
BC0000638,2026-09-11 12:02:47,E0023,A002612,BN0463,BN5018,Customer Request
BC0000639,2026-08-17 17:59:58,E0004,A005619,BN0406,BN4800,Customer Request
BC0000640,2026-09-25 13:36:19,E0047,A005572,BN0811,BN9373,Customer Request
BC0000641,2026-09-11 15:53:36,E0007,A000753,BN0889,BN6645,Customer Request
BC0000642,2026-09-21 10:06:16,E0089,A001040,BN0574,BN5945,Customer Request
BC0000643,2026-08-27 09:56:06,E0070,A005677,BN0595,BN9616,Customer Request
BC0000644,2026-08-30 09:12:34,E0009,A000215,BN0954,BN3157,Customer Request
BC0000645,2026-08-23 09:38:53,E0037,A004580,BN0128,BN8796,Customer Request
BC0000646,2026-09-09 13:03:57,E0070,A002869,BN0070,BN4955,Customer Request
BC0000647,2026-09-19 17:48:02,E0026,A005214,BN0798,BN1036,Customer Request
BC0000648,2026-08-18 15:32:31,E0013,A001124,BN0032,BN4177,Customer Request
BC0000649,2026-08-31 12:53:05,E0081,A005427,BN0841,BN1619,Customer Request
BC0000650,2026-08-24 16:05:18,E0027,A002608,BN0481,BN2686,Customer Request
BC0000651,2026-09-18 17:44:16,E0010,A005183,BN0121,BN1636,Customer Request
BC0000652,2026-08-03 16:09:38,E0079,A002873,BN0472,BN3057,Customer Request
BC0000653,2026-09-14 15:19:23,E0048,A003136,BN0640,BN6829,Customer Request
BC0000654,2026-08-23 09:49:31,E0011,A001770,BN0924,BN8090,Customer Request
BC0000655,2026-08-08 15:40:39,E0013,A002078,BN0975,BN7487,Customer Request
BC0000656,2026-08-31 09:30:03,E0003,A000891,BN0044,BN2617,Customer Request
BC0000657,2026-09-04 13:21:40,E0053,A003852,BN0366,BN1731,Customer Request
BC0000658,2026-09-14 15:51:20,E0075,A006694,BN0823,BN6812,Customer Request
BC0000659,2026-09-23 12:08:01,E0031,A002434,BN0247,BN7863,Customer Request
BC0000660,2026-08-17 09:12:27,E0005,A001623,BN0047,BN1396,Customer Request
BC0000661,2026-09-25 09:09:05,E0035,A001298,BN0213,BN4804,Customer Request
BC0000662,2026-09-04 12:45:54,E0018,A004333,BN0927,BN7861,Customer Request
BC0000663,2026-09-04 15:10:03,E0077,A005415,BN0339,BN2026,Customer Request
BC0000664,2026-08-21 16:38:14,E0034,A003778,BN0714,BN9776,Customer Request
BC0000665,2026-08-16 14:54:22,E0084,A001634,BN0803,BN7289,Customer Request
BC0000666,2026-09-03 10:29:33,E0026,A000815,BN0533,BN6904,Customer Request
BC0000667,2026-08-06 12:08:46,E0096,A005999,BN0394,BN6499,Customer Request
BC0000668,2026-09-21 11:54:34,E0008,A002622,BN0660,BN9518,Customer Request
BC0000669,2026-09-12 15:36:11,E0047,A003887,BN0856,BN8232,Customer Request
BC0000670,2026-09-17 15:46:25,E0023,A006718,BN0200,BN5467,Customer Request
BC0000671,2026-09-12 13:48:27,E0047,A005054,BN0372,BN1984,Customer Request
BC0000672,2026-09-24 09:58:36,E0069,A000288,BN0579,BN7276,Customer Request
BC0000673,2026-09-01 10:34:28,E0038,A003882,BN0039,BN4178,Customer Request
BC0000674,2026-09-01 11:31:25,E0049,A002544,BN0413,BN8055,Customer Request
BC0000675,2026-09-01 10:07:08,E0068,A000858,BN0451,BN3777,Customer Request
BC0000676,2026-09-05 12:36:34,E0091,A001305,BN0439,BN6208,Customer Request
BC0000677,2026-09-07 10:09:12,E0051,A005260,BN0275,BN8177,Customer Request
BC0000678,2026-09-21 14:22:55,E0073,A003613,BN0483,BN2335,Customer Request
BC0000679,2026-08-03 13:10:59,E0031,A000599,BN0455,BN2474,Customer Request
BC0000680,2026-08-21 12:33:43,E0059,A002225,BN0868,BN5064,Customer Request
BC0000681,2026-08-10 12:07:06,E0098,A003732,BN0785,BN5788,Customer Request
BC0000682,2026-08-11 09:04:14,E0039,A003165,BN0281,BN1147,Customer Request
BC0000683,2026-08-14 15:44:19,E0037,A005656,BN0890,BN3717,Customer Request
BC0000684,2026-08-06 16:05:42,E0021,A000729,BN0536,BN9675,Customer Request
BC0000685,2026-08-23 12:20:46,E0096,A005082,BN0337,BN8503,Customer Request
BC0000686,2026-08-26 16:29:52,E0042,A004547,BN0716,BN7435,Customer Request
BC0000687,2026-08-07 11:24:46,E0038,A004659,BN0540,BN9221,Customer Request
BC0000688,2026-08-12 12:41:57,E0081,A005903,BN0556,BN4976,Customer Request
BC0000689,2026-08-14 10:23:45,E0050,A006617,BN0894,BN6240,Customer Request
BC0000690,2026-08-04 13:55:24,E0004,A002238,BN0981,BN4941,Customer Request
BC0000691,2026-08-14 12:17:37,E0070,A001946,BN0163,BN7406,Customer Request
BC0000692,2026-09-23 16:27:33,E0043,A003006,BN0990,BN1826,Customer Request
BC0000693,2026-09-11 09:57:30,E0088,A004058,BN0325,BN3413,Customer Request
BC0000694,2026-08-03 15:24:52,E0082,A003178,BN0985,BN4920,Customer Request
BC0000695,2026-08-19 15:50:56,E0061,A006258,BN0015,BN8094,Customer Request
BC0000696,2026-08-08 12:11:38,E0089,A005683,BN0277,BN6654,Customer Request
BC0000697,2026-08-16 10:25:29,E0071,A005467,BN0961,BN9316,Customer Request
BC0000698,2026-09-24 12:47:41,E0086,A003100,BN0427,BN9833,Customer Request
BC0000699,2026-09-01 11:51:24,E0051,A005984,BN0079,BN3528,Customer Request
BC0000700,2026-09-11 16:46:24,E0032,A001528,BN0709,BN7164,Customer Request
BC0000701,2026-08-03 10:07:51,E0016,A001573,BN0445,BN4091,Customer Request
BC0000702,2026-09-10 13:05:40,E0008,A001816,BN0036,BN4057,Customer Request
BC0000703,2026-08-04 09:40:09,E0002,A005160,BN0264,BN9034,Customer Request
BC0000704,2026-09-02 10:18:19,E0031,A006678,BN0244,BN1636,Customer Request
BC0000705,2026-08-12 10:12:22,E0048,A000806,BN0788,BN7947,Customer Request
BC0000706,2026-09-25 16:58:33,E0042,A003963,BN0333,BN9158,Customer Request
BC0000707,2026-08-20 16:20:02,E0008,A004494,BN0039,BN6438,Customer Request
BC0000708,2026-09-22 11:24:13,E0056,A000120,BN0972,BN7530,Customer Request
BC0000709,2026-08-02 10:37:59,E0041,A005104,BN0181,BN2271,Customer Request
BC0000710,2026-09-03 12:15:19,E0052,A001533,BN0049,BN3828,Customer Request
BC0000711,2026-09-10 11:12:14,E0029,A005618,BN0686,BN8113,Customer Request
BC0000712,2026-08-12 12:41:12,E0019,A004558,BN0257,BN9586,Customer Request
BC0000713,2026-08-13 17:39:49,E0015,A003505,BN0900,BN5694,Customer Request
BC0000714,2026-08-24 11:04:26,E0024,A000573,BN0372,BN4799,Customer Request
BC0000715,2026-08-05 17:05:54,E0005,A003957,BN0777,BN7558,Customer Request
BC0000716,2026-08-24 16:03:45,E0020,A000502,BN0012,BN7091,Customer Request
BC0000717,2026-09-23 09:10:19,E0044,A006652,BN0710,BN5239,Customer Request
BC0000718,2026-08-31 16:43:53,E0093,A003532,BN0177,BN7260,Customer Request
BC0000719,2026-09-24 09:20:44,E0026,A003315,BN0935,BN6139,Customer Request
BC0000720,2026-08-12 15:29:00,E0078,A006697,BN0447,BN8842,Customer Request
BC0000721,2026-08-29 17:19:35,E0079,A006205,BN0262,BN7600,Customer Request
BC0000722,2026-08-05 16:11:27,E0058,A002585,BN0911,BN7892,Customer Request
BC0000723,2026-08-12 16:05:04,E0080,A001122,BN0698,BN8414,Customer Request
BC0000724,2026-09-23 14:33:52,E0058,A004432,BN0662,BN8615,Customer Request
BC0000725,2026-09-17 09:08:09,E0100,A000858,BN0569,BN7856,Customer Request
BC0000726,2026-08-13 09:27:47,E0060,A004672,BN0138,BN9061,Customer Request
BC0000727,2026-09-16 16:55:29,E0093,A000137,BN0887,BN2767,Customer Request
BC0000728,2026-08-23 10:58:37,E0061,A002001,BN0073,BN9513,Customer Request
BC0000729,2026-09-22 12:36:13,E0046,A006957,BN0612,BN1335,Customer Request
BC0000730,2026-09-16 15:54:55,E0096,A005372,BN0060,BN6803,Customer Request
BC0000731,2026-08-07 15:05:26,E0052,A002309,BN0087,BN4222,Customer Request
BC0000732,2026-09-15 16:16:46,E0077,A002805,BN0865,BN5368,Customer Request
BC0000733,2026-09-10 16:22:18,E0058,A002801,BN0632,BN1677,Customer Request
BC0000734,2026-08-10 16:29:05,E0070,A001445,BN0053,BN6139,Customer Request
BC0000735,2026-08-27 10:08:06,E0080,A003910,BN0298,BN6754,Customer Request
BC0000736,2026-08-13 13:05:24,E0088,A006615,BN0152,BN8511,Customer Request
BC0000737,2026-08-27 13:49:15,E0073,A001228,BN0893,BN6052,Customer Request
BC0000738,2026-08-15 13:58:34,E0004,A004838,BN0298,BN1433,Customer Request
BC0000739,2026-08-15 17:40:14,E0004,A003155,BN0865,BN9215,Customer Request
BC0000740,2026-08-03 10:42:41,E0034,A004231,BN0808,BN5510,Customer Request
BC0000741,2026-08-17 11:08:04,E0073,A002329,BN0582,BN8150,Customer Request
BC0000742,2026-08-07 09:17:19,E0045,A001146,BN0810,BN6177,Customer Request
BC0000743,2026-09-13 16:27:39,E0073,A006770,BN0258,BN4157,Customer Request
BC0000744,2026-09-11 10:29:43,E0035,A005043,BN0667,BN3614,Customer Request
BC0000745,2026-09-07 12:54:37,E0061,A001998,BN0123,BN3714,Customer Request
BC0000746,2026-09-20 09:36:36,E0038,A003596,BN0345,BN3435,Customer Request
BC0000747,2026-08-20 16:17:40,E0012,A000508,BN0333,BN7242,Customer Request
BC0000748,2026-09-19 15:39:54,E0054,A002449,BN0338,BN5411,Customer Request
BC0000749,2026-08-14 15:17:45,E0100,A004257,BN0445,BN6724,Customer Request
BC0000750,2026-09-12 12:50:18,E0084,A002416,BN0123,BN7629,Customer Request
BC0000751,2026-08-08 14:54:00,E0069,A003756,BN0759,BN4112,Customer Request
BC0000752,2026-08-24 15:54:46,E0051,A006336,BN0925,BN8707,Customer Request
BC0000753,2026-08-10 11:22:29,E0042,A004755,BN0606,BN5274,Customer Request
BC0000754,2026-09-23 11:17:58,E0028,A000906,BN0711,BN4568,Customer Request
BC0000755,2026-09-25 10:59:49,E0047,A006456,BN0274,BN1144,Customer Request
BC0000756,2026-08-06 10:49:03,E0088,A004980,BN0049,BN7497,Customer Request
BC0000757,2026-08-10 11:29:38,E0039,A004277,BN0612,BN2872,Customer Request
BC0000758,2026-08-23 13:59:00,E0063,A000234,BN0713,BN5501,Customer Request
BC0000759,2026-08-15 13:32:31,E0039,A001832,BN0174,BN7974,Customer Request
BC0000760,2026-09-01 12:42:54,E0061,A001786,BN0742,BN6425,Customer Request
BC0000761,2026-08-22 11:55:54,E0073,A003189,BN0824,BN4776,Customer Request
BC0000762,2026-08-11 17:20:25,E0003,A002132,BN0299,BN8555,Customer Request
BC0000763,2026-08-28 10:59:19,E0030,A003351,BN0670,BN9667,Customer Request
BC0000764,2026-09-13 17:26:28,E0080,A002996,BN0303,BN7768,Customer Request
BC0000765,2026-08-27 17:15:38,E0046,A006117,BN0559,BN5085,Customer Request
BC0000766,2026-08-17 14:21:08,E0020,A006181,BN0219,BN4955,Customer Request
BC0000767,2026-08-08 12:51:58,E0061,A000109,BN0728,BN5913,Customer Request
BC0000768,2026-09-01 10:11:02,E0092,A002976,BN0320,BN9133,Customer Request
BC0000769,2026-08-15 16:37:04,E0010,A003847,BN0073,BN3461,Customer Request
BC0000770,2026-08-29 16:13:44,E0050,A004658,BN0555,BN9298,Customer Request
BC0000771,2026-09-02 13:17:52,E0035,A006567,BN0001,BN5467,Customer Request
BC0000772,2026-09-01 14:58:17,E0004,A004423,BN0369,BN4277,Customer Request
BC0000773,2026-08-29 10:51:16,E0100,A000375,BN0377,BN9799,Customer Request
BC0000774,2026-08-05 15:19:34,E0038,A003682,BN0315,BN9957,Customer Request
BC0000775,2026-08-16 16:28:31,E0024,A002437,BN0410,BN9109,Customer Request
BC0000776,2026-08-09 13:29:57,E0080,A001781,BN0481,BN5555,Customer Request
BC0000777,2026-09-11 12:23:34,E0041,A004641,BN0775,BN8819,Customer Request
BC0000778,2026-08-22 13:55:38,E0002,A005025,BN0923,BN2766,Customer Request
BC0000779,2026-09-11 15:56:27,E0023,A002040,BN0274,BN4083,Customer Request
BC0000780,2026-08-16 11:17:10,E0031,A003971,BN0118,BN3024,Customer Request
BC0000781,2026-09-01 10:52:05,E0006,A000752,BN0811,BN6030,Customer Request
BC0000782,2026-08-05 13:15:41,E0093,A001824,BN0227,BN2795,Customer Request
BC0000783,2026-08-11 13:13:46,E0095,A002729,BN0070,BN4794,Customer Request
BC0000784,2026-08-02 15:46:21,E0078,A000879,BN0608,BN6266,Customer Request
BC0000785,2026-09-07 09:41:07,E0077,A005749,BN0542,BN5393,Customer Request
BC0000786,2026-09-20 11:37:52,E0063,A005011,BN0812,BN8892,Customer Request
BC0000787,2026-09-17 12:42:29,E0069,A003424,BN0005,BN2354,Customer Request
BC0000788,2026-09-05 10:42:26,E0061,A005762,BN0152,BN4139,Customer Request
BC0000789,2026-09-12 16:50:50,E0045,A003346,BN0799,BN3207,Customer Request
BC0000790,2026-08-28 17:29:45,E0029,A006586,BN0551,BN6718,Customer Request
BC0000791,2026-09-18 17:57:42,E0068,A005781,BN0223,BN1223,Customer Request
BC0000792,2026-08-26 09:21:00,E0073,A006719,BN0855,BN1173,Customer Request
BC0000793,2026-08-06 10:09:47,E0086,A002071,BN0412,BN9513,Customer Request
BC0000794,2026-09-07 17:55:06,E0062,A000697,BN0056,BN5130,Customer Request
BC0000795,2026-08-20 11:02:22,E0082,A003876,BN0040,BN4534,Customer Request
BC0000796,2026-08-17 10:36:47,E0036,A004643,BN0236,BN7097,Customer Request
BC0000797,2026-08-10 12:42:04,E0036,A002777,BN0093,BN2136,Customer Request
BC0000798,2026-08-23 13:53:13,E0050,A005734,BN0643,BN8946,Customer Request
BC0000799,2026-09-19 15:10:03,E0059,A003852,BN0956,BN2517,Customer Request
BC0000800,2026-08-17 14:53:23,E0088,A003443,BN0130,BN1718,Customer Request
BC0000801,2026-08-24 16:00:56,E0039,A002266,BN0605,BN4646,Customer Request
BC0000802,2026-08-28 13:32:07,E0057,A004910,BN0938,BN8314,Customer Request
BC0000803,2026-08-27 09:51:23,E0040,A002208,BN0742,BN5955,Customer Request
BC0000804,2026-09-14 12:50:55,E0044,A002381,BN0882,BN8730,Customer Request
BC0000805,2026-09-06 09:33:08,E0053,A002502,BN0251,BN1652,Customer Request
BC0000806,2026-09-06 13:56:44,E0029,A004057,BN0664,BN4632,Customer Request
BC0000807,2026-09-11 17:00:04,E0064,A001502,BN0650,BN9706,Customer Request
BC0000808,2026-08-26 12:26:51,E0092,A002699,BN0391,BN3864,Customer Request
BC0000809,2026-09-05 12:46:21,E0045,A003587,BN0638,BN4465,Customer Request
BC0000810,2026-08-07 10:01:20,E0080,A001099,BN0176,BN3491,Customer Request
BC0000811,2026-08-21 17:03:59,E0020,A001723,BN0097,BN5944,Customer Request
BC0000812,2026-08-26 09:57:44,E0010,A006698,BN0866,BN8782,Customer Request
BC0000813,2026-09-04 16:00:24,E0071,A000220,BN0294,BN5148,Customer Request
BC0000814,2026-09-12 12:08:33,E0053,A005055,BN0643,BN8027,Customer Request
BC0000815,2026-08-05 12:37:49,E0022,A001550,BN0491,BN8364,Customer Request
BC0000816,2026-08-25 13:16:37,E0060,A001075,BN0060,BN3136,Customer Request
BC0000817,2026-09-13 16:15:13,E0046,A000816,BN0538,BN4411,Customer Request
BC0000818,2026-09-20 10:07:55,E0006,A005112,BN0762,BN6778,Customer Request
BC0000819,2026-09-24 16:35:07,E0100,A004941,BN0797,BN5654,Customer Request
BC0000820,2026-09-09 17:54:14,E0054,A006295,BN0029,BN6842,Customer Request
BC0000821,2026-08-09 14:43:57,E0029,A004186,BN0410,BN9359,Customer Request
BC0000822,2026-09-21 14:22:27,E0004,A006898,BN0156,BN6815,Customer Request
BC0000823,2026-09-24 09:25:39,E0002,A006919,BN0309,BN6518,Customer Request
BC0000824,2026-08-01 12:06:39,E0087,A004731,BN0969,BN9823,Customer Request
BC0000825,2026-08-10 15:59:10,E0071,A002032,BN0739,BN9529,Customer Request
BC0000826,2026-09-24 14:58:46,E0005,A005940,BN0487,BN9356,Customer Request
BC0000827,2026-09-25 15:42:32,E0035,A000521,BN0190,BN8534,Customer Request
BC0000828,2026-08-23 14:56:34,E0049,A001739,BN0520,BN7474,Customer Request
BC0000829,2026-08-17 13:47:32,E0006,A006818,BN0453,BN3394,Customer Request
BC0000830,2026-08-25 10:33:46,E0071,A005520,BN0638,BN1118,Customer Request
BC0000831,2026-08-09 17:07:16,E0003,A006192,BN0608,BN4694,Customer Request
BC0000832,2026-08-19 16:16:49,E0019,A001239,BN0592,BN2656,Customer Request
BC0000833,2026-08-12 10:47:52,E0084,A000397,BN0675,BN1563,Customer Request
BC0000834,2026-08-16 13:15:45,E0044,A000627,BN0133,BN8978,Customer Request
BC0000835,2026-09-15 10:19:38,E0069,A003533,BN0169,BN8732,Customer Request
BC0000836,2026-08-30 13:27:47,E0001,A002922,BN0785,BN9596,Customer Request
BC0000837,2026-08-09 15:49:22,E0092,A003224,BN0360,BN1914,Customer Request
BC0000838,2026-09-16 17:09:06,E0011,A006778,BN0035,BN4959,Customer Request
BC0000839,2026-08-17 16:58:39,E0027,A004872,BN0632,BN3189,Customer Request
BC0000840,2026-08-20 13:23:39,E0032,A006413,BN0110,BN4156,Customer Request
BC0000841,2026-09-21 15:31:44,E0027,A002982,BN0195,BN4379,Customer Request
BC0000842,2026-08-09 11:21:01,E0020,A002551,BN0715,BN6639,Customer Request
BC0000843,2026-08-31 11:56:09,E0045,A001872,BN0255,BN5453,Customer Request
BC0000844,2026-09-16 14:10:15,E0067,A003745,BN0970,BN6828,Customer Request
BC0000845,2026-09-23 12:19:41,E0011,A004766,BN0785,BN3194,Customer Request
BC0000846,2026-08-24 17:27:22,E0029,A004806,BN0018,BN2975,Customer Request
BC0000847,2026-08-03 11:54:51,E0046,A006825,BN0408,BN8836,Customer Request
BC0000848,2026-09-22 17:34:11,E0017,A000383,BN0260,BN8808,Customer Request
BC0000849,2026-09-13 11:10:28,E0088,A006475,BN0418,BN6709,Customer Request
BC0000850,2026-08-25 16:41:31,E0038,A002259,BN0238,BN5737,Customer Request
BC0000851,2026-08-21 10:53:31,E0086,A004543,BN0191,BN6102,Customer Request
BC0000852,2026-09-19 10:32:19,E0089,A000992,BN0347,BN9986,Customer Request
BC0000853,2026-08-16 09:07:30,E0018,A003512,BN0875,BN8335,Customer Request
BC0000854,2026-08-22 09:30:57,E0055,A000699,BN0461,BN3703,Customer Request
BC0000855,2026-09-10 15:17:21,E0030,A000405,BN0768,BN8000,Customer Request
BC0000856,2026-09-01 16:00:19,E0051,A003655,BN0619,BN2481,Customer Request
BC0000857,2026-08-24 11:18:08,E0068,A005569,BN0222,BN5921,Customer Request
BC0000858,2026-09-13 12:03:14,E0004,A000140,BN0206,BN8000,Customer Request
BC0000859,2026-08-15 11:23:57,E0065,A003726,BN0127,BN8867,Customer Request
BC0000860,2026-08-28 13:02:58,E0013,A003819,BN0832,BN2972,Customer Request
BC0000861,2026-08-06 10:55:53,E0016,A002544,BN0373,BN6152,Customer Request
BC0000862,2026-08-12 17:12:42,E0023,A002547,BN0221,BN5660,Customer Request
BC0000863,2026-09-15 13:51:07,E0054,A002602,BN0250,BN1828,Customer Request
BC0000864,2026-08-21 13:17:22,E0091,A004737,BN0341,BN1961,Customer Request
BC0000865,2026-09-15 15:01:15,E0013,A000102,BN0376,BN2214,Customer Request
BC0000866,2026-08-22 09:38:51,E0053,A001624,BN0018,BN9607,Customer Request
BC0000867,2026-09-11 12:46:12,E0096,A002657,BN0990,BN1628,Customer Request
BC0000868,2026-08-19 17:09:34,E0062,A001234,BN0743,BN8969,Customer Request
BC0000869,2026-09-24 16:40:51,E0034,A002518,BN0535,BN6159,Customer Request
BC0000870,2026-08-26 15:10:40,E0081,A006647,BN0467,BN4908,Customer Request
BC0000871,2026-09-19 13:22:21,E0045,A004237,BN0707,BN8630,Customer Request
BC0000872,2026-08-09 13:10:23,E0030,A002623,BN0438,BN4948,Customer Request
BC0000873,2026-09-10 14:22:56,E0040,A000175,BN0319,BN2673,Customer Request
BC0000874,2026-08-16 10:02:51,E0055,A006369,BN0707,BN9492,Customer Request
BC0000875,2026-08-21 09:07:24,E0096,A003997,BN0750,BN3421,Customer Request
BC0000876,2026-08-25 14:44:55,E0059,A000408,BN0570,BN8151,Customer Request
BC0000877,2026-08-14 10:34:32,E0066,A005079,BN0260,BN7462,Customer Request
BC0000878,2026-09-17 17:12:47,E0045,A004411,BN0344,BN2553,Customer Request
BC0000879,2026-08-29 13:36:21,E0079,A005301,BN0642,BN3341,Customer Request
BC0000880,2026-09-05 17:52:08,E0073,A002666,BN0653,BN8275,Customer Request
BC0000881,2026-08-28 17:14:38,E0080,A001574,BN0577,BN2879,Customer Request
BC0000882,2026-08-02 12:00:14,E0039,A006832,BN0912,BN4322,Customer Request
BC0000883,2026-09-25 10:01:48,E0059,A002046,BN0124,BN9931,Customer Request
BC0000884,2026-09-15 14:49:33,E0061,A005551,BN0873,BN4940,Customer Request
BC0000885,2026-08-07 16:09:13,E0025,A001792,BN0715,BN2363,Customer Request
BC0000886,2026-08-13 14:51:17,E0035,A002837,BN0642,BN8603,Customer Request
BC0000887,2026-08-18 11:30:14,E0099,A000182,BN0064,BN7053,Customer Request
BC0000888,2026-09-13 15:33:37,E0045,A002993,BN0337,BN5383,Customer Request
BC0000889,2026-08-11 16:49:28,E0009,A001046,BN0554,BN3631,Customer Request
BC0000890,2026-09-13 14:32:52,E0013,A006467,BN0194,BN5748,Customer Request
BC0000891,2026-09-04 13:28:37,E0011,A002647,BN0758,BN8892,Customer Request
BC0000892,2026-08-17 13:29:10,E0003,A004530,BN0677,BN9983,Customer Request
BC0000893,2026-09-09 13:45:53,E0041,A000077,BN0371,BN3073,Customer Request
BC0000894,2026-08-26 10:57:56,E0059,A005758,BN0147,BN9911,Customer Request
BC0000895,2026-09-20 16:20:35,E0048,A004163,BN0469,BN2144,Customer Request
BC0000896,2026-08-08 13:22:47,E0029,A005278,BN0815,BN3107,Customer Request
BC0000897,2026-08-23 09:16:25,E0035,A006386,BN0956,BN3177,Customer Request
BC0000898,2026-09-25 12:02:03,E0036,A004875,BN0045,BN2026,Customer Request
BC0000899,2026-09-25 15:59:04,E0072,A000051,BN0319,BN5547,Customer Request
BC0000900,2026-08-15 16:57:30,E0052,A002116,BN0393,BN3081,Customer Request
BC0000901,2026-09-25 17:00:11,E0092,A000001,BN0301,BN7466,Customer Request
BC0000902,2026-08-21 17:20:55,E0013,A003328,BN0419,BN5850,Customer Request
BC0000903,2026-08-26 09:19:21,E0059,A004982,BN0884,BN4111,Customer Request
BC0000904,2026-09-08 12:37:42,E0060,A005952,BN0118,BN1993,Customer Request
BC0000905,2026-08-01 14:01:51,E0097,A003023,BN0030,BN6919,Customer Request
BC0000906,2026-08-25 10:42:55,E0015,A004842,BN0055,BN4939,Customer Request
BC0000907,2026-09-21 16:30:59,E0059,A003664,BN0572,BN8385,Customer Request
BC0000908,2026-08-28 14:31:41,E0021,A002033,BN0750,BN6890,Customer Request
BC0000909,2026-09-16 17:59:03,E0066,A000014,BN0169,BN9808,Customer Request
BC0000910,2026-08-24 16:18:13,E0098,A005168,BN0193,BN6319,Customer Request
BC0000911,2026-08-18 12:22:09,E0067,A002077,BN0213,BN9990,Customer Request
BC0000912,2026-08-19 16:57:24,E0096,A000059,BN0183,BN5821,Customer Request
BC0000913,2026-09-07 14:28:37,E0090,A002136,BN0491,BN9460,Customer Request
BC0000914,2026-09-06 15:23:16,E0065,A003118,BN0703,BN7578,Customer Request
BC0000915,2026-09-08 13:55:56,E0082,A004693,BN0497,BN4713,Customer Request
BC0000916,2026-09-08 10:09:47,E0073,A001245,BN0249,BN2384,Customer Request
BC0000917,2026-08-27 17:58:35,E0020,A003988,BN0604,BN4923,Customer Request
BC0000918,2026-08-23 14:27:18,E0061,A002471,BN0976,BN6629,Customer Request
BC0000919,2026-08-06 10:03:07,E0023,A006013,BN0239,BN7448,Customer Request
BC0000920,2026-09-05 10:44:32,E0030,A006206,BN0706,BN4801,Customer Request
BC0000921,2026-08-31 10:51:07,E0009,A003368,BN0011,BN9133,Customer Request
BC0000922,2026-09-03 16:19:48,E0037,A002387,BN0321,BN9078,Customer Request
BC0000923,2026-09-04 16:36:24,E0091,A001953,BN0084,BN7692,Customer Request
BC0000924,2026-09-02 15:46:42,E0005,A005543,BN0421,BN9446,Customer Request
BC0000925,2026-08-16 11:20:08,E0066,A002603,BN0535,BN7440,Customer Request
BC0000926,2026-08-04 14:25:52,E0021,A001022,BN0293,BN4483,Customer Request
BC0000927,2026-09-06 09:59:06,E0038,A005399,BN0708,BN3152,Customer Request
BC0000928,2026-08-14 14:05:28,E0022,A006982,BN0823,BN6509,Customer Request
BC0000929,2026-08-22 09:35:47,E0063,A002441,BN0102,BN9374,Customer Request
BC0000930,2026-09-17 12:13:26,E0091,A003153,BN0678,BN6091,Customer Request
BC0000931,2026-09-03 09:11:01,E0029,A005970,BN0503,BN6984,Customer Request
BC0000932,2026-09-16 14:21:12,E0008,A005589,BN0273,BN4697,Customer Request
BC0000933,2026-08-28 17:17:15,E0089,A006493,BN0068,BN4733,Customer Request
BC0000934,2026-09-17 10:14:54,E0077,A004179,BN0836,BN7442,Customer Request
BC0000935,2026-08-20 17:10:28,E0046,A000297,BN0136,BN2140,Customer Request
BC0000936,2026-08-22 11:24:33,E0018,A003338,BN0796,BN1644,Customer Request
BC0000937,2026-08-17 15:00:57,E0039,A006665,BN0787,BN7826,Customer Request
BC0000938,2026-09-18 15:14:21,E0032,A003493,BN0393,BN2701,Customer Request
BC0000939,2026-08-04 14:31:42,E0073,A002707,BN0971,BN8394,Customer Request
BC0000940,2026-08-11 09:11:00,E0097,A002915,BN0411,BN8508,Customer Request
BC0000941,2026-09-15 14:34:36,E0053,A002059,BN0461,BN4418,Customer Request
BC0000942,2026-08-24 11:30:02,E0070,A001162,BN0146,BN4325,Customer Request
BC0000943,2026-09-16 16:43:43,E0012,A001942,BN0057,BN5858,Customer Request
BC0000944,2026-09-05 17:19:29,E0049,A000735,BN0046,BN5874,Customer Request
BC0000945,2026-09-11 10:17:15,E0006,A004713,BN0672,BN1161,Customer Request
BC0000946,2026-09-13 14:27:36,E0049,A004699,BN0739,BN3283,Customer Request
BC0000947,2026-08-04 17:43:53,E0043,A004420,BN0509,BN9320,Customer Request
BC0000948,2026-08-03 13:01:31,E0027,A004910,BN0349,BN9855,Customer Request
BC0000949,2026-08-16 15:26:27,E0002,A004192,BN0175,BN3670,Customer Request
BC0000950,2026-09-22 10:23:34,E0003,A004894,BN0840,BN7722,Customer Request
BC0000951,2026-09-24 10:53:49,E0033,A006714,BN0232,BN4472,Customer Request
BC0000952,2026-08-05 17:36:11,E0031,A004825,BN0187,BN8097,Customer Request
BC0000953,2026-09-03 16:04:50,E0035,A006983,BN0939,BN9955,Customer Request
BC0000954,2026-08-24 15:14:26,E0085,A002806,BN0242,BN8393,Customer Request
BC0000955,2026-09-03 17:03:42,E0031,A003576,BN0448,BN1921,Customer Request
BC0000956,2026-08-15 17:25:33,E0059,A004784,BN0603,BN7451,Customer Request
BC0000957,2026-08-12 11:44:54,E0097,A006554,BN0337,BN5177,Customer Request
BC0000958,2026-08-11 15:46:21,E0082,A006098,BN0040,BN4454,Customer Request
BC0000959,2026-08-20 14:56:12,E0097,A002715,BN0710,BN5461,Customer Request
BC0000960,2026-09-20 15:41:26,E0046,A001025,BN0319,BN8377,Customer Request
BC0000961,2026-08-06 13:42:08,E0060,A006993,BN0920,BN8177,Customer Request
BC0000962,2026-08-06 13:23:35,E0081,A001381,BN0311,BN5900,Customer Request
BC0000963,2026-08-19 14:35:45,E0018,A005368,BN0499,BN8312,Customer Request
BC0000964,2026-08-18 17:07:42,E0084,A001293,BN0818,BN6148,Customer Request
BC0000965,2026-09-10 10:17:49,E0007,A003816,BN0095,BN6433,Customer Request
BC0000966,2026-08-14 11:46:27,E0023,A002493,BN0994,BN9104,Customer Request
BC0000967,2026-09-06 17:22:08,E0092,A001195,BN0158,BN6703,Customer Request
BC0000968,2026-09-13 12:13:10,E0081,A003775,BN0694,BN2823,Customer Request
BC0000969,2026-09-23 14:17:10,E0099,A003604,BN0591,BN9498,Customer Request
BC0000970,2026-08-05 13:57:26,E0055,A001010,BN0314,BN7506,Customer Request
BC0000971,2026-08-11 12:55:49,E0049,A001500,BN0664,BN1636,Customer Request
BC0000972,2026-08-20 12:40:14,E0038,A000242,BN0689,BN1881,Customer Request
BC0000973,2026-09-18 17:20:02,E0068,A005856,BN0014,BN3487,Customer Request
BC0000974,2026-08-10 15:05:55,E0061,A006836,BN0355,BN4302,Customer Request
BC0000975,2026-08-12 15:57:08,E0020,A001802,BN0158,BN9049,Customer Request
BC0000976,2026-09-18 13:38:31,E0061,A002098,BN0501,BN7306,Customer Request
BC0000977,2026-08-19 16:36:20,E0100,A005161,BN0104,BN8737,Customer Request
BC0000978,2026-08-10 11:01:31,E0088,A003947,BN0767,BN6110,Customer Request
BC0000979,2026-09-24 17:23:11,E0019,A000778,BN0635,BN1553,Customer Request
BC0000980,2026-09-07 12:49:00,E0073,A006100,BN0749,BN8349,Customer Request
BC0000981,2026-08-09 17:07:51,E0025,A003369,BN0999,BN1695,Customer Request
BC0000982,2026-08-03 12:55:22,E0033,A000861,BN0581,BN7071,Customer Request
BC0000983,2026-09-23 11:57:43,E0076,A006390,BN0375,BN3478,Customer Request
BC0000984,2026-09-18 09:01:21,E0100,A003025,BN0413,BN7889,Customer Request
BC0000985,2026-08-15 12:47:39,E0093,A006186,BN0934,BN5216,Customer Request
BC0000986,2026-08-17 09:22:18,E0076,A002970,BN0549,BN6763,Customer Request
BC0000987,2026-08-11 12:02:53,E0087,A002201,BN0377,BN1303,Customer Request
BC0000988,2026-08-31 13:18:18,E0051,A005585,BN0897,BN2825,Customer Request
BC0000989,2026-09-09 17:00:59,E0009,A001951,BN0371,BN3496,Customer Request
BC0000990,2026-09-25 11:34:02,E0070,A002273,BN0710,BN3228,Customer Request
BC0000991,2026-08-26 16:32:58,E0064,A000263,BN0226,BN2060,Customer Request
BC0000992,2026-08-29 12:46:22,E0021,A005045,BN0518,BN7281,Customer Request
BC0000993,2026-08-21 17:35:04,E0094,A001819,BN0231,BN7081,Customer Request
BC0000994,2026-09-23 12:07:00,E0095,A003208,BN0406,BN8344,Customer Request
BC0000995,2026-09-23 14:49:20,E0033,A000950,BN0022,BN5311,Customer Request
BC0000996,2026-08-08 14:01:37,E0100,A005922,BN0877,BN1015,Customer Request
BC0000997,2026-08-25 14:52:58,E0009,A003289,BN0674,BN7902,Customer Request
BC0000998,2026-09-23 10:46:20,E0063,A000893,BN0507,BN6802,Customer Request
BC0000999,2026-09-12 17:05:14,E0061,A001371,BN0041,BN5957,Customer Request
BC0001000,2026-08-14 09:00:43,E0017,A005848,BN0798,BN9524,Customer Request
BC0001001,2026-09-04 17:38:41,E0026,A001698,BN0249,BN3222,Customer Request
BC0001002,2026-09-13 17:44:39,E0016,A002029,BN0187,BN7374,Customer Request
BC0001003,2026-09-20 14:20:19,E0042,A001817,BN0386,BN2176,Customer Request
BC0001004,2026-08-02 17:42:39,E0057,A006450,BN0840,BN1422,Customer Request
BC0001005,2026-08-10 09:47:34,E0065,A001305,BN0099,BN9719,Customer Request
BC0001006,2026-08-16 14:45:52,E0087,A003540,BN0935,BN4545,Customer Request
BC0001007,2026-08-08 10:27:12,E0028,A003482,BN0812,BN4094,Customer Request
BC0001008,2026-08-09 11:16:46,E0038,A006762,BN0214,BN3795,Customer Request
BC0001009,2026-08-02 17:04:37,E0094,A001905,BN0051,BN1475,Customer Request
BC0001010,2026-09-01 17:21:24,E0055,A004554,BN0671,BN6203,Customer Request
BC0001011,2026-09-13 09:39:12,E0003,A005247,BN0947,BN9518,Customer Request
BC0001012,2026-09-07 14:39:45,E0041,A003646,BN0856,BN5634,Customer Request
BC0001013,2026-08-30 10:43:09,E0087,A003511,BN0534,BN6661,Customer Request
BC0001014,2026-09-04 13:08:09,E0007,A005549,BN0822,BN6961,Customer Request
BC0001015,2026-09-18 12:34:31,E0053,A006674,BN0829,BN5833,Customer Request
BC0001016,2026-09-21 13:54:36,E0034,A003380,BN0200,BN1968,Customer Request
BC0001017,2026-09-04 09:12:41,E0097,A002421,BN0638,BN3143,Customer Request
BC0001018,2026-08-14 13:47:55,E0041,A003859,BN0211,BN6153,Customer Request
BC0001019,2026-08-24 12:28:00,E0098,A002050,BN0548,BN3928,Customer Request
BC0001020,2026-08-04 09:32:22,E0066,A006591,BN0218,BN5739,Customer Request
BC0001021,2026-08-28 12:10:18,E0013,A002689,BN0347,BN1954,Customer Request
BC0001022,2026-08-25 11:13:27,E0023,A003801,BN0439,BN2416,Customer Request
BC0001023,2026-09-07 17:42:19,E0049,A006685,BN0236,BN3666,Customer Request
BC0001024,2026-08-11 09:36:52,E0045,A002662,BN0912,BN1599,Customer Request
BC0001025,2026-09-12 09:47:24,E0077,A005544,BN0828,BN9529,Customer Request
BC0001026,2026-08-15 14:38:52,E0014,A003266,BN0058,BN3193,Customer Request
BC0001027,2026-09-18 13:19:55,E0078,A006656,BN0574,BN2980,Customer Request
BC0001028,2026-09-16 12:00:59,E0039,A001054,BN0641,BN8911,Customer Request
BC0001029,2026-09-24 16:11:16,E0067,A000492,BN0393,BN6396,Customer Request
BC0001030,2026-09-15 13:45:58,E0078,A005351,BN0578,BN9810,Customer Request
BC0001031,2026-08-28 14:07:47,E0086,A006958,BN0466,BN2223,Customer Request
BC0001032,2026-09-08 16:19:30,E0011,A004655,BN0618,BN3074,Customer Request
BC0001033,2026-09-13 10:57:53,E0081,A005827,BN0979,BN3281,Customer Request
BC0001034,2026-09-13 12:13:41,E0072,A002832,BN0942,BN9465,Customer Request
BC0001035,2026-09-02 13:56:58,E0046,A004895,BN0272,BN6846,Customer Request
BC0001036,2026-08-14 15:45:43,E0012,A002888,BN0112,BN6324,Customer Request
BC0001037,2026-08-25 16:42:48,E0094,A002960,BN0522,BN9580,Customer Request
BC0001038,2026-08-05 13:48:50,E0083,A000117,BN0653,BN9326,Customer Request
BC0001039,2026-09-22 11:48:56,E0037,A000607,BN0273,BN6730,Customer Request
BC0001040,2026-08-17 11:45:19,E0013,A000214,BN0578,BN6174,Customer Request
BC0001041,2026-08-11 12:27:30,E0089,A006548,BN0185,BN8613,Customer Request
BC0001042,2026-09-16 13:59:22,E0047,A003347,BN0145,BN6610,Customer Request
BC0001043,2026-08-17 13:17:52,E0075,A004920,BN0675,BN9271,Customer Request
BC0001044,2026-09-12 17:57:21,E0057,A000179,BN0739,BN5074,Customer Request
BC0001045,2026-08-29 15:11:07,E0075,A004768,BN0626,BN8600,Customer Request
BC0001046,2026-09-05 13:41:44,E0081,A002840,BN0220,BN6443,Customer Request
BC0001047,2026-08-13 13:50:56,E0048,A001689,BN0795,BN4735,Customer Request
BC0001048,2026-09-17 16:42:35,E0016,A005427,BN0181,BN7929,Customer Request
BC0001049,2026-08-06 14:37:39,E0029,A003051,BN0903,BN1771,Customer Request
BC0001050,2026-08-11 15:18:43,E0093,A003684,BN0364,BN6541,Customer Request
BC0001051,2026-08-16 10:35:08,E0092,A004468,BN0180,BN4767,Customer Request
BC0001052,2026-09-22 14:09:30,E0070,A006413,BN0638,BN7197,Customer Request
BC0001053,2026-09-04 17:30:42,E0054,A001729,BN0780,BN6101,Customer Request
BC0001054,2026-08-04 15:16:19,E0060,A002628,BN0968,BN8727,Customer Request
BC0001055,2026-08-08 11:12:34,E0019,A001571,BN0872,BN3411,Customer Request
BC0001056,2026-08-25 13:57:22,E0100,A005011,BN0851,BN6073,Customer Request
BC0001057,2026-08-18 14:30:25,E0094,A004134,BN0343,BN7572,Customer Request
BC0001058,2026-09-01 16:54:00,E0011,A001492,BN0722,BN2290,Customer Request
BC0001059,2026-09-19 12:14:07,E0014,A006892,BN0659,BN2321,Customer Request
BC0001060,2026-09-17 14:04:54,E0070,A001758,BN0729,BN9442,Customer Request
BC0001061,2026-09-16 10:29:26,E0100,A002276,BN0452,BN9030,Customer Request
BC0001062,2026-09-25 09:12:38,E0093,A002554,BN0346,BN9906,Customer Request
BC0001063,2026-09-02 13:59:11,E0060,A003299,BN0945,BN7592,Customer Request
BC0001064,2026-08-06 17:30:36,E0064,A004220,BN0741,BN2572,Customer Request
BC0001065,2026-08-22 15:11:16,E0098,A005110,BN0004,BN2563,Customer Request
BC0001066,2026-08-19 09:14:20,E0080,A006967,BN0645,BN9030,Customer Request
BC0001067,2026-08-03 14:38:42,E0070,A006794,BN0838,BN7077,Customer Request
BC0001068,2026-08-23 16:25:09,E0077,A005462,BN0629,BN2657,Customer Request
BC0001069,2026-09-18 09:06:17,E0055,A004013,BN0265,BN1521,Customer Request
BC0001070,2026-09-08 14:33:10,E0043,A002080,BN0800,BN5723,Customer Request
BC0001071,2026-09-07 12:25:25,E0086,A003055,BN0003,BN7208,Customer Request
BC0001072,2026-08-28 16:33:59,E0090,A002097,BN0414,BN7623,Customer Request
BC0001073,2026-09-04 14:07:16,E0026,A006024,BN0631,BN1620,Customer Request
BC0001074,2026-09-15 14:42:20,E0082,A005946,BN0662,BN5139,Customer Request
BC0001075,2026-09-20 17:08:04,E0037,A002640,BN0478,BN2929,Customer Request
BC0001076,2026-09-07 09:17:35,E0087,A001007,BN0239,BN7516,Customer Request
BC0001077,2026-08-10 15:49:29,E0035,A004394,BN0404,BN7596,Customer Request
BC0001078,2026-09-10 13:22:57,E0030,A003750,BN0491,BN9699,Customer Request
BC0001079,2026-08-18 13:20:02,E0088,A005051,BN0194,BN6736,Customer Request
BC0001080,2026-08-23 17:04:08,E0043,A005158,BN0799,BN7090,Customer Request
BC0001081,2026-09-21 15:53:19,E0040,A001735,BN0281,BN4693,Customer Request
BC0001082,2026-09-20 10:33:57,E0061,A000211,BN0986,BN9359,Customer Request
BC0001083,2026-08-23 17:42:25,E0020,A003263,BN0245,BN9359,Customer Request
BC0001084,2026-09-11 10:30:43,E0010,A000427,BN0333,BN6413,Customer Request
BC0001085,2026-09-14 13:07:52,E0059,A003640,BN0817,BN8769,Customer Request
BC0001086,2026-08-22 14:46:35,E0037,A005045,BN0373,BN9120,Customer Request
BC0001087,2026-08-22 09:22:01,E0023,A005222,BN0676,BN5780,Customer Request
BC0001088,2026-08-10 15:42:01,E0040,A001908,BN0527,BN2860,Customer Request
BC0001089,2026-09-16 09:59:38,E0045,A005093,BN0842,BN7894,Customer Request
BC0001090,2026-08-22 17:08:25,E0059,A004462,BN0912,BN1980,Customer Request
BC0001091,2026-08-15 09:14:19,E0083,A001835,BN0139,BN9459,Customer Request
BC0001092,2026-09-15 11:05:57,E0091,A004922,BN0240,BN2031,Customer Request
BC0001093,2026-09-03 14:29:26,E0073,A006687,BN0430,BN5296,Customer Request
BC0001094,2026-09-05 09:32:47,E0084,A003128,BN0088,BN5341,Customer Request
BC0001095,2026-08-04 17:11:19,E0071,A001104,BN0016,BN3747,Customer Request
BC0001096,2026-08-15 10:30:22,E0024,A003669,BN0523,BN5179,Customer Request
BC0001097,2026-08-18 15:38:10,E0009,A004915,BN0952,BN9130,Customer Request
BC0001098,2026-08-31 11:38:15,E0055,A003337,BN0630,BN5055,Customer Request
BC0001099,2026-09-17 14:36:17,E0083,A003620,BN0524,BN8267,Customer Request
BC0001100,2026-08-06 12:29:28,E0039,A004015,BN0863,BN8958,Customer Request
BC0001101,2026-09-16 13:29:11,E0052,A006054,BN0198,BN5783,Customer Request
BC0001102,2026-09-15 16:15:57,E0064,A003746,BN0957,BN7477,Customer Request
BC0001103,2026-09-21 17:04:44,E0064,A001948,BN0390,BN4478,Customer Request
BC0001104,2026-09-08 10:16:50,E0010,A003133,BN0832,BN6085,Customer Request
BC0001105,2026-08-15 14:50:51,E0030,A004055,BN0369,BN3830,Customer Request
BC0001106,2026-09-11 10:31:31,E0087,A003149,BN0864,BN1826,Customer Request
BC0001107,2026-09-04 09:13:58,E0026,A005629,BN0541,BN2822,Customer Request
BC0001108,2026-08-05 12:01:46,E0043,A002740,BN0841,BN4574,Customer Request
BC0001109,2026-09-07 09:52:12,E0095,A004862,BN0103,BN6635,Customer Request
BC0001110,2026-09-04 17:45:54,E0063,A001401,BN0416,BN3713,Customer Request
BC0001111,2026-09-18 16:17:37,E0077,A001521,BN0829,BN4371,Customer Request
BC0001112,2026-08-17 09:40:39,E0040,A001788,BN0972,BN6942,Customer Request
BC0001113,2026-08-22 15:15:00,E0061,A001741,BN0629,BN8922,Customer Request
BC0001114,2026-09-17 10:12:55,E0080,A003857,BN0229,BN7239,Customer Request
BC0001115,2026-08-22 15:42:16,E0036,A002565,BN0881,BN6893,Customer Request
BC0001116,2026-09-16 09:20:45,E0091,A006796,BN0506,BN4042,Customer Request
BC0001117,2026-09-21 17:30:21,E0052,A001862,BN0345,BN1229,Customer Request
BC0001118,2026-08-30 17:33:29,E0084,A004817,BN0375,BN8770,Customer Request
BC0001119,2026-08-03 17:20:40,E0075,A003431,BN0452,BN9481,Customer Request
BC0001120,2026-09-03 14:33:49,E0060,A001648,BN0791,BN4417,Customer Request
BC0001121,2026-09-03 17:10:39,E0091,A000729,BN0605,BN2536,Customer Request
BC0001122,2026-08-27 12:16:26,E0001,A004873,BN0114,BN4191,Customer Request
BC0001123,2026-08-18 17:44:55,E0099,A003696,BN0364,BN6936,Customer Request
BC0001124,2026-08-25 10:25:04,E0079,A000662,BN0001,BN7122,Customer Request
BC0001125,2026-09-22 11:06:17,E0060,A004252,BN0711,BN9944,Customer Request
BC0001126,2026-08-31 12:32:12,E0038,A001981,BN0712,BN2795,Customer Request
BC0001127,2026-09-15 14:35:12,E0065,A001218,BN0720,BN5749,Customer Request
BC0001128,2026-09-23 16:47:10,E0064,A002512,BN0798,BN7944,Customer Request
BC0001129,2026-08-13 14:48:05,E0059,A000753,BN0672,BN9481,Customer Request
BC0001130,2026-09-22 16:54:56,E0083,A005731,BN0718,BN3093,Customer Request
BC0001131,2026-09-24 11:28:19,E0010,A004085,BN0567,BN4361,Customer Request
BC0001132,2026-08-25 11:09:28,E0048,A006266,BN0051,BN2596,Customer Request
BC0001133,2026-08-28 17:38:52,E0030,A000130,BN0055,BN1323,Customer Request
BC0001134,2026-09-03 12:14:05,E0042,A000992,BN0904,BN5928,Customer Request
BC0001135,2026-09-10 15:27:31,E0010,A000594,BN0131,BN5558,Customer Request
BC0001136,2026-08-29 10:48:17,E0097,A005528,BN0552,BN6765,Customer Request
BC0001137,2026-08-20 12:48:06,E0028,A002931,BN0178,BN9377,Customer Request
BC0001138,2026-09-18 11:15:17,E0044,A002887,BN0776,BN5560,Customer Request
BC0001139,2026-09-05 10:23:44,E0012,A005991,BN0185,BN5418,Customer Request
BC0001140,2026-09-03 15:03:20,E0053,A001701,BN0743,BN9292,Customer Request
BC0001141,2026-08-10 10:03:30,E0093,A001585,BN0648,BN3499,Customer Request
BC0001142,2026-08-02 10:53:39,E0023,A004328,BN0572,BN3533,Customer Request
BC0001143,2026-09-08 16:50:23,E0095,A000205,BN0094,BN8213,Customer Request
BC0001144,2026-08-06 14:30:01,E0075,A003666,BN0134,BN8864,Customer Request
BC0001145,2026-08-18 15:15:00,E0016,A003688,BN0337,BN7534,Customer Request
BC0001146,2026-09-25 15:28:41,E0049,A000111,BN0308,BN9163,Customer Request
BC0001147,2026-09-21 15:33:23,E0090,A000393,BN0699,BN9919,Customer Request
BC0001148,2026-08-27 17:16:50,E0092,A006750,BN0051,BN4070,Customer Request
BC0001149,2026-09-04 12:43:51,E0085,A002392,BN0121,BN7339,Customer Request
BC0001150,2026-08-30 12:11:36,E0064,A006789,BN0323,BN4807,Customer Request
BC0001151,2026-08-01 14:26:30,E0058,A001705,BN0336,BN5371,Customer Request
BC0001152,2026-08-18 11:22:50,E0067,A003725,BN0440,BN1209,Customer Request
BC0001153,2026-09-11 13:36:29,E0092,A005334,BN0388,BN4218,Customer Request
BC0001154,2026-09-07 16:12:56,E0079,A004697,BN0424,BN2670,Customer Request
BC0001155,2026-08-27 11:41:04,E0045,A003364,BN0431,BN4655,Customer Request
BC0001156,2026-09-13 17:12:16,E0049,A004677,BN0137,BN3816,Customer Request
BC0001157,2026-08-27 16:02:47,E0015,A004342,BN0859,BN3549,Customer Request
BC0001158,2026-08-31 10:31:18,E0100,A001028,BN0269,BN6381,Customer Request
BC0001159,2026-08-28 13:05:26,E0097,A006993,BN0497,BN8928,Customer Request
BC0001160,2026-09-22 17:57:47,E0070,A002778,BN0070,BN7192,Customer Request
BC0001161,2026-09-25 13:49:33,E0066,A005522,BN0527,BN7914,Customer Request
BC0001162,2026-09-15 12:27:12,E0007,A001401,BN0448,BN2342,Customer Request
BC0001163,2026-08-10 14:20:29,E0026,A006366,BN0684,BN5953,Customer Request
BC0001164,2026-09-23 15:25:56,E0069,A006728,BN0373,BN1109,Customer Request
BC0001165,2026-09-02 13:53:18,E0022,A000269,BN0105,BN5485,Customer Request
BC0001166,2026-09-03 09:48:41,E0005,A002152,BN0865,BN2978,Customer Request
BC0001167,2026-08-19 17:16:59,E0077,A006250,BN0060,BN1025,Customer Request
BC0001168,2026-08-10 11:36:18,E0070,A003369,BN0728,BN2799,Customer Request
BC0001169,2026-09-05 14:13:13,E0012,A006850,BN0275,BN8876,Customer Request
BC0001170,2026-09-07 10:12:20,E0080,A001025,BN0169,BN2438,Customer Request
BC0001171,2026-08-31 16:32:20,E0014,A001150,BN0698,BN6905,Customer Request
BC0001172,2026-09-10 14:53:38,E0018,A004498,BN0657,BN2729,Customer Request
BC0001173,2026-08-06 14:57:55,E0093,A005474,BN0305,BN4587,Customer Request
BC0001174,2026-08-28 16:02:05,E0046,A002830,BN0248,BN4342,Customer Request
BC0001175,2026-08-25 09:00:36,E0045,A003117,BN0002,BN8640,Customer Request
BC0001176,2026-09-16 14:14:43,E0065,A004651,BN0188,BN3087,Customer Request
BC0001177,2026-09-13 14:20:06,E0086,A002710,BN0232,BN2488,Customer Request
BC0001178,2026-09-10 10:20:15,E0096,A003632,BN0188,BN7425,Customer Request
BC0001179,2026-09-16 17:48:49,E0018,A002232,BN0671,BN9104,Customer Request
BC0001180,2026-09-18 09:59:33,E0023,A006677,BN0413,BN2374,Customer Request
BC0001181,2026-09-25 13:53:04,E0100,A005739,BN0689,BN2953,Customer Request
BC0001182,2026-09-22 09:09:03,E0030,A006712,BN0466,BN6343,Customer Request
BC0001183,2026-09-20 15:38:40,E0034,A004942,BN0909,BN2664,Customer Request
BC0001184,2026-09-17 10:14:53,E0091,A003071,BN0934,BN2190,Customer Request
BC0001185,2026-09-18 14:11:34,E0091,A002965,BN0019,BN9951,Customer Request
BC0001186,2026-08-07 10:41:27,E0078,A000391,BN0429,BN5583,Customer Request
BC0001187,2026-09-13 13:16:49,E0081,A004437,BN0495,BN5215,Customer Request
BC0001188,2026-09-02 15:24:16,E0021,A003990,BN0965,BN8553,Customer Request
BC0001189,2026-09-06 13:57:09,E0037,A000274,BN0664,BN5664,Customer Request
BC0001190,2026-09-10 16:24:08,E0075,A000023,BN0278,BN7717,Customer Request
BC0001191,2026-08-21 16:39:00,E0027,A002319,BN0207,BN9587,Customer Request
BC0001192,2026-08-14 10:19:10,E0095,A002930,BN0778,BN3531,Customer Request
BC0001193,2026-09-13 14:55:30,E0050,A006934,BN0964,BN5152,Customer Request
BC0001194,2026-08-19 12:34:55,E0077,A004770,BN0404,BN8215,Customer Request
BC0001195,2026-09-13 11:26:46,E0001,A004334,BN0037,BN9086,Customer Request
BC0001196,2026-08-22 14:11:04,E0053,A006563,BN0766,BN7268,Customer Request
BC0001197,2026-09-22 17:51:54,E0094,A000995,BN0259,BN7304,Customer Request
BC0001198,2026-09-14 14:21:36,E0090,A000792,BN0356,BN7333,Customer Request
BC0001199,2026-09-18 13:44:34,E0054,A000244,BN0590,BN7111,Customer Request
BC0001200,2026-08-02 15:35:10,E0093,A006430,BN0595,BN7050,Customer Request
BC0001201,2026-08-15 13:21:27,E0060,A001313,BN0585,BN3311,Customer Request
BC0001202,2026-09-18 12:37:00,E0083,A005665,BN0446,BN3845,Customer Request
BC0001203,2026-09-15 11:37:24,E0096,A004568,BN0799,BN3146,Customer Request
BC0001204,2026-08-22 09:59:50,E0066,A006663,BN0005,BN7415,Customer Request
BC0001205,2026-08-17 13:57:05,E0043,A006172,BN0797,BN9680,Customer Request
BC0001206,2026-08-26 16:32:06,E0057,A002282,BN0902,BN6597,Customer Request
BC0001207,2026-08-10 09:29:20,E0018,A001693,BN0124,BN9903,Customer Request
BC0001208,2026-08-03 15:25:43,E0009,A003910,BN0374,BN5278,Customer Request
BC0001209,2026-08-28 13:46:19,E0017,A002313,BN0104,BN9244,Customer Request
BC0001210,2026-09-07 09:07:12,E0007,A003590,BN0793,BN2568,Customer Request
BC0001211,2026-09-23 12:46:32,E0066,A002993,BN0932,BN9300,Customer Request
BC0001212,2026-09-10 17:26:36,E0092,A003038,BN0227,BN7483,Customer Request
BC0001213,2026-08-07 15:55:09,E0049,A005005,BN0429,BN7001,Customer Request
BC0001214,2026-09-16 15:05:57,E0058,A006448,BN0036,BN2387,Customer Request
BC0001215,2026-08-04 10:28:51,E0008,A005066,BN0215,BN3602,Customer Request
BC0001216,2026-08-15 11:48:03,E0096,A005053,BN0652,BN8366,Customer Request
BC0001217,2026-08-21 17:25:49,E0085,A005652,BN0284,BN2173,Customer Request
BC0001218,2026-09-17 14:53:27,E0045,A002258,BN0167,BN5891,Customer Request
BC0001219,2026-08-29 11:32:24,E0053,A000965,BN0335,BN4599,Customer Request
BC0001220,2026-08-22 14:49:30,E0009,A001826,BN0811,BN7167,Customer Request
BC0001221,2026-08-02 15:48:17,E0027,A003536,BN0275,BN6644,Customer Request
BC0001222,2026-08-30 13:00:12,E0058,A002003,BN0905,BN6749,Customer Request
BC0001223,2026-09-22 17:48:46,E0032,A006066,BN0071,BN4615,Customer Request
BC0001224,2026-08-11 14:22:52,E0097,A003052,BN0887,BN4538,Customer Request
BC0001225,2026-09-25 16:34:50,E0025,A006440,BN0695,BN4643,Customer Request
BC0001226,2026-09-23 09:52:25,E0072,A004627,BN0199,BN3688,Customer Request
BC0001227,2026-09-10 16:48:15,E0002,A003946,BN0353,BN9457,Customer Request
BC0001228,2026-08-25 09:26:27,E0068,A004581,BN0272,BN3033,Customer Request
BC0001229,2026-09-20 10:46:08,E0051,A005004,BN0319,BN8115,Customer Request
BC0001230,2026-09-13 09:39:59,E0094,A005535,BN0657,BN4566,Customer Request
BC0001231,2026-08-14 17:39:52,E0009,A005756,BN0532,BN5871,Customer Request
BC0001232,2026-09-05 16:38:25,E0001,A006321,BN0465,BN6525,Customer Request
BC0001233,2026-08-23 14:25:20,E0040,A005777,BN0307,BN1395,Customer Request
BC0001234,2026-09-18 09:21:13,E0006,A006457,BN0755,BN4295,Customer Request
BC0001235,2026-09-20 10:12:39,E0070,A004288,BN0737,BN1541,Customer Request
BC0001236,2026-08-18 12:21:43,E0028,A002572,BN0923,BN9234,Customer Request
BC0001237,2026-08-28 16:37:04,E0016,A004457,BN0974,BN9194,Customer Request
BC0001238,2026-09-05 13:17:41,E0069,A001441,BN0625,BN3209,Customer Request
BC0001239,2026-08-27 16:17:43,E0092,A003955,BN0848,BN3089,Customer Request
BC0001240,2026-08-03 16:43:56,E0088,A000177,BN0667,BN3423,Customer Request
BC0001241,2026-08-09 09:14:31,E0048,A005176,BN0779,BN6974,Customer Request
BC0001242,2026-09-21 17:55:52,E0066,A003180,BN0942,BN6949,Customer Request
BC0001243,2026-09-18 11:01:21,E0009,A002077,BN0502,BN8333,Customer Request
BC0001244,2026-08-24 09:49:44,E0070,A005150,BN0027,BN5221,Customer Request
BC0001245,2026-08-28 12:14:17,E0068,A002847,BN0859,BN6865,Customer Request
BC0001246,2026-08-02 13:16:19,E0048,A003812,BN0447,BN4798,Customer Request
BC0001247,2026-08-13 16:36:49,E0085,A006806,BN0634,BN3750,Customer Request
BC0001248,2026-09-05 15:42:42,E0099,A006987,BN0722,BN9868,Customer Request
BC0001249,2026-08-02 17:19:20,E0092,A006575,BN0288,BN7385,Customer Request
BC0001250,2026-09-14 15:30:06,E0015,A001657,BN0561,BN6053,Customer Request
BC0001251,2026-09-16 13:01:00,E0025,A006473,BN0884,BN2860,Customer Request
BC0001252,2026-08-08 09:32:54,E0089,A006779,BN0075,BN8641,Customer Request
BC0001253,2026-08-18 10:06:39,E0033,A000775,BN0489,BN1393,Customer Request
BC0001254,2026-09-04 11:52:36,E0050,A001872,BN0762,BN7432,Customer Request
BC0001255,2026-09-12 15:41:17,E0060,A000133,BN0853,BN9702,Customer Request
BC0001256,2026-09-11 09:08:53,E0030,A004310,BN0282,BN7165,Customer Request
BC0001257,2026-08-08 11:14:57,E0028,A005800,BN0605,BN6061,Customer Request
BC0001258,2026-08-26 16:40:57,E0022,A004024,BN0761,BN9576,Customer Request
BC0001259,2026-08-17 13:51:54,E0011,A001214,BN0299,BN9359,Customer Request
BC0001260,2026-08-04 13:31:29,E0029,A001378,BN0143,BN2874,Customer Request
BC0001261,2026-08-07 09:21:01,E0097,A006730,BN0476,BN1009,Customer Request
BC0001262,2026-08-06 10:43:21,E0009,A003144,BN0830,BN7863,Customer Request
BC0001263,2026-08-03 10:36:44,E0005,A000882,BN0314,BN8522,Customer Request
BC0001264,2026-09-21 16:09:45,E0096,A001473,BN0758,BN2003,Customer Request
BC0001265,2026-08-09 10:22:48,E0001,A003817,BN0187,BN1717,Customer Request
BC0001266,2026-08-30 11:03:31,E0018,A000028,BN0435,BN5609,Customer Request
BC0001267,2026-09-09 09:36:55,E0023,A005281,BN0150,BN1794,Customer Request
BC0001268,2026-08-27 13:36:49,E0054,A003703,BN0650,BN4176,Customer Request
BC0001269,2026-08-30 10:00:44,E0074,A005974,BN0588,BN5373,Customer Request
BC0001270,2026-09-15 16:32:42,E0005,A003532,BN0890,BN7895,Customer Request
BC0001271,2026-08-10 11:16:11,E0047,A005936,BN0304,BN5133,Customer Request
BC0001272,2026-08-03 17:33:14,E0084,A003604,BN0385,BN2675,Customer Request
BC0001273,2026-09-09 14:19:42,E0027,A001140,BN0147,BN5402,Customer Request
BC0001274,2026-08-12 11:19:27,E0085,A002783,BN0947,BN5237,Customer Request
BC0001275,2026-08-18 11:51:09,E0027,A002943,BN0090,BN5696,Customer Request
BC0001276,2026-09-12 13:47:50,E0088,A006608,BN0820,BN4157,Customer Request
BC0001277,2026-09-11 12:19:26,E0063,A002880,BN0592,BN4587,Customer Request
BC0001278,2026-08-17 15:30:18,E0078,A005009,BN0594,BN9837,Customer Request
BC0001279,2026-08-16 17:29:16,E0035,A002106,BN0442,BN4214,Customer Request
BC0001280,2026-08-14 13:51:20,E0036,A003712,BN0317,BN8308,Customer Request
BC0001281,2026-09-05 10:19:27,E0099,A006601,BN0366,BN6548,Customer Request
BC0001282,2026-08-25 16:48:04,E0081,A000579,BN0194,BN3562,Customer Request
BC0001283,2026-09-14 09:41:19,E0028,A006285,BN0825,BN4586,Customer Request
BC0001284,2026-09-13 13:59:25,E0069,A002602,BN0978,BN6384,Customer Request
BC0001285,2026-08-10 16:07:00,E0068,A002728,BN0814,BN3735,Customer Request
BC0001286,2026-09-06 14:23:24,E0088,A005720,BN0265,BN7684,Customer Request
BC0001287,2026-08-03 16:37:55,E0068,A005415,BN0124,BN8599,Customer Request
BC0001288,2026-08-01 11:38:07,E0044,A000803,BN0452,BN6404,Customer Request
BC0001289,2026-09-13 11:13:45,E0057,A005709,BN0657,BN5023,Customer Request
BC0001290,2026-08-24 09:35:07,E0044,A005487,BN0361,BN6405,Customer Request
BC0001291,2026-09-21 09:52:06,E0063,A002267,BN0821,BN8055,Customer Request
BC0001292,2026-09-12 17:33:05,E0005,A003618,BN0842,BN8737,Customer Request
BC0001293,2026-09-25 11:16:58,E0053,A001771,BN0288,BN7683,Customer Request
BC0001294,2026-09-16 15:01:26,E0035,A001728,BN0775,BN2006,Customer Request
BC0001295,2026-08-30 09:06:02,E0074,A001575,BN0294,BN1278,Customer Request
BC0001296,2026-09-12 12:38:35,E0030,A003699,BN0674,BN1654,Customer Request
BC0001297,2026-08-28 11:15:48,E0088,A001759,BN0955,BN7795,Customer Request
BC0001298,2026-08-19 12:11:17,E0100,A004421,BN0474,BN4595,Customer Request
BC0001299,2026-09-11 15:20:29,E0065,A005292,BN0951,BN5317,Customer Request
BC0001300,2026-08-07 11:58:49,E0055,A005932,BN0358,BN9962,Customer Request
BC0001301,2026-09-23 15:30:48,E0012,A006602,BN0254,BN3901,Customer Request
BC0001302,2026-08-19 13:03:27,E0075,A001907,BN0268,BN3890,Customer Request
BC0001303,2026-08-30 11:01:30,E0038,A002171,BN0949,BN9208,Customer Request
BC0001304,2026-08-25 13:39:40,E0099,A004795,BN0373,BN7508,Customer Request
BC0001305,2026-09-01 09:45:16,E0027,A006424,BN0665,BN7858,Customer Request
BC0001306,2026-08-16 12:45:15,E0002,A005448,BN0259,BN7973,Customer Request
BC0001307,2026-09-15 17:58:17,E0060,A000782,BN0651,BN9900,Customer Request
BC0001308,2026-09-23 15:30:51,E0058,A004521,BN0221,BN8835,Customer Request
BC0001309,2026-08-10 11:53:56,E0003,A001049,BN0946,BN8245,Customer Request
BC0001310,2026-09-16 13:41:14,E0005,A005649,BN0844,BN1063,Customer Request
BC0001311,2026-09-21 14:09:07,E0051,A002730,BN0132,BN7060,Customer Request
BC0001312,2026-09-03 13:32:24,E0051,A003261,BN0903,BN8281,Customer Request
BC0001313,2026-09-12 14:45:42,E0081,A005176,BN0238,BN4964,Customer Request
BC0001314,2026-09-13 09:52:51,E0024,A003367,BN0048,BN7606,Customer Request
BC0001315,2026-08-04 15:43:43,E0065,A000593,BN0929,BN4622,Customer Request
BC0001316,2026-09-25 14:10:50,E0084,A004507,BN0130,BN3207,Customer Request
BC0001317,2026-08-11 16:34:25,E0089,A002226,BN0391,BN3438,Customer Request
BC0001318,2026-09-13 13:30:48,E0018,A002617,BN0956,BN7558,Customer Request
BC0001319,2026-08-19 12:09:56,E0048,A002061,BN0784,BN2552,Customer Request
BC0001320,2026-08-04 16:00:48,E0072,A000625,BN0390,BN4012,Customer Request
BC0001321,2026-08-04 14:59:46,E0005,A002001,BN0674,BN2793,Customer Request
BC0001322,2026-09-06 09:07:19,E0054,A000048,BN0063,BN6815,Customer Request
BC0001323,2026-08-10 10:07:46,E0050,A000986,BN0788,BN6430,Customer Request
BC0001324,2026-08-26 16:26:55,E0072,A000871,BN0575,BN7880,Customer Request
BC0001325,2026-09-03 16:01:55,E0070,A001972,BN0123,BN5647,Customer Request
BC0001326,2026-09-04 14:06:19,E0028,A000395,BN0626,BN3844,Customer Request
BC0001327,2026-09-23 16:01:42,E0027,A003915,BN0125,BN4265,Customer Request
BC0001328,2026-09-21 17:31:25,E0054,A001554,BN0985,BN1458,Customer Request
BC0001329,2026-08-22 14:26:08,E0041,A003053,BN0003,BN4227,Customer Request
BC0001330,2026-09-09 14:38:55,E0042,A004964,BN0219,BN5466,Customer Request
BC0001331,2026-09-15 15:55:07,E0025,A003571,BN0681,BN3171,Customer Request
BC0001332,2026-09-17 15:25:44,E0010,A005460,BN0910,BN4600,Customer Request
BC0001333,2026-08-09 14:02:10,E0005,A005764,BN0080,BN8461,Customer Request
BC0001334,2026-08-23 17:26:03,E0061,A002867,BN0258,BN6881,Customer Request
BC0001335,2026-08-16 17:19:11,E0094,A004713,BN0391,BN8465,Customer Request
BC0001336,2026-08-14 15:53:39,E0089,A005991,BN0043,BN5157,Customer Request
BC0001337,2026-08-02 09:13:45,E0053,A005781,BN0057,BN2385,Customer Request
BC0001338,2026-09-24 14:08:22,E0020,A003753,BN0477,BN7008,Customer Request
BC0001339,2026-09-08 11:44:05,E0095,A003966,BN0706,BN9745,Customer Request
BC0001340,2026-09-06 11:03:55,E0060,A004952,BN0791,BN8635,Customer Request
BC0001341,2026-08-09 12:36:57,E0007,A003483,BN0867,BN8593,Customer Request
BC0001342,2026-09-12 17:47:28,E0097,A000825,BN0442,BN5038,Customer Request
BC0001343,2026-09-04 10:48:52,E0017,A001995,BN0762,BN8172,Customer Request
BC0001344,2026-09-25 16:43:08,E0002,A001094,BN0220,BN5643,Customer Request
BC0001345,2026-09-04 15:48:27,E0014,A001939,BN0459,BN3172,Customer Request
BC0001346,2026-08-24 15:01:41,E0022,A001557,BN0649,BN3301,Customer Request
BC0001347,2026-08-28 09:20:24,E0042,A002068,BN0051,BN4919,Customer Request
BC0001348,2026-08-11 16:59:44,E0027,A002659,BN0012,BN4659,Customer Request
BC0001349,2026-08-16 11:50:31,E0010,A003397,BN0275,BN1924,Customer Request
BC0001350,2026-08-25 13:05:22,E0019,A003558,BN0281,BN5312,Customer Request
BC0001351,2026-08-26 15:20:14,E0017,A006667,BN0323,BN6892,Customer Request
BC0001352,2026-08-25 12:52:18,E0034,A000273,BN0508,BN1855,Customer Request
BC0001353,2026-08-15 10:06:20,E0090,A002344,BN0452,BN8552,Customer Request
BC0001354,2026-09-22 10:30:26,E0060,A003025,BN0117,BN2976,Customer Request
BC0001355,2026-09-09 14:30:49,E0081,A003381,BN0398,BN5291,Customer Request
BC0001356,2026-09-14 16:47:50,E0092,A003292,BN0326,BN2092,Customer Request
BC0001357,2026-08-23 11:08:58,E0008,A005414,BN0767,BN4880,Customer Request
BC0001358,2026-08-14 12:47:48,E0010,A000088,BN0459,BN9336,Customer Request
BC0001359,2026-08-31 10:22:55,E0029,A003506,BN0262,BN9018,Customer Request
BC0001360,2026-09-13 15:47:52,E0094,A002600,BN0784,BN7102,Customer Request
BC0001361,2026-09-13 15:47:14,E0040,A001621,BN0917,BN1178,Customer Request
BC0001362,2026-08-08 10:20:19,E0036,A004574,BN0823,BN5659,Customer Request
BC0001363,2026-08-18 09:20:26,E0090,A006784,BN0284,BN8694,Customer Request
BC0001364,2026-08-05 17:49:17,E0026,A000256,BN0885,BN8905,Customer Request
BC0001365,2026-08-26 12:35:14,E0006,A004527,BN0349,BN2283,Customer Request
BC0001366,2026-08-08 15:38:19,E0075,A005429,BN0995,BN8678,Customer Request
BC0001367,2026-09-08 09:28:48,E0080,A006032,BN0588,BN1123,Customer Request
BC0001368,2026-09-08 10:07:30,E0018,A006008,BN0436,BN6829,Customer Request
BC0001369,2026-09-16 09:25:58,E0019,A002896,BN0927,BN5147,Customer Request
BC0001370,2026-08-10 12:10:23,E0064,A005324,BN0423,BN6786,Customer Request
BC0001371,2026-08-12 10:35:15,E0058,A003207,BN0905,BN8312,Customer Request
BC0001372,2026-09-07 10:30:08,E0051,A004214,BN0071,BN5637,Customer Request
BC0001373,2026-08-05 11:07:15,E0090,A000917,BN0024,BN7200,Customer Request
BC0001374,2026-08-02 15:11:44,E0055,A000945,BN0335,BN1142,Customer Request
BC0001375,2026-09-13 14:04:36,E0084,A000612,BN0578,BN6084,Customer Request
BC0001376,2026-08-11 15:59:01,E0072,A003882,BN0469,BN3527,Customer Request
BC0001377,2026-09-12 11:40:06,E0033,A000275,BN0921,BN8428,Customer Request
BC0001378,2026-08-31 09:12:37,E0049,A000317,BN0627,BN9302,Customer Request
BC0001379,2026-09-15 11:22:21,E0099,A000758,BN0747,BN6731,Customer Request
BC0001380,2026-09-04 13:00:28,E0055,A003407,BN0104,BN5686,Customer Request
BC0001381,2026-09-25 10:01:06,E0032,A001124,BN0605,BN1863,Customer Request
BC0001382,2026-08-09 12:47:26,E0083,A000360,BN0862,BN2476,Customer Request
BC0001383,2026-08-24 10:34:29,E0079,A000228,BN0008,BN4236,Customer Request
BC0001384,2026-08-26 10:26:24,E0012,A001624,BN0889,BN9294,Customer Request
BC0001385,2026-08-15 13:25:45,E0098,A003802,BN0451,BN9082,Customer Request
BC0001386,2026-08-25 11:58:19,E0006,A005564,BN0320,BN5085,Customer Request
BC0001387,2026-08-05 14:39:44,E0035,A005341,BN0246,BN8492,Customer Request
BC0001388,2026-08-30 15:32:55,E0065,A006985,BN0326,BN3501,Customer Request
BC0001389,2026-09-10 14:19:02,E0043,A002755,BN0041,BN5001,Customer Request
BC0001390,2026-09-02 11:22:59,E0073,A006732,BN0596,BN2560,Customer Request
BC0001391,2026-09-18 10:16:30,E0051,A000085,BN0019,BN5094,Customer Request
BC0001392,2026-08-26 14:33:11,E0078,A003948,BN0367,BN1197,Customer Request
BC0001393,2026-09-24 17:23:34,E0025,A006570,BN0410,BN6735,Customer Request
BC0001394,2026-08-19 12:32:55,E0019,A002775,BN0078,BN7337,Customer Request
BC0001395,2026-09-14 10:19:29,E0099,A005600,BN0975,BN3893,Customer Request
BC0001396,2026-08-26 09:52:09,E0046,A002561,BN0622,BN8193,Customer Request
BC0001397,2026-09-06 14:17:28,E0047,A006357,BN0220,BN1210,Customer Request
BC0001398,2026-08-21 09:48:56,E0071,A005815,BN0284,BN2949,Customer Request
BC0001399,2026-08-08 13:36:52,E0069,A001261,BN0958,BN2270,Customer Request
BC0001400,2026-09-22 13:28:48,E0068,A005012,BN0481,BN7302,Customer Request
BC0001401,2026-08-24 10:43:22,E0015,A002801,BN0670,BN5450,Customer Request
BC0001402,2026-08-21 11:10:00,E0012,A003738,BN0727,BN7099,Customer Request
BC0001403,2026-09-06 14:48:27,E0061,A002540,BN0025,BN2500,Customer Request
BC0001404,2026-08-01 14:09:19,E0052,A004003,BN0008,BN3646,Customer Request
BC0001405,2026-08-09 09:23:11,E0099,A002314,BN0198,BN6697,Customer Request
BC0001406,2026-09-16 13:59:28,E0001,A003572,BN0752,BN3987,Customer Request
BC0001407,2026-08-04 14:12:14,E0058,A001973,BN0115,BN7670,Customer Request
BC0001408,2026-08-11 10:12:55,E0081,A005966,BN0034,BN8671,Customer Request
BC0001409,2026-09-14 09:54:55,E0074,A006428,BN0955,BN6511,Customer Request
BC0001410,2026-09-24 11:01:32,E0090,A005077,BN0941,BN6944,Customer Request
BC0001411,2026-08-12 12:59:22,E0028,A005252,BN0091,BN8667,Customer Request
BC0001412,2026-08-23 11:21:44,E0006,A000199,BN0497,BN4657,Customer Request
BC0001413,2026-09-20 11:30:09,E0034,A004157,BN0115,BN5538,Customer Request
BC0001414,2026-08-06 09:09:06,E0081,A001375,BN0718,BN8180,Customer Request
BC0001415,2026-08-21 12:30:18,E0001,A000308,BN0906,BN5506,Customer Request
BC0001416,2026-09-06 16:08:39,E0076,A002599,BN0920,BN7773,Customer Request
BC0001417,2026-08-26 14:51:03,E0087,A006592,BN0340,BN9521,Customer Request
BC0001418,2026-08-03 12:31:29,E0019,A003068,BN0566,BN4913,Customer Request
BC0001419,2026-09-05 11:33:24,E0031,A006172,BN0792,BN4134,Customer Request
BC0001420,2026-09-08 16:37:11,E0041,A005995,BN0296,BN9115,Customer Request
BC0001421,2026-08-25 15:26:26,E0050,A003542,BN0332,BN1213,Customer Request
BC0001422,2026-08-03 09:47:24,E0040,A004613,BN0089,BN8097,Customer Request
BC0001423,2026-08-22 13:02:23,E0085,A000582,BN0784,BN6232,Customer Request
BC0001424,2026-08-07 11:24:43,E0063,A001362,BN0040,BN8648,Customer Request
BC0001425,2026-09-09 12:57:56,E0049,A004149,BN0896,BN8969,Customer Request
BC0001426,2026-09-18 10:35:56,E0025,A002405,BN0759,BN4793,Customer Request
BC0001427,2026-08-26 16:05:04,E0066,A002507,BN0421,BN6060,Customer Request
BC0001428,2026-08-12 16:44:33,E0001,A004318,BN0466,BN9665,Customer Request
BC0001429,2026-09-10 14:39:22,E0071,A003696,BN0444,BN6300,Customer Request
BC0001430,2026-08-12 16:08:48,E0042,A006278,BN0868,BN3957,Customer Request
BC0001431,2026-08-24 09:23:03,E0010,A005031,BN0614,BN5112,Customer Request
BC0001432,2026-09-14 16:14:50,E0081,A006087,BN0302,BN3603,Customer Request
BC0001433,2026-09-07 17:39:39,E0013,A005882,BN0166,BN5133,Customer Request
BC0001434,2026-08-07 14:05:22,E0031,A004012,BN0371,BN3473,Customer Request
BC0001435,2026-09-02 16:56:41,E0091,A006000,BN0655,BN2954,Customer Request
BC0001436,2026-08-12 17:49:09,E0044,A006701,BN0246,BN3569,Customer Request
BC0001437,2026-08-02 09:55:01,E0041,A000898,BN0944,BN6844,Customer Request
BC0001438,2026-09-24 14:44:33,E0066,A005941,BN0613,BN6478,Customer Request
BC0001439,2026-09-10 13:23:01,E0075,A006823,BN0236,BN5994,Customer Request
BC0001440,2026-08-23 15:22:12,E0009,A005679,BN0526,BN6458,Customer Request
BC0001441,2026-08-26 11:05:00,E0026,A004633,BN0469,BN1255,Customer Request
BC0001442,2026-09-24 10:13:02,E0024,A001082,BN0405,BN9468,Customer Request
BC0001443,2026-09-22 13:29:30,E0073,A002093,BN0909,BN1948,Customer Request
BC0001444,2026-09-16 17:55:39,E0010,A001389,BN0943,BN5754,Customer Request
BC0001445,2026-09-17 10:51:13,E0073,A003465,BN0036,BN3805,Customer Request
BC0001446,2026-09-03 14:07:04,E0029,A004215,BN0036,BN9518,Customer Request
BC0001447,2026-09-24 16:01:58,E0050,A001164,BN0155,BN1646,Customer Request
BC0001448,2026-08-27 14:56:49,E0031,A002593,BN0322,BN2556,Customer Request
BC0001449,2026-08-12 13:10:47,E0032,A004512,BN0151,BN5009,Customer Request
BC0001450,2026-09-24 16:21:22,E0063,A000395,BN0556,BN1602,Customer Request
BC0001451,2026-09-11 14:14:16,E0025,A003797,BN0979,BN4535,Customer Request
BC0001452,2026-08-11 12:48:08,E0025,A003064,BN0095,BN6669,Customer Request
BC0001453,2026-09-17 14:39:51,E0037,A002181,BN0169,BN3745,Customer Request
BC0001454,2026-08-11 09:44:07,E0065,A006806,BN0458,BN5781,Customer Request
BC0001455,2026-09-25 15:43:32,E0095,A002257,BN0962,BN4410,Customer Request
BC0001456,2026-09-08 13:09:31,E0061,A002953,BN0180,BN9201,Customer Request
BC0001457,2026-09-10 09:01:28,E0072,A004630,BN0665,BN5539,Customer Request
BC0001458,2026-09-24 12:43:05,E0011,A003957,BN0158,BN3879,Customer Request
BC0001459,2026-08-29 10:14:09,E0008,A001416,BN0970,BN9381,Customer Request
BC0001460,2026-08-06 11:59:29,E0006,A001893,BN0061,BN1393,Customer Request
BC0001461,2026-09-06 12:00:09,E0084,A001012,BN0671,BN1151,Customer Request
BC0001462,2026-08-06 17:12:33,E0076,A005919,BN0028,BN7215,Customer Request
BC0001463,2026-09-13 12:10:09,E0062,A004756,BN0016,BN3749,Customer Request
BC0001464,2026-09-17 17:34:14,E0022,A001770,BN0164,BN1902,Customer Request
BC0001465,2026-08-20 16:33:41,E0007,A003942,BN0167,BN2120,Customer Request
BC0001466,2026-09-24 11:24:22,E0047,A006083,BN0802,BN3574,Customer Request
BC0001467,2026-09-04 16:58:06,E0026,A005117,BN0771,BN6906,Customer Request
BC0001468,2026-09-12 13:31:11,E0065,A005976,BN0386,BN6324,Customer Request
BC0001469,2026-08-23 16:15:03,E0090,A005415,BN0797,BN8364,Customer Request
BC0001470,2026-08-09 12:22:57,E0079,A000162,BN0279,BN1917,Customer Request
BC0001471,2026-08-31 10:17:50,E0048,A001852,BN0114,BN1048,Customer Request
BC0001472,2026-09-06 12:46:00,E0099,A001985,BN0252,BN1000,Customer Request
BC0001473,2026-09-09 14:21:44,E0001,A005054,BN0769,BN4442,Customer Request
BC0001474,2026-09-05 13:23:58,E0089,A005236,BN0148,BN6220,Customer Request
BC0001475,2026-09-20 12:38:34,E0099,A004730,BN0754,BN8847,Customer Request
BC0001476,2026-08-20 16:43:51,E0027,A005966,BN0904,BN3730,Customer Request
BC0001477,2026-08-28 17:04:44,E0001,A000244,BN0510,BN3636,Customer Request
BC0001478,2026-09-10 15:01:27,E0043,A006137,BN0015,BN4319,Customer Request
BC0001479,2026-09-24 17:13:18,E0050,A003811,BN0804,BN9283,Customer Request
BC0001480,2026-09-17 15:12:42,E0046,A006032,BN0994,BN6106,Customer Request
BC0001481,2026-08-06 16:51:51,E0096,A000641,BN0409,BN4121,Customer Request
BC0001482,2026-08-13 14:48:04,E0055,A000988,BN0346,BN2327,Customer Request
BC0001483,2026-08-20 16:08:42,E0038,A002983,BN0510,BN8037,Customer Request
BC0001484,2026-08-31 17:38:49,E0022,A001255,BN0588,BN3667,Customer Request
BC0001485,2026-09-23 12:16:06,E0046,A001094,BN0104,BN1027,Customer Request
BC0001486,2026-09-21 12:27:51,E0043,A004453,BN0247,BN4083,Customer Request
BC0001487,2026-08-25 11:44:02,E0035,A000958,BN0868,BN5109,Customer Request
BC0001488,2026-08-25 17:17:24,E0034,A006693,BN0115,BN8524,Customer Request
BC0001489,2026-08-07 16:11:16,E0100,A000923,BN0161,BN1395,Customer Request
BC0001490,2026-09-05 15:22:16,E0075,A003357,BN0936,BN9620,Customer Request
BC0001491,2026-09-10 17:46:56,E0076,A006516,BN0252,BN3994,Customer Request
BC0001492,2026-09-14 17:48:38,E0013,A000711,BN0482,BN2828,Customer Request
BC0001493,2026-08-28 14:10:09,E0074,A000880,BN0834,BN7058,Customer Request
BC0001494,2026-08-29 14:42:49,E0028,A006141,BN0247,BN1069,Customer Request
BC0001495,2026-08-28 10:28:46,E0065,A000231,BN0291,BN6880,Customer Request
BC0001496,2026-08-16 14:48:36,E0028,A001497,BN0026,BN6265,Customer Request
BC0001497,2026-09-18 12:09:38,E0055,A000778,BN0321,BN5051,Customer Request
BC0001498,2026-08-17 16:28:15,E0084,A006409,BN0753,BN1186,Customer Request
BC0001499,2026-09-03 15:43:49,E0017,A005791,BN0117,BN4182,Customer Request
BC0001500,2026-09-22 12:04:37,E0087,A004172,BN0479,BN1502,Customer Request
BC0001501,2026-08-28 09:55:02,E0087,A006195,BN0823,BN1633,Customer Request
BC0001502,2026-08-12 11:05:35,E0011,A002989,BN0213,BN1432,Customer Request
BC0001503,2026-09-04 10:58:38,E0017,A003105,BN0150,BN6011,Customer Request
BC0001504,2026-09-03 15:40:04,E0078,A001926,BN0388,BN7447,Customer Request
BC0001505,2026-09-20 15:34:18,E0062,A000732,BN0331,BN2841,Customer Request
BC0001506,2026-09-11 10:07:40,E0003,A002057,BN0521,BN4490,Customer Request
BC0001507,2026-09-04 11:36:48,E0054,A004265,BN0156,BN4768,Customer Request
BC0001508,2026-09-20 17:10:31,E0019,A002561,BN0170,BN7382,Customer Request
BC0001509,2026-09-21 12:47:30,E0039,A003248,BN0150,BN6708,Customer Request
BC0001510,2026-09-20 13:00:54,E0040,A000671,BN0203,BN1393,Customer Request
BC0001511,2026-09-23 09:58:42,E0004,A002542,BN0552,BN3994,Customer Request
BC0001512,2026-09-22 14:37:04,E0035,A001654,BN0173,BN5164,Customer Request
BC0001513,2026-08-24 10:39:39,E0095,A002606,BN0060,BN1713,Customer Request
BC0001514,2026-08-16 12:08:47,E0073,A006711,BN0147,BN3306,Customer Request
BC0001515,2026-08-11 16:15:06,E0081,A002209,BN0164,BN9196,Customer Request
BC0001516,2026-08-25 10:09:04,E0025,A005915,BN0229,BN2895,Customer Request
BC0001517,2026-09-09 11:41:10,E0043,A004705,BN0243,BN2742,Customer Request
BC0001518,2026-08-07 15:30:20,E0031,A006309,BN0852,BN5705,Customer Request
BC0001519,2026-08-07 15:16:54,E0024,A000530,BN0822,BN9328,Customer Request
BC0001520,2026-09-09 13:15:04,E0014,A000342,BN0160,BN3548,Customer Request
BC0001521,2026-09-23 12:51:00,E0052,A002432,BN0355,BN5315,Customer Request
BC0001522,2026-08-12 11:03:01,E0073,A000303,BN0356,BN3699,Customer Request
BC0001523,2026-09-02 10:51:53,E0076,A005485,BN0532,BN2216,Customer Request
BC0001524,2026-08-06 17:12:42,E0018,A002083,BN0739,BN1575,Customer Request
BC0001525,2026-08-13 10:22:12,E0099,A000076,BN0822,BN8447,Customer Request
BC0001526,2026-08-20 10:26:11,E0071,A000283,BN0047,BN4150,Customer Request
BC0001527,2026-08-07 09:54:36,E0043,A002820,BN0108,BN3557,Customer Request
BC0001528,2026-08-05 10:02:33,E0054,A002609,BN0569,BN9657,Customer Request
BC0001529,2026-09-11 16:22:03,E0057,A004830,BN0602,BN4495,Customer Request
BC0001530,2026-08-07 09:50:50,E0053,A003492,BN0533,BN1317,Customer Request
BC0001531,2026-08-10 14:00:39,E0055,A003333,BN0290,BN5543,Customer Request
BC0001532,2026-08-03 15:06:16,E0022,A003431,BN0797,BN7907,Customer Request
BC0001533,2026-08-15 14:49:32,E0097,A004750,BN0382,BN1098,Customer Request
BC0001534,2026-08-26 16:42:32,E0098,A005473,BN0812,BN7327,Customer Request
BC0001535,2026-08-10 16:14:25,E0022,A003452,BN0209,BN8964,Customer Request
BC0001536,2026-09-12 16:15:39,E0003,A003253,BN0385,BN7906,Customer Request
BC0001537,2026-09-23 13:21:21,E0062,A004996,BN0274,BN6591,Customer Request
BC0001538,2026-08-17 14:50:47,E0044,A000155,BN0772,BN6315,Customer Request
BC0001539,2026-09-01 16:38:12,E0031,A000322,BN0130,BN1858,Customer Request
BC0001540,2026-09-01 12:14:42,E0077,A002252,BN0732,BN4010,Customer Request
BC0001541,2026-08-27 09:48:46,E0090,A001658,BN0142,BN2930,Customer Request
BC0001542,2026-08-18 17:18:17,E0100,A002387,BN0782,BN5588,Customer Request
BC0001543,2026-08-11 10:42:14,E0038,A002497,BN0201,BN1447,Customer Request
BC0001544,2026-08-10 09:17:54,E0083,A006944,BN0870,BN2786,Customer Request
BC0001545,2026-09-07 09:05:02,E0004,A003855,BN0450,BN6879,Customer Request
BC0001546,2026-09-18 11:03:09,E0098,A000869,BN0584,BN9279,Customer Request
BC0001547,2026-08-19 13:58:56,E0029,A003330,BN0606,BN4537,Customer Request
BC0001548,2026-08-08 16:53:17,E0034,A004679,BN0375,BN3268,Customer Request
BC0001549,2026-09-16 14:04:49,E0038,A002737,BN0467,BN9007,Customer Request
BC0001550,2026-08-28 17:07:55,E0001,A006224,BN0416,BN8159,Customer Request
BC0001551,2026-08-06 12:17:24,E0098,A002046,BN0025,BN5449,Customer Request
BC0001552,2026-08-25 09:54:49,E0073,A006591,BN0486,BN5769,Customer Request
BC0001553,2026-08-12 11:43:02,E0059,A004760,BN0462,BN6023,Customer Request
BC0001554,2026-08-30 13:58:29,E0043,A005110,BN0064,BN4261,Customer Request
BC0001555,2026-08-18 11:24:06,E0090,A006854,BN0041,BN2862,Customer Request
BC0001556,2026-08-24 15:06:08,E0018,A003918,BN0637,BN9484,Customer Request
BC0001557,2026-08-09 17:22:03,E0082,A001643,BN0863,BN9463,Customer Request
BC0001558,2026-08-27 11:59:32,E0078,A001534,BN0206,BN2597,Customer Request
BC0001559,2026-08-09 14:52:32,E0077,A001262,BN0074,BN8702,Customer Request
BC0001560,2026-08-04 16:02:10,E0050,A000847,BN0566,BN9737,Customer Request
BC0001561,2026-08-17 13:44:22,E0072,A003776,BN0775,BN6934,Customer Request
BC0001562,2026-08-01 17:59:31,E0074,A006597,BN0871,BN6284,Customer Request
BC0001563,2026-09-04 16:24:50,E0040,A004320,BN0563,BN8345,Customer Request
BC0001564,2026-09-02 09:21:47,E0004,A002762,BN0991,BN9519,Customer Request
BC0001565,2026-09-10 11:51:14,E0078,A002747,BN0189,BN9160,Customer Request
BC0001566,2026-08-22 17:48:36,E0053,A003600,BN0231,BN1282,Customer Request
BC0001567,2026-09-07 14:40:35,E0077,A003349,BN0091,BN9190,Customer Request
BC0001568,2026-08-09 16:20:04,E0076,A004936,BN0926,BN4116,Customer Request
BC0001569,2026-08-21 14:21:47,E0077,A002506,BN0518,BN4746,Customer Request
BC0001570,2026-08-06 16:49:46,E0001,A005949,BN0278,BN4087,Customer Request
BC0001571,2026-08-30 11:06:33,E0075,A002955,BN0749,BN5611,Customer Request
BC0001572,2026-08-09 14:48:39,E0049,A006351,BN0275,BN6518,Customer Request
BC0001573,2026-08-18 10:07:34,E0014,A004359,BN0983,BN6942,Customer Request
BC0001574,2026-08-23 16:17:17,E0096,A003756,BN0276,BN2924,Customer Request
BC0001575,2026-08-25 16:41:44,E0066,A004005,BN0854,BN7891,Customer Request
BC0001576,2026-08-16 11:29:36,E0024,A000446,BN0271,BN8235,Customer Request
BC0001577,2026-09-07 14:08:04,E0042,A004204,BN0339,BN2660,Customer Request
BC0001578,2026-09-09 12:56:07,E0097,A004238,BN0757,BN3024,Customer Request
BC0001579,2026-08-13 14:04:24,E0073,A001081,BN0725,BN1740,Customer Request
BC0001580,2026-08-25 15:09:58,E0091,A004022,BN0655,BN4643,Customer Request
BC0001581,2026-08-25 12:45:22,E0043,A005432,BN0791,BN8058,Customer Request
BC0001582,2026-09-01 13:26:39,E0097,A004243,BN0572,BN1310,Customer Request
BC0001583,2026-08-15 10:36:00,E0061,A005809,BN0507,BN4645,Customer Request
BC0001584,2026-08-08 12:07:49,E0037,A002721,BN0898,BN4019,Customer Request
BC0001585,2026-09-22 17:06:32,E0064,A006269,BN0808,BN5219,Customer Request
BC0001586,2026-09-01 13:59:00,E0091,A004121,BN0341,BN1374,Customer Request
BC0001587,2026-08-20 10:46:36,E0029,A004189,BN0974,BN4345,Customer Request
BC0001588,2026-09-10 11:35:51,E0040,A005024,BN0725,BN6526,Customer Request
BC0001589,2026-09-03 17:12:52,E0002,A004492,BN0369,BN6884,Customer Request
BC0001590,2026-09-07 12:53:41,E0005,A000188,BN0039,BN2038,Customer Request
BC0001591,2026-08-31 15:01:24,E0028,A002822,BN0928,BN5181,Customer Request
BC0001592,2026-08-19 09:03:44,E0045,A005943,BN0579,BN6717,Customer Request
BC0001593,2026-09-20 17:57:26,E0081,A005117,BN0617,BN6822,Customer Request
BC0001594,2026-09-02 12:01:47,E0026,A001913,BN0246,BN9790,Customer Request
BC0001595,2026-08-11 11:09:54,E0066,A004968,BN0506,BN6187,Customer Request
BC0001596,2026-08-13 09:23:24,E0086,A006852,BN0525,BN3505,Customer Request
BC0001597,2026-08-23 11:39:02,E0071,A004694,BN0623,BN9456,Customer Request
BC0001598,2026-09-25 17:30:49,E0069,A000756,BN0742,BN5913,Customer Request
BC0001599,2026-08-27 13:10:09,E0038,A003878,BN0263,BN4632,Customer Request
BC0001600,2026-08-18 16:17:32,E0070,A002370,BN0530,BN5726,Customer Request
BC0001601,2026-08-21 12:26:00,E0078,A006334,BN0578,BN1046,Customer Request
BC0001602,2026-08-27 11:41:13,E0034,A000268,BN0238,BN5312,Customer Request
BC0001603,2026-08-09 09:16:28,E0068,A004854,BN0227,BN5017,Customer Request
BC0001604,2026-09-07 09:19:29,E0071,A005293,BN0793,BN8046,Customer Request
BC0001605,2026-09-04 09:17:14,E0091,A001931,BN0091,BN7400,Customer Request
BC0001606,2026-08-01 17:28:05,E0040,A002357,BN0112,BN8680,Customer Request
BC0001607,2026-08-13 13:53:29,E0072,A001974,BN0447,BN2822,Customer Request
BC0001608,2026-08-21 14:10:46,E0038,A002466,BN0688,BN7854,Customer Request
BC0001609,2026-08-20 17:55:04,E0062,A000737,BN0464,BN5129,Customer Request
BC0001610,2026-08-31 12:04:07,E0046,A000954,BN0498,BN8075,Customer Request
BC0001611,2026-09-14 17:12:32,E0068,A004062,BN0781,BN1186,Customer Request
BC0001612,2026-08-19 11:37:05,E0027,A004195,BN0353,BN3691,Customer Request
BC0001613,2026-08-10 13:06:16,E0034,A004684,BN0079,BN8391,Customer Request
BC0001614,2026-09-19 12:26:10,E0046,A006783,BN0269,BN9226,Customer Request
BC0001615,2026-09-15 16:29:15,E0015,A003911,BN0174,BN6875,Customer Request
BC0001616,2026-09-25 17:45:29,E0092,A002229,BN0364,BN9593,Customer Request
BC0001617,2026-08-20 17:43:34,E0022,A006189,BN0871,BN6347,Customer Request
BC0001618,2026-09-09 09:12:55,E0078,A003513,BN0162,BN8581,Customer Request
BC0001619,2026-08-09 16:00:45,E0021,A004336,BN0400,BN3242,Customer Request
BC0001620,2026-08-12 15:12:54,E0075,A006701,BN0959,BN8536,Customer Request
BC0001621,2026-08-25 13:38:02,E0041,A006821,BN0464,BN4856,Customer Request
BC0001622,2026-08-22 11:59:36,E0085,A000076,BN0798,BN2965,Customer Request
BC0001623,2026-08-02 12:44:54,E0083,A006303,BN0845,BN1737,Customer Request
BC0001624,2026-09-02 13:49:11,E0078,A004503,BN0439,BN6014,Customer Request
BC0001625,2026-09-21 15:07:27,E0089,A000768,BN0997,BN3408,Customer Request
BC0001626,2026-08-19 12:24:29,E0010,A003722,BN0546,BN5702,Customer Request
BC0001627,2026-08-20 12:42:16,E0020,A004709,BN0886,BN2458,Customer Request
BC0001628,2026-08-21 15:23:16,E0037,A004182,BN0759,BN3918,Customer Request
BC0001629,2026-08-24 17:33:36,E0067,A004371,BN0983,BN1158,Customer Request
BC0001630,2026-08-23 14:11:35,E0098,A002692,BN0520,BN6506,Customer Request
BC0001631,2026-08-06 09:45:39,E0001,A002080,BN0606,BN7424,Customer Request
BC0001632,2026-08-20 11:03:32,E0069,A001144,BN0308,BN2839,Customer Request
BC0001633,2026-08-30 16:32:25,E0018,A003051,BN0057,BN8272,Customer Request
BC0001634,2026-08-27 17:39:50,E0013,A002561,BN0278,BN6018,Customer Request
BC0001635,2026-08-27 13:28:15,E0097,A005075,BN0058,BN9664,Customer Request
BC0001636,2026-09-19 17:10:07,E0063,A004972,BN0573,BN8106,Customer Request
BC0001637,2026-08-07 17:02:04,E0026,A002609,BN0283,BN4010,Customer Request
BC0001638,2026-09-16 11:18:40,E0005,A003695,BN0134,BN1770,Customer Request
BC0001639,2026-08-25 09:23:44,E0075,A002851,BN0167,BN3315,Customer Request
BC0001640,2026-08-03 13:48:08,E0017,A000320,BN0098,BN5036,Customer Request
BC0001641,2026-09-04 17:29:00,E0027,A004363,BN0085,BN6916,Customer Request
BC0001642,2026-08-30 11:07:14,E0098,A000353,BN0170,BN6453,Customer Request
BC0001643,2026-09-21 12:01:31,E0069,A004294,BN0439,BN9023,Customer Request
BC0001644,2026-08-17 14:03:24,E0087,A004887,BN0469,BN6182,Customer Request
BC0001645,2026-08-22 11:51:04,E0094,A003597,BN0925,BN3687,Customer Request
BC0001646,2026-09-22 17:25:03,E0045,A003948,BN0146,BN6608,Customer Request
BC0001647,2026-09-01 11:26:02,E0010,A002871,BN0205,BN7278,Customer Request
BC0001648,2026-09-18 15:31:16,E0002,A004959,BN0470,BN9582,Customer Request
BC0001649,2026-08-05 15:03:11,E0020,A003009,BN0714,BN5437,Customer Request
BC0001650,2026-08-05 14:17:23,E0061,A004702,BN0326,BN3629,Customer Request
BC0001651,2026-09-01 17:53:22,E0076,A004772,BN0893,BN9277,Customer Request
BC0001652,2026-08-19 12:44:53,E0092,A000575,BN0260,BN6249,Customer Request
BC0001653,2026-09-15 16:14:22,E0031,A004161,BN0096,BN6099,Customer Request
BC0001654,2026-09-04 16:59:42,E0099,A001102,BN0256,BN3433,Customer Request
BC0001655,2026-08-19 10:03:58,E0016,A000981,BN0862,BN2812,Customer Request
BC0001656,2026-09-13 13:20:53,E0027,A005254,BN0204,BN4259,Customer Request
BC0001657,2026-08-23 13:41:40,E0006,A004479,BN0587,BN8828,Customer Request
BC0001658,2026-08-25 16:40:19,E0025,A002936,BN0264,BN6211,Customer Request
BC0001659,2026-08-28 13:33:08,E0053,A006955,BN0326,BN5675,Customer Request
BC0001660,2026-08-03 16:49:18,E0043,A005537,BN0025,BN4278,Customer Request
BC0001661,2026-09-18 10:08:50,E0035,A005802,BN0500,BN4229,Customer Request
BC0001662,2026-09-03 16:17:18,E0012,A004795,BN0730,BN2261,Customer Request
BC0001663,2026-09-05 10:46:01,E0021,A000377,BN0572,BN4336,Customer Request
BC0001664,2026-08-05 17:41:13,E0086,A005676,BN0504,BN5917,Customer Request
BC0001665,2026-09-12 11:52:57,E0019,A001875,BN0821,BN6003,Customer Request
BC0001666,2026-09-21 16:15:07,E0002,A004781,BN0802,BN6000,Customer Request
BC0001667,2026-08-08 10:07:00,E0081,A002842,BN0698,BN9453,Customer Request
BC0001668,2026-08-06 14:44:55,E0089,A006801,BN0222,BN3543,Customer Request
BC0001669,2026-09-21 13:33:00,E0094,A003054,BN0565,BN9697,Customer Request
BC0001670,2026-09-06 11:09:44,E0003,A002102,BN0088,BN5985,Customer Request
BC0001671,2026-08-25 11:39:56,E0057,A006414,BN0759,BN5134,Customer Request
BC0001672,2026-08-28 13:30:57,E0041,A002709,BN0530,BN9708,Customer Request
BC0001673,2026-09-01 15:54:00,E0016,A006566,BN0200,BN7493,Customer Request
BC0001674,2026-08-04 12:19:20,E0013,A001261,BN0701,BN8777,Customer Request
BC0001675,2026-08-06 16:06:58,E0091,A006591,BN0160,BN8022,Customer Request
BC0001676,2026-09-02 13:23:23,E0018,A002688,BN0408,BN3453,Customer Request
BC0001677,2026-08-06 14:38:32,E0004,A003859,BN0328,BN8082,Customer Request
BC0001678,2026-09-17 09:25:10,E0006,A006383,BN0400,BN1818,Customer Request
BC0001679,2026-08-18 15:12:18,E0036,A002408,BN0535,BN1807,Customer Request
BC0001680,2026-08-19 09:47:50,E0089,A006269,BN0183,BN6069,Customer Request
BC0001681,2026-08-03 16:16:17,E0084,A003853,BN0954,BN3523,Customer Request
BC0001682,2026-09-09 13:00:17,E0019,A002099,BN0756,BN2809,Customer Request
BC0001683,2026-09-18 10:59:49,E0039,A006494,BN0893,BN1070,Customer Request
BC0001684,2026-09-23 10:17:26,E0002,A002598,BN0022,BN6254,Customer Request
BC0001685,2026-08-03 12:09:24,E0006,A003828,BN0996,BN3988,Customer Request
BC0001686,2026-08-18 12:45:13,E0078,A004428,BN0437,BN3798,Customer Request
BC0001687,2026-08-22 16:50:30,E0070,A006729,BN0206,BN9868,Customer Request
BC0001688,2026-08-25 15:08:57,E0059,A004978,BN0304,BN4196,Customer Request
BC0001689,2026-09-05 17:12:49,E0025,A001264,BN0179,BN3809,Customer Request
BC0001690,2026-09-20 14:10:48,E0090,A004371,BN0660,BN6593,Customer Request
BC0001691,2026-09-18 10:18:32,E0086,A000204,BN0044,BN4767,Customer Request
BC0001692,2026-08-04 13:58:26,E0001,A002685,BN0957,BN3647,Customer Request
BC0001693,2026-08-09 14:04:02,E0096,A002060,BN0470,BN4288,Customer Request
BC0001694,2026-08-02 13:53:11,E0011,A004488,BN0788,BN5354,Customer Request
BC0001695,2026-09-15 14:21:21,E0030,A002641,BN0142,BN1234,Customer Request
BC0001696,2026-09-13 17:48:17,E0023,A002779,BN0426,BN2128,Customer Request
BC0001697,2026-09-25 09:50:50,E0040,A006254,BN0078,BN8023,Customer Request
BC0001698,2026-09-09 16:19:30,E0078,A001224,BN0745,BN6639,Customer Request
BC0001699,2026-09-07 12:48:04,E0012,A003222,BN0096,BN5197,Customer Request
BC0001700,2026-08-10 15:20:12,E0050,A006498,BN0741,BN4538,Customer Request
BC0001701,2026-09-14 14:17:39,E0053,A003971,BN0806,BN8224,Customer Request
BC0001702,2026-09-12 11:55:09,E0071,A005094,BN0870,BN3819,Customer Request
BC0001703,2026-08-10 17:52:39,E0013,A004181,BN0521,BN1396,Customer Request
BC0001704,2026-08-16 13:58:02,E0085,A002422,BN0409,BN6486,Customer Request
BC0001705,2026-08-01 12:56:21,E0007,A003003,BN0371,BN9889,Customer Request
BC0001706,2026-08-14 16:18:08,E0075,A002716,BN0230,BN3445,Customer Request
BC0001707,2026-09-20 16:03:14,E0091,A006336,BN0746,BN6546,Customer Request
BC0001708,2026-09-05 16:30:02,E0015,A006280,BN0479,BN6196,Customer Request
BC0001709,2026-09-25 12:05:59,E0070,A002296,BN0537,BN5104,Customer Request
BC0001710,2026-08-09 14:14:11,E0006,A005762,BN0504,BN2302,Customer Request
BC0001711,2026-09-21 10:38:51,E0033,A001190,BN0960,BN6678,Customer Request
BC0001712,2026-09-10 12:55:25,E0017,A005760,BN0390,BN7221,Customer Request
BC0001713,2026-09-10 16:13:39,E0062,A001778,BN0157,BN3186,Customer Request
BC0001714,2026-09-16 13:28:43,E0051,A004121,BN0483,BN4348,Customer Request
BC0001715,2026-08-14 16:03:11,E0007,A005803,BN0988,BN3030,Customer Request
BC0001716,2026-09-18 11:26:20,E0044,A002899,BN0530,BN6084,Customer Request
BC0001717,2026-08-10 13:50:47,E0044,A000551,BN0284,BN8396,Customer Request
BC0001718,2026-08-27 14:04:54,E0035,A001885,BN0814,BN4175,Customer Request
BC0001719,2026-08-18 17:11:53,E0012,A003828,BN0266,BN7384,Customer Request
BC0001720,2026-09-15 09:44:53,E0097,A004713,BN0287,BN7555,Customer Request
BC0001721,2026-08-09 17:39:07,E0078,A000087,BN0211,BN5279,Customer Request
BC0001722,2026-08-30 17:13:09,E0082,A005185,BN0723,BN7360,Customer Request
BC0001723,2026-09-05 14:10:11,E0087,A005881,BN0036,BN1784,Customer Request
BC0001724,2026-08-28 12:33:56,E0079,A004071,BN0193,BN6844,Customer Request
BC0001725,2026-09-18 09:27:37,E0097,A001320,BN0792,BN5264,Customer Request
BC0001726,2026-09-03 15:18:30,E0025,A004797,BN0802,BN2130,Customer Request
BC0001727,2026-08-26 13:16:33,E0078,A003656,BN0459,BN5153,Customer Request
BC0001728,2026-09-11 14:40:36,E0046,A002847,BN0132,BN1961,Customer Request
BC0001729,2026-09-13 09:38:03,E0049,A006450,BN0642,BN6267,Customer Request
BC0001730,2026-09-04 10:16:47,E0019,A005893,BN0847,BN8904,Customer Request
BC0001731,2026-08-28 14:48:18,E0038,A004538,BN0548,BN6666,Customer Request
BC0001732,2026-08-19 13:15:53,E0006,A001147,BN0002,BN4939,Customer Request
BC0001733,2026-09-01 09:17:28,E0017,A003876,BN0474,BN3906,Customer Request
BC0001734,2026-09-20 11:58:54,E0027,A003889,BN0401,BN9184,Customer Request
BC0001735,2026-08-30 16:13:02,E0086,A000492,BN0198,BN1146,Customer Request
BC0001736,2026-08-27 14:56:06,E0063,A000377,BN0974,BN5282,Customer Request
BC0001737,2026-08-21 09:28:51,E0055,A005661,BN0276,BN4781,Customer Request
BC0001738,2026-09-20 15:53:45,E0004,A006242,BN0986,BN9260,Customer Request
BC0001739,2026-08-16 14:58:22,E0079,A000708,BN0677,BN8867,Customer Request
BC0001740,2026-08-17 09:38:13,E0082,A002258,BN0745,BN5060,Customer Request
BC0001741,2026-09-04 17:27:23,E0086,A005265,BN0400,BN4537,Customer Request
BC0001742,2026-08-15 14:01:35,E0013,A004210,BN0953,BN2374,Customer Request
BC0001743,2026-08-22 11:43:23,E0087,A004736,BN0806,BN6345,Customer Request
BC0001744,2026-09-04 14:56:22,E0012,A004773,BN0909,BN8987,Customer Request
BC0001745,2026-09-01 12:26:07,E0080,A002650,BN0229,BN4775,Customer Request
BC0001746,2026-08-30 13:38:03,E0071,A003737,BN0957,BN1748,Customer Request
BC0001747,2026-09-18 15:49:23,E0084,A002854,BN0475,BN2497,Customer Request
BC0001748,2026-08-28 10:32:53,E0097,A000902,BN0236,BN3056,Customer Request
BC0001749,2026-08-14 17:08:13,E0001,A000349,BN0883,BN9026,Customer Request
BC0001750,2026-09-12 12:06:38,E0058,A001369,BN0769,BN1069,Customer Request
BC0001751,2026-09-04 12:56:52,E0079,A003315,BN0384,BN2427,Customer Request
BC0001752,2026-09-04 09:43:33,E0084,A004945,BN0809,BN9951,Customer Request
BC0001753,2026-09-18 14:51:59,E0084,A006313,BN0898,BN4393,Customer Request
BC0001754,2026-09-15 13:58:31,E0010,A005311,BN0101,BN5377,Customer Request
BC0001755,2026-09-11 11:19:17,E0080,A003277,BN0061,BN8851,Customer Request
BC0001756,2026-09-24 13:31:17,E0076,A000213,BN0563,BN9534,Customer Request
BC0001757,2026-08-08 09:06:15,E0058,A003527,BN0297,BN4600,Customer Request
BC0001758,2026-08-21 12:49:08,E0093,A006194,BN0551,BN1450,Customer Request
BC0001759,2026-08-30 12:12:23,E0062,A005224,BN0277,BN8698,Customer Request
BC0001760,2026-09-18 16:01:12,E0021,A003231,BN0912,BN3175,Customer Request
BC0001761,2026-09-25 11:58:17,E0002,A004099,BN0728,BN7418,Customer Request
BC0001762,2026-08-07 12:03:59,E0062,A000509,BN0436,BN1847,Customer Request
BC0001763,2026-09-18 15:27:28,E0075,A003689,BN0162,BN9475,Customer Request
BC0001764,2026-08-14 11:05:06,E0091,A006862,BN0245,BN3775,Customer Request
BC0001765,2026-09-14 14:01:59,E0006,A003057,BN0838,BN7125,Customer Request
BC0001766,2026-09-09 10:37:45,E0015,A003951,BN0417,BN3556,Customer Request
BC0001767,2026-08-28 10:21:30,E0095,A001536,BN0270,BN5899,Customer Request
BC0001768,2026-09-10 13:08:19,E0072,A002004,BN0075,BN7168,Customer Request
BC0001769,2026-08-13 13:32:59,E0032,A004159,BN0074,BN3125,Customer Request
BC0001770,2026-09-25 12:26:57,E0048,A001680,BN0230,BN7610,Customer Request
BC0001771,2026-08-27 10:54:56,E0090,A006832,BN0964,BN3376,Customer Request
BC0001772,2026-08-23 17:25:47,E0053,A002141,BN0119,BN8978,Customer Request
BC0001773,2026-08-03 14:05:11,E0045,A000951,BN0971,BN1380,Customer Request
BC0001774,2026-08-15 16:46:56,E0030,A004369,BN0755,BN1761,Customer Request
BC0001775,2026-09-05 13:48:21,E0005,A004430,BN0296,BN5724,Customer Request
BC0001776,2026-09-20 09:38:52,E0004,A000418,BN0245,BN7338,Customer Request
BC0001777,2026-09-16 17:07:21,E0075,A000903,BN0160,BN1416,Customer Request
BC0001778,2026-08-31 12:00:03,E0042,A004767,BN0013,BN7800,Customer Request
BC0001779,2026-09-22 11:00:27,E0060,A003985,BN0722,BN1184,Customer Request
BC0001780,2026-08-19 12:28:28,E0004,A000590,BN0989,BN5659,Customer Request
BC0001781,2026-09-20 14:59:16,E0100,A000266,BN0248,BN1852,Customer Request
BC0001782,2026-08-05 10:04:19,E0045,A004517,BN0130,BN1695,Customer Request
BC0001783,2026-09-10 15:23:49,E0052,A002546,BN0085,BN8985,Customer Request
BC0001784,2026-09-08 09:26:49,E0016,A000680,BN0551,BN2208,Customer Request
BC0001785,2026-08-23 11:20:28,E0008,A002772,BN0530,BN2662,Customer Request
BC0001786,2026-08-01 09:02:23,E0084,A003169,BN0509,BN9892,Customer Request
BC0001787,2026-08-15 17:04:46,E0094,A000696,BN0737,BN2603,Customer Request
BC0001788,2026-09-22 17:44:15,E0091,A002648,BN0176,BN7460,Customer Request
BC0001789,2026-09-09 10:36:49,E0046,A006782,BN0473,BN3544,Customer Request
BC0001790,2026-09-23 14:14:59,E0092,A004188,BN0533,BN2321,Customer Request
BC0001791,2026-08-10 15:59:09,E0038,A001955,BN0034,BN3995,Customer Request
BC0001792,2026-08-04 14:09:47,E0006,A003371,BN0831,BN7586,Customer Request
BC0001793,2026-08-14 17:35:38,E0006,A006294,BN0071,BN9829,Customer Request
BC0001794,2026-09-18 15:45:23,E0064,A005660,BN0736,BN6693,Customer Request
BC0001795,2026-08-24 10:43:44,E0091,A002026,BN0731,BN9108,Customer Request
BC0001796,2026-09-11 17:42:01,E0060,A005999,BN0099,BN9472,Customer Request
BC0001797,2026-08-05 13:30:33,E0054,A002759,BN0731,BN8789,Customer Request
BC0001798,2026-09-09 17:14:23,E0092,A003979,BN0483,BN2330,Customer Request
BC0001799,2026-09-17 16:50:00,E0037,A006601,BN0938,BN4956,Customer Request
BC0001800,2026-08-13 16:04:20,E0077,A000239,BN0998,BN9496,Customer Request
BC0001801,2026-08-11 09:17:10,E0085,A002965,BN0965,BN7159,Customer Request
BC0001802,2026-08-24 11:34:54,E0088,A001608,BN0617,BN5107,Customer Request
BC0001803,2026-08-25 15:44:30,E0098,A003100,BN0720,BN9723,Customer Request
BC0001804,2026-08-23 11:27:10,E0043,A000557,BN0763,BN1496,Customer Request
BC0001805,2026-09-08 13:11:51,E0092,A005831,BN0977,BN1784,Customer Request
BC0001806,2026-09-02 14:09:41,E0056,A006875,BN0609,BN8058,Customer Request
BC0001807,2026-08-08 17:07:22,E0048,A001844,BN0849,BN6614,Customer Request
BC0001808,2026-09-21 10:21:56,E0062,A006497,BN0946,BN5062,Customer Request
BC0001809,2026-08-12 13:24:10,E0075,A001488,BN0093,BN7987,Customer Request
BC0001810,2026-09-19 14:00:58,E0010,A005425,BN0531,BN3651,Customer Request
BC0001811,2026-08-14 17:41:55,E0047,A001973,BN0899,BN5906,Customer Request
BC0001812,2026-09-09 09:04:24,E0089,A005188,BN0372,BN9249,Customer Request
BC0001813,2026-08-24 16:58:37,E0011,A003953,BN0409,BN1001,Customer Request
BC0001814,2026-09-14 16:30:19,E0048,A002579,BN0835,BN6930,Customer Request
BC0001815,2026-09-05 13:25:55,E0020,A004173,BN0716,BN9005,Customer Request
BC0001816,2026-08-12 17:13:09,E0094,A006703,BN0741,BN1895,Customer Request
BC0001817,2026-08-31 10:43:20,E0066,A006695,BN0298,BN5110,Customer Request
BC0001818,2026-08-25 16:41:39,E0004,A003545,BN0449,BN2580,Customer Request
BC0001819,2026-08-24 13:17:04,E0094,A005062,BN0106,BN1833,Customer Request
BC0001820,2026-09-17 15:47:47,E0062,A002349,BN0528,BN2506,Customer Request
BC0001821,2026-09-14 14:57:27,E0035,A004978,BN0920,BN5031,Customer Request
BC0001822,2026-09-20 09:35:54,E0082,A002516,BN0487,BN6991,Customer Request
BC0001823,2026-08-20 13:17:43,E0087,A001948,BN0059,BN1521,Customer Request
BC0001824,2026-08-30 15:14:13,E0063,A004145,BN0126,BN3668,Customer Request
BC0001825,2026-09-24 13:33:15,E0032,A006192,BN0086,BN9037,Customer Request
BC0001826,2026-09-08 12:46:21,E0021,A006812,BN0408,BN6131,Customer Request
BC0001827,2026-09-20 10:32:50,E0100,A002844,BN0909,BN8318,Customer Request
BC0001828,2026-08-08 10:31:49,E0010,A001107,BN0877,BN7355,Customer Request
BC0001829,2026-08-19 10:38:02,E0084,A001458,BN0467,BN5347,Customer Request
BC0001830,2026-09-06 17:55:10,E0039,A002345,BN0203,BN5734,Customer Request
BC0001831,2026-09-06 09:33:36,E0010,A005143,BN0687,BN5394,Customer Request
BC0001832,2026-08-26 11:00:26,E0030,A003816,BN0206,BN3855,Customer Request
BC0001833,2026-08-20 13:14:33,E0012,A004087,BN0958,BN5487,Customer Request
BC0001834,2026-08-11 11:26:38,E0041,A004033,BN0532,BN4504,Customer Request
BC0001835,2026-09-06 17:31:54,E0073,A000206,BN0998,BN8952,Customer Request
BC0001836,2026-08-17 12:36:41,E0073,A005216,BN0208,BN1170,Customer Request
BC0001837,2026-08-15 10:04:25,E0015,A001458,BN0058,BN2073,Customer Request
BC0001838,2026-08-13 09:18:15,E0054,A001948,BN0786,BN4206,Customer Request
BC0001839,2026-08-14 15:12:06,E0075,A000107,BN0630,BN8714,Customer Request
BC0001840,2026-08-12 15:54:25,E0043,A004426,BN0902,BN2074,Customer Request
BC0001841,2026-09-12 14:25:03,E0060,A006972,BN0643,BN3711,Customer Request
BC0001842,2026-09-18 16:01:30,E0077,A004315,BN0858,BN9353,Customer Request
BC0001843,2026-09-02 12:14:24,E0016,A003987,BN0206,BN9727,Customer Request
BC0001844,2026-08-11 16:51:23,E0044,A002666,BN0491,BN4861,Customer Request
BC0001845,2026-09-01 11:32:23,E0097,A002568,BN0447,BN7366,Customer Request
BC0001846,2026-09-21 10:06:45,E0038,A001898,BN0594,BN2267,Customer Request
BC0001847,2026-09-23 16:02:47,E0006,A003259,BN0156,BN8518,Customer Request
BC0001848,2026-09-21 09:19:14,E0053,A000827,BN0891,BN2044,Customer Request
BC0001849,2026-09-13 09:27:33,E0011,A005516,BN0490,BN2274,Customer Request
BC0001850,2026-09-06 16:19:44,E0070,A003076,BN0202,BN4062,Customer Request
BC0001851,2026-09-12 09:41:17,E0017,A000221,BN0290,BN9638,Customer Request
BC0001852,2026-08-11 10:53:56,E0027,A003002,BN0768,BN3211,Customer Request
BC0001853,2026-09-03 12:48:55,E0001,A006988,BN0665,BN9397,Customer Request
BC0001854,2026-08-06 12:29:24,E0015,A006921,BN0959,BN3374,Customer Request
BC0001855,2026-09-13 12:07:52,E0039,A006495,BN0204,BN2473,Customer Request
BC0001856,2026-08-14 17:33:45,E0048,A001525,BN0032,BN6917,Customer Request
BC0001857,2026-09-13 11:43:54,E0034,A001954,BN0823,BN2253,Customer Request
BC0001858,2026-08-04 12:13:42,E0099,A005337,BN0274,BN5823,Customer Request
BC0001859,2026-08-06 16:01:40,E0035,A000644,BN0603,BN9749,Customer Request
BC0001860,2026-09-24 12:08:24,E0009,A004375,BN0138,BN8125,Customer Request
BC0001861,2026-09-19 12:24:17,E0018,A003339,BN0382,BN1348,Customer Request
BC0001862,2026-09-19 14:42:23,E0007,A004314,BN0913,BN3453,Customer Request
BC0001863,2026-08-30 17:36:33,E0055,A004792,BN0576,BN3343,Customer Request
BC0001864,2026-08-24 15:28:13,E0080,A006761,BN0129,BN9693,Customer Request
BC0001865,2026-08-17 15:19:40,E0004,A005975,BN0208,BN9017,Customer Request
BC0001866,2026-09-19 11:31:06,E0013,A005558,BN0005,BN2721,Customer Request
BC0001867,2026-09-20 15:35:16,E0010,A005261,BN0196,BN1454,Customer Request
BC0001868,2026-08-25 17:54:45,E0087,A003214,BN0843,BN4363,Customer Request
BC0001869,2026-08-19 14:54:26,E0056,A002897,BN0563,BN3670,Customer Request
BC0001870,2026-09-16 15:54:39,E0024,A006941,BN0328,BN4678,Customer Request
BC0001871,2026-09-07 14:05:05,E0014,A005864,BN0878,BN5137,Customer Request
BC0001872,2026-09-19 17:49:30,E0054,A001106,BN0458,BN3821,Customer Request
BC0001873,2026-09-13 10:04:36,E0062,A002281,BN0096,BN7419,Customer Request
BC0001874,2026-09-08 13:05:40,E0039,A002572,BN0007,BN6837,Customer Request
BC0001875,2026-08-25 17:40:06,E0042,A003604,BN0871,BN2460,Customer Request
BC0001876,2026-08-10 17:50:08,E0043,A002225,BN0903,BN1438,Customer Request
BC0001877,2026-08-09 11:13:00,E0044,A004718,BN0957,BN9341,Customer Request
BC0001878,2026-09-06 16:42:18,E0063,A005541,BN0164,BN7235,Customer Request
BC0001879,2026-08-31 14:35:53,E0050,A005227,BN0403,BN5180,Customer Request
BC0001880,2026-08-19 10:10:21,E0002,A006538,BN0542,BN3246,Customer Request
BC0001881,2026-09-22 14:33:00,E0037,A001657,BN0471,BN7166,Customer Request
BC0001882,2026-08-17 09:06:06,E0034,A000486,BN0108,BN8121,Customer Request
BC0001883,2026-09-12 11:14:19,E0059,A006959,BN0569,BN9476,Customer Request
BC0001884,2026-08-02 10:25:04,E0015,A004872,BN0338,BN5801,Customer Request
BC0001885,2026-09-20 15:48:36,E0005,A000996,BN0158,BN2225,Customer Request
BC0001886,2026-08-25 15:09:11,E0006,A003015,BN0597,BN3312,Customer Request
BC0001887,2026-08-24 10:35:54,E0019,A004739,BN0903,BN9835,Customer Request
BC0001888,2026-09-13 16:40:00,E0080,A005867,BN0240,BN4004,Customer Request
BC0001889,2026-09-25 09:15:00,E0015,A001441,BN0303,BN2864,Customer Request
BC0001890,2026-09-01 12:31:47,E0051,A004613,BN0787,BN8808,Customer Request
BC0001891,2026-09-16 12:28:24,E0075,A000214,BN0008,BN8663,Customer Request
BC0001892,2026-08-11 17:20:12,E0088,A006823,BN0253,BN3182,Customer Request
BC0001893,2026-08-25 09:06:55,E0001,A004207,BN0997,BN9971,Customer Request
BC0001894,2026-08-08 11:06:34,E0053,A004666,BN0987,BN4002,Customer Request
BC0001895,2026-08-25 17:17:08,E0081,A005884,BN0875,BN7358,Customer Request
BC0001896,2026-09-13 09:18:23,E0010,A000977,BN0243,BN5658,Customer Request
BC0001897,2026-08-25 10:34:31,E0043,A005809,BN0550,BN4279,Customer Request
BC0001898,2026-09-12 15:12:08,E0004,A002284,BN0780,BN8051,Customer Request
BC0001899,2026-09-04 16:00:03,E0050,A006382,BN0466,BN8788,Customer Request
BC0001900,2026-09-13 10:26:15,E0066,A004937,BN0605,BN1248,Customer Request
BC0001901,2026-08-02 09:31:33,E0068,A001468,BN0511,BN7467,Customer Request
BC0001902,2026-08-19 11:22:24,E0059,A000237,BN0805,BN9820,Customer Request
BC0001903,2026-09-14 09:56:53,E0025,A004222,BN0666,BN7907,Customer Request
BC0001904,2026-09-03 11:04:16,E0014,A000870,BN0595,BN6644,Customer Request
BC0001905,2026-08-09 16:18:39,E0086,A004205,BN0435,BN2061,Customer Request
BC0001906,2026-08-27 17:44:53,E0046,A002425,BN0383,BN7629,Customer Request
BC0001907,2026-08-21 17:14:13,E0093,A005240,BN0213,BN3779,Customer Request
BC0001908,2026-09-18 09:42:57,E0067,A004948,BN0061,BN8287,Customer Request
BC0001909,2026-09-12 17:05:04,E0052,A005927,BN0673,BN1762,Customer Request
BC0001910,2026-08-22 13:52:00,E0008,A004765,BN0849,BN2648,Customer Request
BC0001911,2026-08-28 10:27:12,E0005,A002962,BN0357,BN6357,Customer Request
BC0001912,2026-08-09 10:28:17,E0078,A004930,BN0700,BN9884,Customer Request
BC0001913,2026-08-27 09:58:03,E0038,A002334,BN0138,BN6170,Customer Request
BC0001914,2026-08-01 13:56:26,E0030,A006259,BN0530,BN6226,Customer Request
BC0001915,2026-09-10 09:35:16,E0003,A005600,BN0594,BN9838,Customer Request
BC0001916,2026-08-05 15:35:22,E0050,A002848,BN0285,BN6018,Customer Request
BC0001917,2026-08-15 11:06:14,E0071,A003211,BN0058,BN2219,Customer Request
BC0001918,2026-09-23 10:58:00,E0007,A004442,BN0768,BN1593,Customer Request
BC0001919,2026-08-04 12:44:43,E0057,A004313,BN0006,BN2346,Customer Request
BC0001920,2026-08-26 12:56:16,E0037,A005881,BN0942,BN1348,Customer Request
BC0001921,2026-08-21 17:58:10,E0063,A005258,BN0926,BN4747,Customer Request
BC0001922,2026-09-10 14:22:41,E0057,A005843,BN0958,BN6271,Customer Request
BC0001923,2026-08-22 10:28:54,E0049,A006717,BN0408,BN4534,Customer Request
BC0001924,2026-09-06 16:34:44,E0051,A004571,BN0203,BN5045,Customer Request
BC0001925,2026-08-30 15:16:15,E0068,A000054,BN0237,BN1320,Customer Request
BC0001926,2026-08-16 15:52:31,E0024,A006518,BN0382,BN8029,Customer Request
BC0001927,2026-08-07 11:19:09,E0003,A000458,BN0912,BN6921,Customer Request
BC0001928,2026-08-15 15:35:46,E0029,A001339,BN0676,BN3582,Customer Request
BC0001929,2026-08-23 12:36:59,E0067,A005620,BN0396,BN7206,Customer Request
BC0001930,2026-08-14 16:19:09,E0012,A001530,BN0069,BN8642,Customer Request
BC0001931,2026-08-19 16:41:30,E0047,A006136,BN0075,BN8856,Customer Request
BC0001932,2026-09-25 12:47:00,E0034,A004714,BN0284,BN7642,Customer Request
BC0001933,2026-09-18 12:23:39,E0048,A001193,BN0611,BN6751,Customer Request
BC0001934,2026-08-08 17:43:18,E0063,A001233,BN0589,BN3409,Customer Request
BC0001935,2026-08-22 15:28:31,E0029,A002913,BN0201,BN1793,Customer Request
BC0001936,2026-08-14 11:26:08,E0080,A000461,BN0444,BN9848,Customer Request
BC0001937,2026-08-10 13:07:49,E0054,A005206,BN0056,BN2354,Customer Request
BC0001938,2026-08-04 17:20:55,E0082,A003524,BN0732,BN2347,Customer Request
BC0001939,2026-09-24 10:35:23,E0088,A001029,BN0553,BN5782,Customer Request
BC0001940,2026-09-12 12:47:59,E0046,A002645,BN0791,BN2965,Customer Request
BC0001941,2026-08-15 10:35:35,E0086,A002117,BN0055,BN2602,Customer Request
BC0001942,2026-09-01 14:50:59,E0060,A002475,BN0469,BN1278,Customer Request
BC0001943,2026-08-20 17:23:01,E0016,A001266,BN0887,BN1670,Customer Request
BC0001944,2026-08-23 16:37:47,E0017,A001451,BN0892,BN7429,Customer Request
BC0001945,2026-08-13 15:54:47,E0019,A006568,BN0228,BN8708,Customer Request
BC0001946,2026-09-17 14:48:37,E0040,A001983,BN0540,BN8541,Customer Request
BC0001947,2026-09-04 15:02:03,E0041,A005508,BN0554,BN3538,Customer Request
BC0001948,2026-09-19 09:57:16,E0063,A001837,BN0856,BN7851,Customer Request
BC0001949,2026-09-07 17:34:00,E0087,A004618,BN0903,BN2440,Customer Request
BC0001950,2026-08-08 13:44:38,E0042,A000299,BN0530,BN4394,Customer Request
BC0001951,2026-08-09 16:07:21,E0025,A000092,BN0107,BN6532,Customer Request
BC0001952,2026-08-12 14:16:33,E0064,A004566,BN0566,BN8958,Customer Request
BC0001953,2026-09-04 14:24:44,E0071,A001818,BN0013,BN4863,Customer Request
BC0001954,2026-09-01 09:46:27,E0032,A005541,BN0415,BN2095,Customer Request
BC0001955,2026-09-03 09:14:55,E0038,A003146,BN0162,BN2313,Customer Request
BC0001956,2026-08-18 12:18:28,E0034,A005332,BN0388,BN9168,Customer Request
BC0001957,2026-08-20 16:24:03,E0017,A001681,BN0751,BN8469,Customer Request
BC0001958,2026-09-19 12:40:13,E0023,A005487,BN0925,BN6097,Customer Request
BC0001959,2026-08-13 13:08:07,E0076,A006150,BN0738,BN5999,Customer Request
BC0001960,2026-09-06 17:50:41,E0046,A004309,BN0359,BN7163,Customer Request
BC0001961,2026-09-06 12:06:18,E0015,A002292,BN0456,BN8062,Customer Request
BC0001962,2026-09-14 13:57:56,E0074,A004206,BN0532,BN1330,Customer Request
BC0001963,2026-09-21 11:33:21,E0095,A001381,BN0574,BN9903,Customer Request
BC0001964,2026-09-18 09:23:40,E0098,A003811,BN0565,BN1902,Customer Request
BC0001965,2026-09-18 15:38:12,E0018,A001231,BN0013,BN1835,Customer Request
BC0001966,2026-08-25 09:03:30,E0001,A005884,BN0457,BN6640,Customer Request
BC0001967,2026-08-18 17:56:02,E0051,A001186,BN0257,BN9717,Customer Request
BC0001968,2026-08-03 13:38:40,E0060,A006779,BN0480,BN7880,Customer Request
BC0001969,2026-09-01 13:08:37,E0019,A000763,BN0828,BN5885,Customer Request
BC0001970,2026-08-18 09:09:49,E0091,A006377,BN0323,BN3801,Customer Request
BC0001971,2026-08-04 14:44:05,E0045,A001675,BN0281,BN7388,Customer Request
BC0001972,2026-08-08 10:15:57,E0019,A003494,BN0261,BN2708,Customer Request
BC0001973,2026-09-03 15:50:17,E0042,A005274,BN0097,BN1404,Customer Request
BC0001974,2026-09-07 16:24:23,E0087,A002632,BN0577,BN8420,Customer Request
BC0001975,2026-09-01 14:52:59,E0051,A003896,BN0585,BN5588,Customer Request
BC0001976,2026-09-23 11:05:59,E0075,A000220,BN0216,BN5286,Customer Request
BC0001977,2026-08-26 16:35:01,E0030,A003127,BN0711,BN1478,Customer Request
BC0001978,2026-08-13 13:04:02,E0087,A005273,BN0870,BN1951,Customer Request
BC0001979,2026-08-25 17:41:57,E0041,A006388,BN0423,BN8297,Customer Request
BC0001980,2026-09-19 12:24:22,E0010,A002992,BN0729,BN2247,Customer Request
BC0001981,2026-09-04 14:31:48,E0057,A005426,BN0666,BN8641,Customer Request
BC0001982,2026-08-16 12:12:00,E0067,A003943,BN0323,BN9679,Customer Request
BC0001983,2026-08-20 13:59:39,E0013,A003076,BN0264,BN3521,Customer Request
BC0001984,2026-09-05 11:01:36,E0094,A000348,BN0587,BN5991,Customer Request
BC0001985,2026-09-19 12:29:16,E0044,A001153,BN0069,BN1554,Customer Request
BC0001986,2026-08-03 14:42:36,E0100,A000754,BN0043,BN2407,Customer Request
BC0001987,2026-08-25 15:17:44,E0092,A001549,BN0475,BN1036,Customer Request
BC0001988,2026-09-09 09:20:15,E0093,A000682,BN0241,BN3190,Customer Request
BC0001989,2026-08-27 11:21:39,E0074,A000644,BN0069,BN2933,Customer Request
BC0001990,2026-09-16 11:52:51,E0012,A001480,BN0940,BN8918,Customer Request
BC0001991,2026-08-23 16:12:57,E0023,A004555,BN0976,BN3725,Customer Request
BC0001992,2026-08-01 10:41:50,E0097,A006490,BN0114,BN4044,Customer Request
BC0001993,2026-08-03 10:52:50,E0021,A002366,BN0747,BN3995,Customer Request
BC0001994,2026-09-09 11:49:52,E0067,A000081,BN0676,BN2572,Customer Request
BC0001995,2026-09-15 17:43:24,E0055,A002342,BN0636,BN4900,Customer Request
BC0001996,2026-08-10 13:09:08,E0083,A002293,BN0542,BN2050,Customer Request
BC0001997,2026-09-04 11:26:25,E0028,A000889,BN0372,BN5427,Customer Request
BC0001998,2026-08-06 13:21:05,E0014,A000492,BN0571,BN9845,Customer Request
BC0001999,2026-09-11 13:51:15,E0077,A004744,BN0286,BN1614,Customer Request
BC0002000,2026-08-14 10:57:10,E0075,A006379,BN0318,BN5972,Customer Request
BC0002001,2026-08-05 13:59:21,E0050,A003767,BN0346,BN8864,Customer Request
BC0002002,2026-08-30 16:54:34,E0006,A006094,BN0021,BN6398,Customer Request
BC0002003,2026-08-22 13:22:42,E0043,A005741,BN0786,BN7218,Customer Request
BC0002004,2026-08-03 11:49:26,E0083,A006371,BN0677,BN9387,Customer Request
BC0002005,2026-08-01 09:15:34,E0020,A005487,BN0529,BN7334,Customer Request
BC0002006,2026-08-01 15:37:23,E0061,A003037,BN0022,BN2346,Customer Request
BC0002007,2026-08-13 09:57:07,E0082,A005931,BN0725,BN8913,Customer Request
BC0002008,2026-08-17 13:08:12,E0023,A001829,BN0307,BN7378,Customer Request
BC0002009,2026-08-25 10:03:40,E0016,A003552,BN0097,BN9659,Customer Request
BC0002010,2026-09-13 13:07:04,E0034,A003655,BN0795,BN1096,Customer Request
BC0002011,2026-09-09 10:20:04,E0087,A001125,BN0013,BN9373,Customer Request
BC0002012,2026-09-09 09:24:43,E0013,A005504,BN0504,BN3989,Customer Request
BC0002013,2026-09-06 12:53:03,E0048,A001994,BN0563,BN9274,Customer Request
BC0002014,2026-09-15 16:03:25,E0056,A005405,BN0574,BN1476,Customer Request
BC0002015,2026-09-06 13:46:04,E0016,A002794,BN0630,BN5379,Customer Request
BC0002016,2026-09-19 13:32:38,E0049,A002868,BN0549,BN3055,Customer Request
BC0002017,2026-09-02 12:46:09,E0034,A005170,BN0085,BN2287,Customer Request
BC0002018,2026-09-23 14:06:20,E0029,A003796,BN0984,BN5987,Customer Request
BC0002019,2026-08-06 11:49:33,E0057,A003989,BN0390,BN3611,Customer Request
BC0002020,2026-08-09 12:35:36,E0023,A002963,BN0896,BN2910,Customer Request
BC0002021,2026-09-07 11:00:01,E0100,A003486,BN0539,BN2476,Customer Request
BC0002022,2026-09-21 14:05:43,E0009,A003711,BN0186,BN6400,Customer Request
BC0002023,2026-09-02 15:56:55,E0021,A005679,BN0245,BN9103,Customer Request
BC0002024,2026-08-11 09:48:08,E0051,A001235,BN0170,BN6504,Customer Request
BC0002025,2026-08-06 15:37:33,E0074,A006099,BN0176,BN2207,Customer Request
BC0002026,2026-09-22 15:56:24,E0067,A005462,BN0782,BN9189,Customer Request
BC0002027,2026-09-05 12:32:41,E0095,A006804,BN0869,BN8513,Customer Request
BC0002028,2026-08-14 13:46:16,E0072,A004504,BN0433,BN2466,Customer Request
BC0002029,2026-08-24 13:00:09,E0046,A002154,BN0056,BN3369,Customer Request
BC0002030,2026-08-03 17:17:36,E0076,A005935,BN0812,BN8715,Customer Request
BC0002031,2026-08-11 17:29:44,E0036,A004012,BN0030,BN6793,Customer Request
BC0002032,2026-08-26 17:24:53,E0029,A003130,BN0844,BN5725,Customer Request
BC0002033,2026-08-16 12:12:41,E0057,A001009,BN0047,BN8892,Customer Request
BC0002034,2026-09-24 15:37:47,E0035,A001570,BN0383,BN4494,Customer Request
BC0002035,2026-08-13 17:04:23,E0029,A000017,BN0755,BN4173,Customer Request
BC0002036,2026-08-14 14:32:16,E0043,A004025,BN0030,BN1548,Customer Request
BC0002037,2026-08-14 13:23:33,E0098,A005330,BN0418,BN8035,Customer Request
BC0002038,2026-08-27 16:05:41,E0084,A000634,BN0260,BN8388,Customer Request
BC0002039,2026-09-03 14:26:33,E0003,A002381,BN0323,BN6095,Customer Request
BC0002040,2026-08-21 13:01:17,E0052,A004402,BN0935,BN9590,Customer Request
BC0002041,2026-09-07 10:46:34,E0060,A003197,BN0143,BN8260,Customer Request
BC0002042,2026-09-19 15:17:44,E0063,A003109,BN0452,BN3501,Customer Request
BC0002043,2026-09-25 16:50:18,E0073,A002185,BN0890,BN9890,Customer Request
BC0002044,2026-09-08 09:51:30,E0026,A003345,BN0394,BN2132,Customer Request
BC0002045,2026-09-24 15:20:02,E0054,A006441,BN0623,BN4893,Customer Request
BC0002046,2026-08-07 17:29:42,E0019,A004562,BN0424,BN3190,Customer Request
BC0002047,2026-09-02 11:15:27,E0049,A003329,BN0665,BN3160,Customer Request
BC0002048,2026-09-06 15:35:16,E0070,A002140,BN0468,BN4242,Customer Request
BC0002049,2026-09-22 14:58:14,E0004,A004902,BN0033,BN8186,Customer Request
BC0002050,2026-08-29 16:09:29,E0012,A000978,BN0174,BN2102,Customer Request
BC0002051,2026-08-08 11:29:12,E0027,A004498,BN0118,BN2748,Customer Request
BC0002052,2026-08-11 11:21:00,E0080,A005490,BN0106,BN5228,Customer Request
BC0002053,2026-08-27 16:13:23,E0012,A005944,BN0004,BN4595,Customer Request
BC0002054,2026-08-10 10:15:16,E0094,A000558,BN0375,BN2648,Customer Request
BC0002055,2026-08-13 15:11:19,E0032,A001697,BN0382,BN3641,Customer Request
BC0002056,2026-09-05 17:19:04,E0065,A006510,BN0860,BN9162,Customer Request
BC0002057,2026-08-20 10:14:32,E0072,A001259,BN0558,BN4120,Customer Request
BC0002058,2026-09-14 16:37:13,E0011,A005929,BN0792,BN8185,Customer Request
BC0002059,2026-08-06 13:16:16,E0014,A000930,BN0998,BN7905,Customer Request
BC0002060,2026-09-06 17:58:17,E0037,A004975,BN0948,BN9825,Customer Request
BC0002061,2026-08-25 13:29:27,E0071,A005249,BN0744,BN4235,Customer Request
BC0002062,2026-09-03 16:19:40,E0037,A000088,BN0627,BN7396,Customer Request
BC0002063,2026-08-13 12:19:41,E0016,A006832,BN0026,BN7221,Customer Request
BC0002064,2026-09-21 10:13:03,E0059,A001808,BN0269,BN2203,Customer Request
BC0002065,2026-08-07 10:40:04,E0043,A004207,BN0922,BN6128,Customer Request
BC0002066,2026-08-27 14:23:29,E0044,A006683,BN0124,BN1903,Customer Request
BC0002067,2026-09-15 11:24:21,E0100,A002646,BN0782,BN8610,Customer Request
BC0002068,2026-08-19 16:16:11,E0006,A003812,BN0069,BN5751,Customer Request
BC0002069,2026-08-21 12:56:32,E0083,A001038,BN0618,BN5257,Customer Request
BC0002070,2026-08-24 12:03:51,E0081,A002778,BN0718,BN2901,Customer Request
BC0002071,2026-09-13 10:02:26,E0030,A001654,BN0764,BN8296,Customer Request
BC0002072,2026-08-08 13:27:06,E0052,A005096,BN0811,BN7649,Customer Request
BC0002073,2026-08-14 11:16:06,E0019,A005042,BN0235,BN7130,Customer Request
BC0002074,2026-08-06 14:55:34,E0075,A001644,BN0507,BN5761,Customer Request
BC0002075,2026-09-08 10:53:02,E0011,A002424,BN0992,BN3433,Customer Request
BC0002076,2026-08-01 12:50:42,E0042,A006761,BN0748,BN4229,Customer Request
BC0002077,2026-08-30 16:19:33,E0077,A006323,BN0287,BN4764,Customer Request
BC0002078,2026-08-20 10:34:28,E0013,A000143,BN0393,BN3784,Customer Request
BC0002079,2026-09-20 12:37:05,E0036,A000914,BN0231,BN9026,Customer Request
BC0002080,2026-08-01 14:30:58,E0021,A004029,BN0731,BN7164,Customer Request
BC0002081,2026-08-19 12:06:51,E0080,A002680,BN0796,BN3899,Customer Request
BC0002082,2026-09-04 17:35:40,E0026,A000940,BN0827,BN8204,Customer Request
BC0002083,2026-09-07 11:14:17,E0012,A000364,BN0803,BN1133,Customer Request
BC0002084,2026-08-10 17:17:19,E0084,A002980,BN0973,BN1796,Customer Request
BC0002085,2026-08-09 17:04:16,E0047,A000322,BN0701,BN2148,Customer Request
BC0002086,2026-09-08 09:32:52,E0017,A003220,BN0847,BN4996,Customer Request
BC0002087,2026-08-05 14:57:55,E0088,A003755,BN0509,BN9463,Customer Request
BC0002088,2026-08-06 12:44:01,E0061,A002344,BN0180,BN9503,Customer Request
BC0002089,2026-09-11 12:39:37,E0060,A003925,BN0816,BN3755,Customer Request
BC0002090,2026-09-20 13:21:11,E0061,A003264,BN0562,BN5088,Customer Request
BC0002091,2026-08-22 10:11:42,E0084,A001170,BN0859,BN8949,Customer Request
BC0002092,2026-08-31 17:47:11,E0019,A000947,BN0027,BN4829,Customer Request
BC0002093,2026-09-19 12:58:49,E0029,A002407,BN0926,BN4638,Customer Request
BC0002094,2026-08-01 15:38:10,E0077,A006913,BN0496,BN3818,Customer Request
BC0002095,2026-09-05 15:13:29,E0068,A000359,BN0270,BN7141,Customer Request
BC0002096,2026-09-04 16:01:41,E0086,A003358,BN0663,BN7883,Customer Request
BC0002097,2026-08-23 13:14:04,E0082,A002988,BN0994,BN6011,Customer Request
BC0002098,2026-08-24 15:38:31,E0061,A004207,BN0159,BN3619,Customer Request
BC0002099,2026-08-03 12:58:39,E0023,A001991,BN0374,BN4861,Customer Request
BC0002100,2026-08-06 10:20:47,E0089,A001486,BN0773,BN8352,Customer Request
BC0002101,2026-08-04 12:20:05,E0069,A003808,BN0494,BN6672,Customer Request
BC0002102,2026-09-01 10:52:00,E0055,A006000,BN0829,BN9290,Customer Request
BC0002103,2026-08-30 11:50:15,E0020,A001068,BN0291,BN7838,Customer Request
BC0002104,2026-09-05 11:41:14,E0091,A004893,BN0301,BN2911,Customer Request
BC0002105,2026-09-06 13:58:57,E0033,A006967,BN0152,BN1724,Customer Request
BC0002106,2026-08-28 13:40:35,E0058,A005897,BN0964,BN4524,Customer Request
BC0002107,2026-09-20 10:57:26,E0066,A000739,BN0417,BN6406,Customer Request
BC0002108,2026-08-30 11:07:09,E0037,A000254,BN0430,BN2224,Customer Request
BC0002109,2026-08-08 09:43:54,E0036,A005216,BN0860,BN4987,Customer Request
BC0002110,2026-09-13 15:46:08,E0068,A004754,BN0717,BN4702,Customer Request
BC0002111,2026-08-27 14:07:01,E0022,A001423,BN0688,BN4828,Customer Request
BC0002112,2026-08-23 12:54:09,E0043,A005889,BN0956,BN8491,Customer Request
BC0002113,2026-08-05 15:09:16,E0032,A004483,BN0660,BN8390,Customer Request
BC0002114,2026-08-26 16:42:39,E0069,A006847,BN0662,BN3714,Customer Request
BC0002115,2026-08-20 14:07:02,E0007,A006476,BN0845,BN3993,Customer Request
BC0002116,2026-08-03 10:35:02,E0054,A006322,BN0183,BN9015,Customer Request
BC0002117,2026-09-16 12:14:29,E0018,A002939,BN0296,BN1074,Customer Request
BC0002118,2026-08-19 17:37:58,E0094,A003388,BN0844,BN9576,Customer Request
BC0002119,2026-09-25 09:44:57,E0098,A003810,BN0058,BN9100,Customer Request
BC0002120,2026-09-20 09:45:46,E0086,A002203,BN0754,BN5422,Customer Request
BC0002121,2026-08-13 09:25:04,E0021,A000702,BN0861,BN3484,Customer Request
BC0002122,2026-09-15 13:09:27,E0056,A004445,BN0190,BN8982,Customer Request
BC0002123,2026-08-14 10:18:30,E0086,A005988,BN0643,BN3762,Customer Request
BC0002124,2026-08-03 09:42:54,E0045,A003262,BN0179,BN3909,Customer Request
BC0002125,2026-08-22 09:56:49,E0024,A002015,BN0735,BN8300,Customer Request
BC0002126,2026-08-15 10:13:33,E0052,A002636,BN0475,BN3537,Customer Request
BC0002127,2026-08-02 16:33:16,E0047,A002995,BN0911,BN7501,Customer Request
BC0002128,2026-08-07 10:27:39,E0036,A001260,BN0977,BN4091,Customer Request
BC0002129,2026-09-10 14:43:58,E0051,A000473,BN0406,BN9269,Customer Request
BC0002130,2026-08-08 09:33:20,E0089,A001558,BN0920,BN8824,Customer Request
BC0002131,2026-08-29 10:25:59,E0058,A004459,BN0017,BN4421,Customer Request
BC0002132,2026-09-22 14:44:36,E0040,A000186,BN0392,BN3069,Customer Request
BC0002133,2026-08-18 13:33:16,E0078,A003919,BN0296,BN7096,Customer Request
BC0002134,2026-08-06 12:02:21,E0046,A006529,BN0079,BN4748,Customer Request
BC0002135,2026-09-23 17:39:05,E0040,A003519,BN0055,BN5085,Customer Request
BC0002136,2026-09-01 14:59:20,E0065,A003211,BN0785,BN8322,Customer Request
BC0002137,2026-08-06 10:26:25,E0039,A005555,BN0301,BN7947,Customer Request
BC0002138,2026-08-26 10:53:19,E0014,A001440,BN0230,BN7772,Customer Request
BC0002139,2026-08-24 10:10:34,E0068,A006016,BN0379,BN9988,Customer Request
BC0002140,2026-09-10 15:35:56,E0033,A004684,BN0335,BN8657,Customer Request
BC0002141,2026-09-02 17:40:35,E0095,A004255,BN0955,BN1796,Customer Request
BC0002142,2026-09-04 13:56:21,E0083,A006972,BN0861,BN7694,Customer Request
BC0002143,2026-08-20 14:06:04,E0045,A001159,BN0958,BN8908,Customer Request
BC0002144,2026-08-19 14:31:45,E0079,A001239,BN0251,BN3517,Customer Request
BC0002145,2026-08-16 15:58:22,E0056,A006567,BN0194,BN6959,Customer Request
BC0002146,2026-09-13 10:41:46,E0051,A005565,BN0856,BN6446,Customer Request
BC0002147,2026-09-08 11:28:37,E0045,A006593,BN0984,BN8530,Customer Request
BC0002148,2026-09-15 11:07:48,E0045,A005546,BN0976,BN5942,Customer Request
BC0002149,2026-08-06 15:05:39,E0085,A005706,BN0659,BN6050,Customer Request
BC0002150,2026-09-13 12:45:54,E0048,A005738,BN0717,BN5141,Customer Request
BC0002151,2026-09-10 10:08:08,E0097,A005307,BN0519,BN5736,Customer Request
BC0002152,2026-08-13 17:24:24,E0027,A004210,BN0048,BN5999,Customer Request
BC0002153,2026-08-30 16:12:34,E0094,A004192,BN0438,BN4192,Customer Request
BC0002154,2026-08-10 10:06:48,E0052,A001762,BN0600,BN1859,Customer Request
BC0002155,2026-08-07 17:22:21,E0070,A001148,BN0192,BN2232,Customer Request
BC0002156,2026-09-09 17:37:17,E0044,A000155,BN0892,BN1841,Customer Request
BC0002157,2026-08-01 12:51:32,E0054,A005681,BN0904,BN5653,Customer Request
BC0002158,2026-08-28 13:18:45,E0091,A006355,BN0257,BN6716,Customer Request
BC0002159,2026-08-05 09:54:26,E0086,A005142,BN0894,BN8785,Customer Request
BC0002160,2026-09-11 13:22:18,E0093,A000561,BN0840,BN6692,Customer Request
BC0002161,2026-08-18 16:50:50,E0079,A004923,BN0112,BN2169,Customer Request
BC0002162,2026-08-16 13:54:08,E0091,A000571,BN0257,BN3140,Customer Request
BC0002163,2026-09-09 15:14:41,E0099,A001907,BN0944,BN8449,Customer Request
BC0002164,2026-08-25 12:52:15,E0002,A001825,BN0611,BN6907,Customer Request
BC0002165,2026-08-15 12:38:46,E0023,A003339,BN0160,BN3938,Customer Request
BC0002166,2026-09-14 09:36:55,E0007,A005385,BN0174,BN9018,Customer Request
BC0002167,2026-09-13 10:06:41,E0020,A001941,BN0268,BN3706,Customer Request
BC0002168,2026-08-25 13:39:54,E0055,A006212,BN0688,BN1820,Customer Request
BC0002169,2026-08-03 09:12:56,E0088,A002836,BN0351,BN1987,Customer Request
BC0002170,2026-08-25 16:01:07,E0012,A005609,BN0949,BN3649,Customer Request
BC0002171,2026-08-03 15:50:11,E0063,A002240,BN0114,BN6329,Customer Request
BC0002172,2026-08-22 12:41:02,E0002,A003508,BN0040,BN6665,Customer Request
BC0002173,2026-08-04 17:23:02,E0099,A004202,BN0240,BN2894,Customer Request
BC0002174,2026-08-06 10:09:57,E0044,A002818,BN0220,BN3597,Customer Request
BC0002175,2026-08-13 12:14:26,E0040,A005179,BN0626,BN8069,Customer Request
BC0002176,2026-08-20 17:18:51,E0046,A000096,BN0508,BN7096,Customer Request
BC0002177,2026-08-13 12:32:47,E0063,A002234,BN0813,BN7752,Customer Request
BC0002178,2026-08-05 12:55:11,E0061,A000346,BN0153,BN7497,Customer Request
BC0002179,2026-08-12 16:13:28,E0099,A002179,BN0541,BN6703,Customer Request
BC0002180,2026-09-11 12:58:14,E0086,A002923,BN0798,BN5849,Customer Request
BC0002181,2026-08-15 13:13:19,E0059,A006110,BN0078,BN2410,Customer Request
BC0002182,2026-08-11 11:09:50,E0066,A000008,BN0265,BN3020,Customer Request
BC0002183,2026-08-15 15:01:12,E0038,A001985,BN0763,BN9361,Customer Request
BC0002184,2026-09-03 15:28:23,E0046,A000525,BN0254,BN1795,Customer Request
BC0002185,2026-08-09 15:26:23,E0026,A002030,BN0546,BN2823,Customer Request
BC0002186,2026-08-25 15:40:34,E0041,A002119,BN0229,BN6345,Customer Request
BC0002187,2026-08-04 10:16:55,E0037,A002471,BN0784,BN7171,Customer Request
BC0002188,2026-08-18 15:27:13,E0031,A005055,BN0964,BN8452,Customer Request
BC0002189,2026-08-26 15:01:10,E0005,A001877,BN0398,BN6960,Customer Request
BC0002190,2026-09-14 14:14:36,E0009,A003252,BN0298,BN2160,Customer Request
BC0002191,2026-08-19 17:26:13,E0007,A006602,BN0909,BN1962,Customer Request
BC0002192,2026-08-28 16:25:03,E0060,A000677,BN0251,BN1863,Customer Request
BC0002193,2026-09-10 12:23:21,E0095,A001095,BN0965,BN5954,Customer Request
BC0002194,2026-09-17 09:56:34,E0073,A001919,BN0293,BN2683,Customer Request
BC0002195,2026-08-02 10:07:18,E0051,A000612,BN0829,BN5182,Customer Request
BC0002196,2026-09-18 17:21:49,E0045,A001712,BN0375,BN8508,Customer Request
BC0002197,2026-08-18 10:48:05,E0084,A004171,BN0103,BN9595,Customer Request
BC0002198,2026-08-26 11:40:20,E0073,A004279,BN0582,BN1915,Customer Request
BC0002199,2026-09-10 14:35:49,E0042,A001090,BN0907,BN7078,Customer Request
BC0002200,2026-08-11 12:46:31,E0033,A000195,BN0676,BN2006,Customer Request
BC0002201,2026-08-16 13:14:26,E0050,A002676,BN0667,BN9916,Customer Request
BC0002202,2026-09-23 17:56:47,E0007,A001333,BN0552,BN1117,Customer Request
BC0002203,2026-08-08 12:47:31,E0007,A005050,BN0869,BN5965,Customer Request
BC0002204,2026-08-06 12:33:26,E0057,A005861,BN0617,BN2022,Customer Request
BC0002205,2026-08-23 09:08:59,E0078,A002342,BN0877,BN3137,Customer Request
BC0002206,2026-08-02 10:47:12,E0087,A003257,BN0695,BN8189,Customer Request
BC0002207,2026-08-30 09:37:20,E0086,A002531,BN0204,BN9375,Customer Request
BC0002208,2026-09-16 10:37:01,E0009,A004680,BN0239,BN5493,Customer Request
BC0002209,2026-08-26 12:03:03,E0053,A006419,BN0323,BN6827,Customer Request
BC0002210,2026-09-19 10:18:50,E0085,A001982,BN0865,BN4222,Customer Request
BC0002211,2026-09-15 16:42:34,E0091,A004834,BN0270,BN5107,Customer Request
BC0002212,2026-08-25 10:30:59,E0079,A004918,BN0896,BN3862,Customer Request
BC0002213,2026-08-17 11:16:24,E0075,A006523,BN0170,BN7281,Customer Request
BC0002214,2026-08-20 13:01:09,E0093,A003127,BN0887,BN9972,Customer Request
BC0002215,2026-09-04 13:47:25,E0021,A006707,BN0752,BN5090,Customer Request
BC0002216,2026-08-19 09:31:38,E0038,A005838,BN0926,BN8264,Customer Request
BC0002217,2026-08-05 17:25:02,E0048,A006881,BN0332,BN4170,Customer Request
BC0002218,2026-09-12 12:43:42,E0041,A006264,BN0823,BN4871,Customer Request
BC0002219,2026-09-22 11:52:56,E0026,A001418,BN0147,BN3139,Customer Request
BC0002220,2026-09-04 13:26:25,E0058,A003136,BN0340,BN1233,Customer Request
BC0002221,2026-08-14 12:31:41,E0035,A004223,BN0809,BN3141,Customer Request
BC0002222,2026-08-05 16:24:31,E0098,A000492,BN0655,BN7803,Customer Request
BC0002223,2026-08-28 12:37:45,E0018,A004648,BN0527,BN8754,Customer Request
BC0002224,2026-09-08 14:05:31,E0047,A000653,BN0603,BN8382,Customer Request
BC0002225,2026-09-07 09:01:24,E0098,A006540,BN0210,BN5683,Customer Request
BC0002226,2026-09-16 09:56:24,E0008,A002944,BN0405,BN4566,Customer Request
BC0002227,2026-08-24 09:08:44,E0095,A001072,BN0902,BN4537,Customer Request
BC0002228,2026-09-06 10:02:38,E0039,A000125,BN0979,BN3823,Customer Request
BC0002229,2026-08-07 13:23:58,E0049,A001825,BN0005,BN1335,Customer Request
BC0002230,2026-08-16 13:16:02,E0039,A000028,BN0883,BN7868,Customer Request
BC0002231,2026-08-20 10:28:33,E0098,A001519,BN0196,BN3056,Customer Request
BC0002232,2026-09-01 13:29:57,E0086,A006105,BN0588,BN8280,Customer Request
BC0002233,2026-08-26 14:49:39,E0037,A000437,BN0661,BN8781,Customer Request
BC0002234,2026-09-14 17:46:12,E0039,A004703,BN0249,BN6389,Customer Request
BC0002235,2026-08-03 17:25:58,E0047,A005658,BN0780,BN8402,Customer Request
BC0002236,2026-08-19 10:51:51,E0015,A006101,BN0488,BN3037,Customer Request
BC0002237,2026-09-04 13:56:26,E0036,A000184,BN0063,BN8369,Customer Request
BC0002238,2026-09-11 15:02:22,E0028,A003810,BN0569,BN4738,Customer Request
BC0002239,2026-08-31 12:32:22,E0085,A006269,BN0179,BN1395,Customer Request
BC0002240,2026-08-26 09:00:00,E0046,A005784,BN0737,BN7317,Customer Request
BC0002241,2026-08-25 17:50:06,E0026,A006642,BN0636,BN6594,Customer Request
BC0002242,2026-08-21 13:07:54,E0056,A003000,BN0280,BN1489,Customer Request
BC0002243,2026-08-18 13:57:06,E0086,A006200,BN0579,BN5994,Customer Request
BC0002244,2026-08-05 13:50:09,E0060,A002101,BN0346,BN1335,Customer Request
BC0002245,2026-08-30 15:37:28,E0057,A006812,BN0193,BN1944,Customer Request
BC0002246,2026-09-16 15:50:04,E0025,A000189,BN0877,BN3754,Customer Request
BC0002247,2026-08-30 10:53:57,E0072,A000955,BN0788,BN4577,Customer Request
BC0002248,2026-08-27 13:10:54,E0071,A004320,BN0317,BN5982,Customer Request
BC0002249,2026-08-09 11:37:37,E0057,A004667,BN0696,BN6573,Customer Request
BC0002250,2026-08-19 09:01:39,E0020,A003990,BN0920,BN5368,Customer Request
BC0002251,2026-08-29 11:50:44,E0082,A004863,BN0795,BN4212,Customer Request
BC0002252,2026-09-08 14:01:43,E0012,A001508,BN0365,BN3665,Customer Request
BC0002253,2026-09-11 14:56:31,E0093,A003105,BN0506,BN7667,Customer Request
BC0002254,2026-08-21 13:30:48,E0030,A002240,BN0681,BN9918,Customer Request
BC0002255,2026-08-13 09:33:17,E0085,A001828,BN0719,BN6307,Customer Request
BC0002256,2026-08-05 10:48:54,E0074,A005995,BN0616,BN5170,Customer Request
BC0002257,2026-09-25 12:41:52,E0051,A005334,BN0551,BN2007,Customer Request
BC0002258,2026-09-04 13:53:51,E0097,A002527,BN0578,BN9245,Customer Request
BC0002259,2026-08-28 11:41:21,E0003,A001447,BN0625,BN3804,Customer Request
BC0002260,2026-08-23 14:40:29,E0089,A000036,BN0383,BN7061,Customer Request
BC0002261,2026-08-25 13:21:49,E0073,A003410,BN0138,BN7027,Customer Request
BC0002262,2026-09-02 14:23:14,E0013,A006707,BN0759,BN1133,Customer Request
BC0002263,2026-09-14 10:32:04,E0030,A004486,BN0476,BN4668,Customer Request
BC0002264,2026-08-19 12:05:05,E0056,A001899,BN0512,BN2507,Customer Request
BC0002265,2026-09-15 14:13:36,E0071,A004071,BN0563,BN5182,Customer Request
BC0002266,2026-08-11 14:21:50,E0099,A005468,BN0182,BN8208,Customer Request
BC0002267,2026-08-10 11:33:41,E0058,A002744,BN0654,BN6814,Customer Request
BC0002268,2026-09-20 11:41:40,E0007,A006742,BN0101,BN8693,Customer Request
BC0002269,2026-08-20 14:20:24,E0027,A001202,BN0750,BN1803,Customer Request
BC0002270,2026-09-09 15:00:00,E0048,A005485,BN0376,BN9759,Customer Request
BC0002271,2026-08-31 12:30:11,E0047,A005254,BN0073,BN4348,Customer Request
BC0002272,2026-09-03 11:13:24,E0068,A003250,BN0667,BN8293,Customer Request
BC0002273,2026-08-16 13:14:20,E0032,A001305,BN0296,BN3822,Customer Request
BC0002274,2026-09-21 16:40:51,E0095,A003029,BN0411,BN6731,Customer Request
BC0002275,2026-08-26 17:39:27,E0022,A005280,BN0657,BN2991,Customer Request
BC0002276,2026-08-03 13:15:06,E0014,A006301,BN0575,BN3751,Customer Request
BC0002277,2026-08-21 16:18:20,E0078,A002409,BN0518,BN5653,Customer Request
BC0002278,2026-09-16 12:51:09,E0081,A004959,BN0379,BN8434,Customer Request
BC0002279,2026-08-08 14:21:07,E0021,A006090,BN0581,BN8733,Customer Request
BC0002280,2026-08-08 12:59:54,E0004,A006890,BN0220,BN8632,Customer Request
BC0002281,2026-09-25 17:09:35,E0089,A001892,BN0314,BN5287,Customer Request
BC0002282,2026-08-13 14:16:46,E0060,A005502,BN0149,BN2937,Customer Request
BC0002283,2026-08-02 09:56:12,E0039,A004497,BN0584,BN3835,Customer Request
BC0002284,2026-09-08 09:27:45,E0054,A005931,BN0937,BN4713,Customer Request
BC0002285,2026-09-13 12:29:19,E0080,A001665,BN0251,BN2914,Customer Request
BC0002286,2026-09-13 15:49:59,E0059,A001856,BN0106,BN7367,Customer Request
BC0002287,2026-08-02 16:39:32,E0013,A003122,BN0123,BN6893,Customer Request
BC0002288,2026-09-23 16:37:49,E0001,A004680,BN0585,BN7969,Customer Request
BC0002289,2026-08-17 13:31:39,E0050,A003068,BN0727,BN2227,Customer Request
BC0002290,2026-09-24 13:28:36,E0092,A002126,BN0050,BN6803,Customer Request
BC0002291,2026-08-04 16:32:04,E0073,A004329,BN0887,BN3192,Customer Request
BC0002292,2026-09-18 12:19:09,E0031,A001873,BN0464,BN6841,Customer Request
BC0002293,2026-09-02 12:07:13,E0050,A001743,BN0789,BN3117,Customer Request
BC0002294,2026-09-05 13:35:11,E0080,A002072,BN0656,BN7706,Customer Request
BC0002295,2026-08-08 14:12:03,E0054,A000844,BN0020,BN1944,Customer Request
BC0002296,2026-08-28 09:45:58,E0038,A002617,BN0239,BN9486,Customer Request
BC0002297,2026-09-07 17:21:47,E0028,A002839,BN0853,BN8948,Customer Request
BC0002298,2026-08-06 17:31:43,E0037,A005418,BN0232,BN6116,Customer Request
BC0002299,2026-08-07 13:17:20,E0074,A006065,BN0920,BN4811,Customer Request
BC0002300,2026-09-23 17:52:53,E0069,A001474,BN0153,BN4718,Customer Request
BC0002301,2026-09-21 10:50:48,E0062,A002587,BN0818,BN7278,Customer Request
BC0002302,2026-08-22 13:09:32,E0066,A001093,BN0319,BN4028,Customer Request
BC0002303,2026-09-02 12:08:26,E0018,A006965,BN0586,BN7310,Customer Request
BC0002304,2026-09-04 17:03:37,E0003,A001181,BN0941,BN5505,Customer Request
BC0002305,2026-09-09 17:19:53,E0024,A000303,BN0726,BN4822,Customer Request
BC0002306,2026-09-23 17:09:59,E0066,A003162,BN0256,BN3708,Customer Request
BC0002307,2026-09-02 11:17:25,E0063,A005293,BN0253,BN1236,Customer Request
BC0002308,2026-08-08 12:09:16,E0049,A000673,BN0050,BN1271,Customer Request
BC0002309,2026-08-13 09:43:06,E0081,A001931,BN0223,BN8874,Customer Request
BC0002310,2026-08-15 14:48:57,E0061,A002748,BN0181,BN2026,Customer Request
BC0002311,2026-09-25 09:36:56,E0020,A001441,BN0701,BN3559,Customer Request
BC0002312,2026-09-18 17:12:25,E0082,A001403,BN0970,BN8370,Customer Request
BC0002313,2026-08-25 15:04:33,E0095,A004830,BN0239,BN7836,Customer Request
BC0002314,2026-08-13 13:29:45,E0026,A000270,BN0191,BN3094,Customer Request
BC0002315,2026-08-20 14:21:28,E0091,A002602,BN0568,BN6269,Customer Request
BC0002316,2026-08-26 09:29:32,E0042,A004503,BN0315,BN8695,Customer Request
BC0002317,2026-09-16 11:36:32,E0049,A005574,BN0297,BN9661,Customer Request
BC0002318,2026-08-25 11:37:40,E0100,A000184,BN0565,BN9732,Customer Request
BC0002319,2026-08-11 17:57:47,E0090,A003092,BN0908,BN6215,Customer Request
BC0002320,2026-08-23 16:00:49,E0002,A000571,BN0977,BN8818,Customer Request
BC0002321,2026-09-24 16:54:43,E0071,A004481,BN0156,BN3392,Customer Request
BC0002322,2026-09-05 10:23:49,E0068,A003979,BN0359,BN5294,Customer Request
BC0002323,2026-08-10 10:49:02,E0041,A005608,BN0092,BN1293,Customer Request
BC0002324,2026-09-12 17:29:58,E0032,A004470,BN0576,BN2894,Customer Request
BC0002325,2026-09-09 11:08:01,E0085,A004436,BN0754,BN7211,Customer Request
BC0002326,2026-08-25 13:25:45,E0098,A004911,BN0574,BN6870,Customer Request
BC0002327,2026-08-05 12:38:11,E0093,A005641,BN0932,BN8680,Customer Request
BC0002328,2026-09-25 10:19:42,E0041,A004086,BN0401,BN4398,Customer Request
BC0002329,2026-08-08 16:55:26,E0054,A004334,BN0684,BN3897,Customer Request
BC0002330,2026-08-19 09:04:33,E0065,A000284,BN0758,BN6172,Customer Request
BC0002331,2026-08-05 10:54:01,E0084,A005224,BN0985,BN9137,Customer Request
BC0002332,2026-09-21 12:30:54,E0086,A001702,BN0399,BN9674,Customer Request
BC0002333,2026-08-19 15:38:19,E0079,A002504,BN0799,BN6013,Customer Request
BC0002334,2026-08-23 15:02:25,E0067,A002949,BN0481,BN4522,Customer Request
BC0002335,2026-08-26 12:58:18,E0064,A002504,BN0863,BN1867,Customer Request
BC0002336,2026-08-14 13:29:59,E0013,A003996,BN0415,BN3960,Customer Request
BC0002337,2026-09-18 11:16:27,E0002,A002873,BN0683,BN6157,Customer Request
BC0002338,2026-09-22 11:18:49,E0030,A003568,BN0770,BN7511,Customer Request
BC0002339,2026-09-21 15:16:50,E0069,A006540,BN0946,BN8254,Customer Request
BC0002340,2026-08-18 10:41:49,E0083,A002502,BN0102,BN3129,Customer Request
BC0002341,2026-08-06 14:15:40,E0064,A001469,BN0611,BN3190,Customer Request
BC0002342,2026-08-11 09:16:17,E0095,A003277,BN0367,BN6369,Customer Request
BC0002343,2026-08-19 13:54:57,E0083,A001086,BN0514,BN4237,Customer Request
BC0002344,2026-08-27 13:00:36,E0053,A002714,BN0277,BN8951,Customer Request
BC0002345,2026-09-08 15:27:23,E0037,A006872,BN0265,BN5831,Customer Request
BC0002346,2026-08-05 15:52:22,E0056,A002626,BN0381,BN5187,Customer Request
BC0002347,2026-08-16 13:05:28,E0049,A002165,BN0025,BN4191,Customer Request
BC0002348,2026-09-18 16:13:16,E0038,A005211,BN0608,BN9389,Customer Request
BC0002349,2026-08-02 15:09:41,E0097,A004546,BN0804,BN8747,Customer Request
BC0002350,2026-08-13 09:19:05,E0058,A005607,BN0309,BN5015,Customer Request
BC0002351,2026-08-01 14:47:51,E0092,A000594,BN0720,BN9405,Customer Request
BC0002352,2026-09-17 13:51:06,E0042,A000297,BN0216,BN2132,Customer Request
BC0002353,2026-08-02 09:28:42,E0001,A002129,BN0644,BN3644,Customer Request
BC0002354,2026-08-26 17:37:21,E0072,A005017,BN0897,BN7635,Customer Request
BC0002355,2026-08-11 12:49:21,E0096,A001820,BN0446,BN7099,Customer Request
BC0002356,2026-09-07 12:55:41,E0025,A005311,BN0103,BN9070,Customer Request
BC0002357,2026-08-20 15:36:41,E0088,A004216,BN0351,BN3964,Customer Request
BC0002358,2026-08-26 17:34:41,E0089,A001154,BN0894,BN2381,Customer Request
BC0002359,2026-09-20 16:22:58,E0050,A005879,BN0207,BN1759,Customer Request
BC0002360,2026-08-02 15:49:59,E0045,A004803,BN0233,BN4118,Customer Request
BC0002361,2026-08-02 14:45:00,E0020,A006234,BN0604,BN5133,Customer Request
BC0002362,2026-09-15 10:40:23,E0007,A006642,BN0704,BN1055,Customer Request
BC0002363,2026-08-14 13:31:38,E0076,A004171,BN0186,BN7966,Customer Request
BC0002364,2026-09-04 11:02:45,E0100,A000628,BN0538,BN4900,Customer Request
BC0002365,2026-09-22 15:35:30,E0070,A003960,BN0051,BN6490,Customer Request
BC0002366,2026-08-30 16:40:01,E0033,A000690,BN0709,BN5558,Customer Request
BC0002367,2026-08-18 13:59:58,E0032,A002232,BN0048,BN3584,Customer Request
BC0002368,2026-09-05 09:22:38,E0024,A005738,BN0213,BN3508,Customer Request
BC0002369,2026-08-28 11:44:10,E0087,A006815,BN0583,BN2533,Customer Request
BC0002370,2026-08-27 10:34:57,E0083,A000200,BN0213,BN8511,Customer Request
BC0002371,2026-09-23 17:09:01,E0045,A000377,BN0674,BN8689,Customer Request
BC0002372,2026-08-16 11:04:55,E0062,A005378,BN0282,BN4757,Customer Request
BC0002373,2026-09-25 11:58:09,E0066,A004254,BN0888,BN2060,Customer Request
BC0002374,2026-09-25 16:08:36,E0097,A005766,BN0149,BN3270,Customer Request
BC0002375,2026-09-23 10:31:46,E0077,A003559,BN0532,BN7047,Customer Request
BC0002376,2026-08-04 15:22:09,E0014,A002783,BN0292,BN6671,Customer Request
BC0002377,2026-08-11 12:21:09,E0075,A002222,BN0648,BN2070,Customer Request
BC0002378,2026-08-05 11:28:10,E0097,A005718,BN0804,BN6480,Customer Request
BC0002379,2026-08-31 14:55:41,E0012,A004039,BN0953,BN9224,Customer Request
BC0002380,2026-08-08 10:02:07,E0036,A005635,BN0951,BN7650,Customer Request
BC0002381,2026-08-23 13:14:04,E0071,A001649,BN0274,BN3835,Customer Request
BC0002382,2026-08-28 17:32:15,E0066,A003922,BN0720,BN3986,Customer Request
BC0002383,2026-08-04 10:52:24,E0031,A001657,BN0575,BN1511,Customer Request
BC0002384,2026-09-06 13:12:27,E0005,A002720,BN0075,BN3793,Customer Request
BC0002385,2026-08-23 10:35:53,E0061,A000928,BN0822,BN9227,Customer Request
BC0002386,2026-09-10 17:26:38,E0061,A006181,BN0894,BN3358,Customer Request
BC0002387,2026-08-14 13:47:27,E0071,A003715,BN0866,BN1873,Customer Request
BC0002388,2026-08-26 14:21:07,E0031,A000823,BN0870,BN5037,Customer Request
BC0002389,2026-08-07 17:18:48,E0090,A001944,BN0198,BN6709,Customer Request
BC0002390,2026-08-12 17:10:00,E0023,A002561,BN0803,BN9692,Customer Request
BC0002391,2026-09-25 16:17:49,E0082,A005876,BN0022,BN8697,Customer Request
BC0002392,2026-09-08 17:53:18,E0059,A000820,BN0247,BN2764,Customer Request
BC0002393,2026-09-07 09:40:00,E0076,A003165,BN0464,BN4858,Customer Request
BC0002394,2026-08-13 17:44:15,E0058,A003149,BN0904,BN2483,Customer Request
BC0002395,2026-08-25 09:27:12,E0059,A002272,BN0614,BN5676,Customer Request
BC0002396,2026-09-19 17:34:31,E0069,A002376,BN0387,BN8005,Customer Request
BC0002397,2026-09-09 12:34:07,E0065,A004317,BN0713,BN2295,Customer Request
BC0002398,2026-08-12 13:57:42,E0045,A006464,BN0745,BN7734,Customer Request
BC0002399,2026-08-07 13:18:08,E0052,A002726,BN0297,BN1099,Customer Request
BC0002400,2026-08-12 12:06:32,E0030,A003724,BN0466,BN7838,Customer Request
BC0002401,2026-08-03 10:18:36,E0032,A002907,BN0217,BN1837,Customer Request
BC0002402,2026-09-20 11:00:32,E0082,A000323,BN0632,BN9663,Customer Request
BC0002403,2026-09-02 15:19:15,E0036,A006765,BN0301,BN9447,Customer Request
BC0002404,2026-08-05 16:47:40,E0006,A005855,BN0557,BN4182,Customer Request
BC0002405,2026-09-18 09:17:15,E0028,A001920,BN0537,BN4740,Customer Request
BC0002406,2026-09-11 11:03:51,E0004,A006718,BN0874,BN8792,Customer Request
BC0002407,2026-09-06 15:11:13,E0098,A000876,BN0255,BN7083,Customer Request
BC0002408,2026-08-17 15:38:15,E0059,A001360,BN0434,BN7171,Customer Request
BC0002409,2026-08-12 12:13:37,E0056,A005663,BN0956,BN7303,Customer Request
BC0002410,2026-08-28 15:09:46,E0014,A004590,BN0795,BN3180,Customer Request
BC0002411,2026-09-17 15:21:16,E0100,A003116,BN0399,BN7751,Customer Request
BC0002412,2026-09-21 14:52:53,E0027,A006673,BN0587,BN4317,Customer Request
BC0002413,2026-09-25 15:54:10,E0052,A006431,BN0057,BN2710,Customer Request
BC0002414,2026-08-09 14:19:01,E0013,A003829,BN0847,BN8932,Customer Request
BC0002415,2026-08-26 13:34:10,E0079,A001358,BN0521,BN6440,Customer Request
BC0002416,2026-08-27 13:28:24,E0003,A006177,BN0186,BN7124,Customer Request
BC0002417,2026-08-28 11:36:39,E0051,A004978,BN0624,BN3666,Customer Request
BC0002418,2026-09-14 13:01:51,E0024,A001477,BN0474,BN4513,Customer Request
BC0002419,2026-08-28 16:52:55,E0020,A001068,BN0910,BN5616,Customer Request
BC0002420,2026-09-17 12:34:59,E0096,A003366,BN0215,BN7865,Customer Request
BC0002421,2026-09-11 14:05:05,E0058,A004238,BN0183,BN8523,Customer Request
BC0002422,2026-09-21 11:21:37,E0079,A000007,BN0919,BN2244,Customer Request
BC0002423,2026-08-17 16:46:46,E0082,A003722,BN0402,BN5332,Customer Request
BC0002424,2026-08-18 15:08:53,E0007,A002973,BN0756,BN8268,Customer Request
BC0002425,2026-08-18 10:47:23,E0037,A006337,BN0429,BN7276,Customer Request
BC0002426,2026-09-12 13:50:48,E0006,A001948,BN0437,BN5374,Customer Request
BC0002427,2026-09-04 11:32:14,E0061,A002722,BN0616,BN5353,Customer Request
BC0002428,2026-08-26 10:52:45,E0085,A006311,BN0561,BN5070,Customer Request
BC0002429,2026-08-21 11:17:37,E0019,A002439,BN0126,BN1709,Customer Request
BC0002430,2026-09-05 14:24:46,E0058,A003268,BN0020,BN3247,Customer Request
BC0002431,2026-08-28 10:55:06,E0010,A004661,BN0166,BN9234,Customer Request
BC0002432,2026-08-24 09:17:02,E0059,A001115,BN0781,BN3582,Customer Request
BC0002433,2026-09-02 15:23:16,E0075,A002947,BN0386,BN3259,Customer Request
BC0002434,2026-08-17 16:04:04,E0047,A004307,BN0083,BN3597,Customer Request
BC0002435,2026-08-30 14:28:51,E0082,A006087,BN0548,BN2404,Customer Request
BC0002436,2026-08-19 13:03:36,E0020,A002174,BN0049,BN2724,Customer Request
BC0002437,2026-08-21 10:24:06,E0061,A002815,BN0334,BN3604,Customer Request
BC0002438,2026-09-12 14:37:48,E0039,A004341,BN0028,BN8476,Customer Request
BC0002439,2026-09-21 17:22:51,E0020,A006905,BN0507,BN7911,Customer Request
BC0002440,2026-08-27 17:40:22,E0061,A000454,BN0933,BN4190,Customer Request
BC0002441,2026-08-27 11:13:05,E0026,A001106,BN0498,BN8097,Customer Request
BC0002442,2026-09-06 15:52:29,E0066,A004376,BN0561,BN7159,Customer Request
BC0002443,2026-08-24 10:44:49,E0071,A003680,BN0619,BN3793,Customer Request
BC0002444,2026-09-06 12:52:11,E0100,A006090,BN0558,BN2630,Customer Request
BC0002445,2026-09-07 15:31:23,E0043,A001654,BN0928,BN4359,Customer Request
BC0002446,2026-09-23 14:11:42,E0074,A004822,BN0059,BN3075,Customer Request
BC0002447,2026-09-19 14:43:32,E0092,A001964,BN0211,BN9032,Customer Request
BC0002448,2026-08-28 11:44:38,E0020,A004213,BN0300,BN2659,Customer Request
BC0002449,2026-08-06 17:10:47,E0054,A006612,BN0484,BN8707,Customer Request
BC0002450,2026-08-20 11:16:18,E0080,A001276,BN0799,BN3501,Customer Request
BC0002451,2026-09-01 15:22:27,E0092,A001877,BN0360,BN3112,Customer Request
BC0002452,2026-09-01 16:29:31,E0057,A000834,BN0472,BN6912,Customer Request
BC0002453,2026-08-07 14:16:50,E0043,A001660,BN0573,BN5541,Customer Request
BC0002454,2026-08-31 14:05:59,E0008,A003691,BN0390,BN8971,Customer Request
BC0002455,2026-09-09 14:25:02,E0008,A000501,BN0813,BN6159,Customer Request
BC0002456,2026-08-15 11:42:10,E0073,A003029,BN0473,BN2645,Customer Request
BC0002457,2026-08-02 09:15:24,E0058,A005668,BN0336,BN5330,Customer Request
BC0002458,2026-08-02 16:50:05,E0082,A005503,BN0290,BN8979,Customer Request
BC0002459,2026-09-19 14:38:56,E0094,A005933,BN0156,BN7780,Customer Request
BC0002460,2026-08-18 12:48:40,E0058,A002891,BN0774,BN2401,Customer Request
BC0002461,2026-08-10 15:44:32,E0095,A001159,BN0675,BN7130,Customer Request
BC0002462,2026-09-01 12:05:22,E0063,A000575,BN0753,BN1892,Customer Request
BC0002463,2026-08-16 17:39:54,E0053,A003204,BN0673,BN4860,Customer Request
BC0002464,2026-09-15 16:12:44,E0031,A002905,BN0663,BN7629,Customer Request
BC0002465,2026-08-25 14:06:22,E0077,A002515,BN0181,BN2909,Customer Request
BC0002466,2026-08-14 09:46:33,E0082,A000922,BN0706,BN6823,Customer Request
BC0002467,2026-08-09 09:37:12,E0062,A005441,BN0406,BN6872,Customer Request
BC0002468,2026-08-02 16:29:44,E0039,A003056,BN0508,BN4498,Customer Request
BC0002469,2026-08-17 12:30:49,E0085,A003262,BN0526,BN3327,Customer Request
BC0002470,2026-09-08 16:59:16,E0012,A002631,BN0907,BN7029,Customer Request
BC0002471,2026-09-20 16:33:16,E0012,A002449,BN0928,BN6314,Customer Request
BC0002472,2026-08-09 12:30:35,E0073,A006115,BN0181,BN8931,Customer Request
BC0002473,2026-09-16 10:21:09,E0039,A006091,BN0253,BN7227,Customer Request
BC0002474,2026-09-15 17:23:44,E0094,A000908,BN0244,BN6979,Customer Request
BC0002475,2026-09-11 10:36:18,E0023,A006760,BN0248,BN4034,Customer Request
BC0002476,2026-09-06 17:16:46,E0010,A006379,BN0360,BN5394,Customer Request
BC0002477,2026-08-22 11:56:57,E0063,A005347,BN0710,BN8632,Customer Request
BC0002478,2026-08-06 09:01:22,E0053,A003381,BN0074,BN3199,Customer Request
BC0002479,2026-08-25 12:16:49,E0025,A006034,BN0276,BN3245,Customer Request
BC0002480,2026-08-20 09:44:12,E0040,A000832,BN0690,BN8208,Customer Request
BC0002481,2026-08-07 17:54:37,E0022,A000884,BN0384,BN8174,Customer Request
BC0002482,2026-08-22 15:59:06,E0069,A001594,BN0868,BN2762,Customer Request
BC0002483,2026-09-09 09:14:44,E0092,A000902,BN0827,BN5269,Customer Request
BC0002484,2026-08-22 09:45:19,E0081,A006279,BN0678,BN8506,Customer Request
BC0002485,2026-08-14 12:11:21,E0065,A005894,BN0064,BN6329,Customer Request
BC0002486,2026-09-07 13:25:56,E0095,A001024,BN0764,BN2674,Customer Request
BC0002487,2026-08-24 09:09:11,E0096,A002676,BN0809,BN8141,Customer Request
BC0002488,2026-08-27 13:57:59,E0096,A002137,BN0035,BN2959,Customer Request
BC0002489,2026-08-19 16:43:52,E0016,A001758,BN0491,BN1069,Customer Request
BC0002490,2026-09-15 15:56:31,E0062,A000474,BN0849,BN5316,Customer Request
BC0002491,2026-08-21 17:12:56,E0037,A006766,BN0859,BN4982,Customer Request
BC0002492,2026-09-18 16:21:07,E0055,A005157,BN0885,BN7920,Customer Request
BC0002493,2026-08-21 11:38:48,E0091,A006232,BN0889,BN3774,Customer Request
BC0002494,2026-09-04 10:52:34,E0027,A001582,BN0307,BN7410,Customer Request
BC0002495,2026-09-01 13:45:30,E0036,A006444,BN0034,BN6903,Customer Request
BC0002496,2026-08-29 14:33:29,E0073,A004675,BN0333,BN9985,Customer Request
BC0002497,2026-09-12 12:34:08,E0070,A000759,BN0191,BN8379,Customer Request
BC0002498,2026-08-23 17:30:48,E0086,A006108,BN0033,BN3274,Customer Request
BC0002499,2026-08-25 16:20:03,E0084,A005077,BN0593,BN2928,Customer Request
BC0002500,2026-09-15 10:06:28,E0033,A002515,BN0648,BN5925,Customer Request
BC0002501,2026-09-25 13:44:36,E0009,A004247,BN0779,BN9079,Customer Request
BC0002502,2026-08-08 16:23:52,E0094,A002538,BN0468,BN2375,Customer Request
BC0002503,2026-08-11 15:17:10,E0007,A002559,BN0341,BN1637,Customer Request
BC0002504,2026-08-12 10:06:39,E0095,A004185,BN0826,BN2072,Customer Request
BC0002505,2026-08-19 09:59:45,E0059,A006019,BN0022,BN3765,Customer Request
BC0002506,2026-08-29 14:30:25,E0079,A004262,BN0445,BN4559,Customer Request
BC0002507,2026-09-24 09:27:10,E0080,A003437,BN0181,BN8366,Customer Request
BC0002508,2026-09-06 12:25:45,E0001,A004497,BN0070,BN9387,Customer Request
BC0002509,2026-09-18 09:27:20,E0050,A002849,BN0210,BN7778,Customer Request
BC0002510,2026-09-18 09:43:23,E0033,A004089,BN0797,BN1222,Customer Request
BC0002511,2026-09-21 10:21:02,E0060,A002750,BN0269,BN6537,Customer Request
BC0002512,2026-08-15 13:43:50,E0075,A003232,BN0379,BN4417,Customer Request
BC0002513,2026-09-07 11:16:03,E0090,A004022,BN0046,BN2828,Customer Request
BC0002514,2026-09-05 12:07:59,E0011,A005188,BN0053,BN4508,Customer Request
BC0002515,2026-09-07 13:33:15,E0005,A002235,BN0746,BN3112,Customer Request
BC0002516,2026-08-22 11:15:01,E0026,A005483,BN0592,BN5827,Customer Request
BC0002517,2026-08-12 10:20:02,E0064,A004831,BN0920,BN5707,Customer Request
BC0002518,2026-09-02 16:12:55,E0009,A003045,BN0847,BN1459,Customer Request
BC0002519,2026-09-17 09:09:01,E0003,A002681,BN0853,BN8900,Customer Request
BC0002520,2026-08-23 17:39:39,E0056,A001786,BN0254,BN4156,Customer Request
BC0002521,2026-08-02 11:27:24,E0091,A006050,BN0189,BN6168,Customer Request
BC0002522,2026-09-24 17:39:21,E0011,A004841,BN0411,BN3802,Customer Request
BC0002523,2026-09-21 10:28:49,E0077,A000298,BN0527,BN4813,Customer Request
BC0002524,2026-08-22 11:38:34,E0077,A001501,BN0075,BN1084,Customer Request
BC0002525,2026-09-01 16:45:52,E0001,A001961,BN0810,BN9670,Customer Request
BC0002526,2026-09-05 14:11:39,E0070,A001956,BN0569,BN9758,Customer Request
BC0002527,2026-08-05 11:10:00,E0024,A005580,BN0594,BN9675,Customer Request
BC0002528,2026-09-08 16:27:09,E0027,A006137,BN0908,BN6504,Customer Request
BC0002529,2026-08-27 12:29:34,E0034,A004847,BN0317,BN9953,Customer Request
BC0002530,2026-09-16 15:48:09,E0007,A005892,BN0038,BN9804,Customer Request
BC0002531,2026-08-14 17:18:33,E0084,A003160,BN0460,BN2771,Customer Request
BC0002532,2026-08-01 12:27:03,E0022,A005189,BN0977,BN2481,Customer Request
BC0002533,2026-09-03 11:05:27,E0002,A003134,BN0901,BN1444,Customer Request
BC0002534,2026-09-22 14:26:26,E0076,A000987,BN0616,BN7041,Customer Request
BC0002535,2026-09-05 09:18:27,E0081,A001372,BN0432,BN6083,Customer Request
BC0002536,2026-08-15 09:00:55,E0066,A003610,BN0326,BN8752,Customer Request
BC0002537,2026-09-07 12:25:33,E0037,A000219,BN0856,BN1347,Customer Request
BC0002538,2026-08-24 16:14:19,E0032,A002865,BN0438,BN3181,Customer Request
BC0002539,2026-09-10 10:12:08,E0014,A001568,BN0386,BN9062,Customer Request
BC0002540,2026-09-10 12:26:47,E0024,A003638,BN0521,BN6445,Customer Request
BC0002541,2026-09-21 15:30:38,E0007,A004185,BN0499,BN1723,Customer Request
BC0002542,2026-09-02 13:52:59,E0091,A002873,BN0596,BN6625,Customer Request
BC0002543,2026-09-20 16:15:11,E0019,A002561,BN0713,BN8390,Customer Request
BC0002544,2026-08-21 11:37:29,E0023,A004861,BN0115,BN6131,Customer Request
BC0002545,2026-08-19 16:01:45,E0042,A005203,BN0156,BN2601,Customer Request
BC0002546,2026-08-20 13:15:55,E0001,A002376,BN0366,BN6755,Customer Request
BC0002547,2026-08-23 14:29:33,E0056,A005770,BN0090,BN9302,Customer Request
BC0002548,2026-08-06 13:47:40,E0060,A001740,BN0436,BN4419,Customer Request
BC0002549,2026-08-12 09:11:37,E0026,A001750,BN0643,BN1872,Customer Request
BC0002550,2026-08-03 15:00:34,E0029,A004311,BN0872,BN7434,Customer Request
BC0002551,2026-08-29 14:27:36,E0086,A000329,BN0867,BN8016,Customer Request
BC0002552,2026-09-09 15:15:21,E0035,A003583,BN0369,BN3077,Customer Request
BC0002553,2026-08-19 17:20:56,E0024,A003516,BN0475,BN2921,Customer Request
BC0002554,2026-08-23 12:23:11,E0038,A001596,BN0318,BN4318,Customer Request
BC0002555,2026-08-19 11:02:51,E0011,A001822,BN0892,BN3732,Customer Request
BC0002556,2026-08-20 12:20:31,E0013,A000735,BN0276,BN8312,Customer Request
BC0002557,2026-08-10 09:41:25,E0080,A003699,BN0749,BN6359,Customer Request
BC0002558,2026-09-22 09:37:33,E0041,A004746,BN0887,BN2394,Customer Request
BC0002559,2026-09-17 16:25:56,E0005,A003304,BN0855,BN6981,Customer Request
BC0002560,2026-09-06 15:00:48,E0077,A000893,BN0840,BN5153,Customer Request
BC0002561,2026-09-22 11:28:12,E0049,A003524,BN0101,BN5194,Customer Request
BC0002562,2026-09-06 17:00:17,E0092,A005121,BN0786,BN5919,Customer Request
BC0002563,2026-08-15 12:33:40,E0059,A000384,BN0383,BN5356,Customer Request
BC0002564,2026-09-17 16:52:55,E0066,A000666,BN0923,BN7358,Customer Request
BC0002565,2026-09-16 10:30:31,E0029,A001369,BN0300,BN5060,Customer Request
BC0002566,2026-08-22 14:24:58,E0025,A003724,BN0844,BN8284,Customer Request
BC0002567,2026-08-12 13:10:04,E0082,A004434,BN0147,BN3293,Customer Request
BC0002568,2026-09-23 11:27:07,E0075,A006431,BN0900,BN8611,Customer Request
BC0002569,2026-09-14 10:19:28,E0099,A006422,BN0706,BN9598,Customer Request
BC0002570,2026-09-04 09:28:00,E0088,A003543,BN0319,BN9520,Customer Request
BC0002571,2026-08-10 16:28:04,E0011,A005251,BN0754,BN3371,Customer Request
BC0002572,2026-09-14 09:36:15,E0100,A006059,BN0709,BN8011,Customer Request
BC0002573,2026-08-21 15:27:15,E0089,A000418,BN0783,BN2114,Customer Request
BC0002574,2026-09-17 14:41:18,E0053,A004965,BN0803,BN4291,Customer Request
BC0002575,2026-08-10 14:03:41,E0076,A001959,BN0455,BN4023,Customer Request
BC0002576,2026-08-16 11:33:21,E0098,A000535,BN0768,BN5886,Customer Request
BC0002577,2026-08-11 17:59:13,E0100,A006821,BN0716,BN8027,Customer Request
BC0002578,2026-09-03 15:21:45,E0065,A003293,BN0883,BN5133,Customer Request
BC0002579,2026-09-14 16:11:23,E0030,A003991,BN0644,BN9480,Customer Request
BC0002580,2026-09-21 12:45:06,E0098,A006233,BN0248,BN7821,Customer Request
BC0002581,2026-08-23 17:42:25,E0010,A000831,BN0250,BN8407,Customer Request
BC0002582,2026-09-15 13:20:40,E0087,A000191,BN0536,BN7827,Customer Request
BC0002583,2026-08-26 16:18:37,E0026,A006328,BN0672,BN7507,Customer Request
BC0002584,2026-08-02 15:30:03,E0042,A003580,BN0498,BN5592,Customer Request
BC0002585,2026-08-08 14:47:57,E0033,A002632,BN0851,BN1002,Customer Request
BC0002586,2026-08-24 12:02:49,E0006,A004492,BN0350,BN8994,Customer Request
BC0002587,2026-08-17 16:27:07,E0056,A004176,BN0331,BN3776,Customer Request
BC0002588,2026-09-12 10:38:43,E0039,A005064,BN0253,BN2129,Customer Request
BC0002589,2026-08-17 12:47:10,E0073,A002245,BN0317,BN3373,Customer Request
BC0002590,2026-09-21 11:02:23,E0041,A003362,BN0570,BN5529,Customer Request
BC0002591,2026-08-25 12:17:23,E0048,A006622,BN0175,BN6209,Customer Request
BC0002592,2026-08-13 15:21:50,E0004,A001235,BN0402,BN6074,Customer Request
BC0002593,2026-08-11 09:34:00,E0004,A005322,BN0246,BN3839,Customer Request
BC0002594,2026-09-18 15:36:49,E0100,A006031,BN0076,BN6454,Customer Request
BC0002595,2026-08-19 10:14:40,E0028,A004095,BN0714,BN1222,Customer Request
BC0002596,2026-08-05 10:59:13,E0006,A001165,BN0589,BN2208,Customer Request
BC0002597,2026-08-02 09:46:40,E0001,A006297,BN0495,BN3308,Customer Request
BC0002598,2026-08-23 09:40:25,E0015,A003224,BN0791,BN5502,Customer Request
BC0002599,2026-08-01 14:49:22,E0054,A000470,BN0467,BN3513,Customer Request
BC0002600,2026-08-29 13:52:04,E0073,A002754,BN0617,BN8649,Customer Request
BC0002601,2026-09-15 12:35:11,E0050,A000303,BN0171,BN5295,Customer Request
BC0002602,2026-09-04 10:51:34,E0021,A003528,BN0518,BN1290,Customer Request
BC0002603,2026-09-08 17:40:47,E0005,A006100,BN0913,BN2929,Customer Request
BC0002604,2026-08-17 14:33:59,E0008,A001894,BN0274,BN9967,Customer Request
BC0002605,2026-08-31 14:19:53,E0077,A004845,BN0811,BN4511,Customer Request
BC0002606,2026-08-27 17:36:04,E0092,A000773,BN0976,BN5370,Customer Request
BC0002607,2026-09-25 13:32:00,E0038,A005169,BN0494,BN9390,Customer Request
BC0002608,2026-08-17 12:05:12,E0046,A003323,BN0357,BN3931,Customer Request
BC0002609,2026-08-16 16:37:19,E0044,A006686,BN0373,BN8092,Customer Request
BC0002610,2026-08-16 16:31:47,E0002,A003296,BN0289,BN9961,Customer Request
BC0002611,2026-08-18 12:15:58,E0008,A000953,BN0330,BN1404,Customer Request
BC0002612,2026-08-19 09:56:36,E0033,A000607,BN0861,BN6698,Customer Request
BC0002613,2026-08-30 16:45:51,E0024,A006937,BN0312,BN3013,Customer Request
BC0002614,2026-09-24 17:08:38,E0061,A005131,BN0679,BN6727,Customer Request
BC0002615,2026-08-03 13:57:20,E0055,A005410,BN0556,BN9663,Customer Request
BC0002616,2026-08-07 10:49:18,E0046,A003924,BN0744,BN6095,Customer Request
BC0002617,2026-08-03 15:33:41,E0021,A002237,BN0790,BN9183,Customer Request
BC0002618,2026-08-07 16:50:20,E0035,A005464,BN0841,BN7956,Customer Request
BC0002619,2026-08-19 11:12:23,E0074,A004728,BN0789,BN6810,Customer Request
BC0002620,2026-09-06 16:26:28,E0097,A003569,BN0831,BN5885,Customer Request
BC0002621,2026-09-24 09:44:32,E0081,A006869,BN0738,BN4599,Customer Request
BC0002622,2026-08-10 10:23:59,E0061,A005000,BN0729,BN8562,Customer Request
BC0002623,2026-08-17 13:40:32,E0089,A001978,BN0991,BN7194,Customer Request
BC0002624,2026-08-05 16:20:06,E0016,A006811,BN0320,BN6934,Customer Request
BC0002625,2026-08-09 09:46:54,E0016,A000222,BN0514,BN2927,Customer Request
BC0002626,2026-08-19 17:20:15,E0030,A005505,BN0001,BN3506,Customer Request
BC0002627,2026-08-02 12:09:34,E0073,A004667,BN0436,BN9037,Customer Request
BC0002628,2026-08-05 14:23:33,E0094,A004750,BN0215,BN5602,Customer Request
BC0002629,2026-09-23 09:15:00,E0013,A002381,BN0972,BN5066,Customer Request
BC0002630,2026-09-19 13:09:17,E0027,A002809,BN0382,BN2379,Customer Request
BC0002631,2026-08-06 15:23:11,E0071,A001159,BN0500,BN4566,Customer Request
BC0002632,2026-08-15 17:39:56,E0022,A003704,BN0131,BN2347,Customer Request
BC0002633,2026-09-08 10:23:30,E0030,A000312,BN0243,BN1127,Customer Request
BC0002634,2026-09-24 12:26:15,E0051,A005490,BN0681,BN6141,Customer Request
BC0002635,2026-08-11 11:43:07,E0059,A004313,BN0644,BN7880,Customer Request
BC0002636,2026-08-14 17:31:49,E0017,A005685,BN0865,BN8278,Customer Request
BC0002637,2026-08-16 16:00:09,E0092,A005805,BN0821,BN2055,Customer Request
BC0002638,2026-08-23 16:36:27,E0040,A000927,BN0426,BN7994,Customer Request
BC0002639,2026-08-25 14:43:07,E0027,A003057,BN0827,BN3257,Customer Request
BC0002640,2026-09-11 11:35:18,E0100,A001674,BN0827,BN8997,Customer Request
BC0002641,2026-08-31 11:48:52,E0040,A000275,BN0913,BN7812,Customer Request
BC0002642,2026-09-14 15:52:10,E0076,A004476,BN0704,BN2612,Customer Request
BC0002643,2026-09-21 15:29:35,E0074,A005655,BN0459,BN8365,Customer Request
BC0002644,2026-09-01 16:46:33,E0024,A005813,BN0668,BN5302,Customer Request
BC0002645,2026-09-01 12:09:01,E0096,A005800,BN0736,BN1814,Customer Request
BC0002646,2026-09-19 09:27:45,E0010,A006607,BN0540,BN3642,Customer Request
BC0002647,2026-09-18 10:50:34,E0022,A001389,BN0863,BN2566,Customer Request
BC0002648,2026-09-19 16:00:24,E0073,A004543,BN0422,BN8996,Customer Request
BC0002649,2026-09-11 15:00:46,E0060,A005758,BN0491,BN8471,Customer Request
BC0002650,2026-08-21 11:16:48,E0013,A002333,BN0879,BN4400,Customer Request
BC0002651,2026-08-01 15:07:41,E0040,A000355,BN0537,BN9936,Customer Request
BC0002652,2026-08-01 13:14:58,E0015,A002152,BN0171,BN1043,Customer Request
BC0002653,2026-08-19 14:32:52,E0061,A003602,BN0451,BN5881,Customer Request
BC0002654,2026-09-01 14:04:47,E0007,A005452,BN0869,BN5173,Customer Request
BC0002655,2026-09-20 13:22:44,E0091,A003190,BN0174,BN5299,Customer Request
BC0002656,2026-09-23 16:16:08,E0007,A004493,BN0693,BN1762,Customer Request
BC0002657,2026-08-18 15:19:14,E0070,A002270,BN0269,BN5247,Customer Request
BC0002658,2026-08-28 15:26:41,E0057,A000086,BN0122,BN4442,Customer Request
BC0002659,2026-09-02 12:17:31,E0077,A001603,BN0498,BN7144,Customer Request
BC0002660,2026-09-19 10:06:03,E0084,A000753,BN0198,BN4688,Customer Request
BC0002661,2026-09-24 10:30:56,E0068,A005106,BN0201,BN2220,Customer Request
BC0002662,2026-09-04 15:53:20,E0090,A001675,BN0234,BN5503,Customer Request
BC0002663,2026-08-05 17:56:46,E0062,A000807,BN0486,BN1267,Customer Request
BC0002664,2026-08-28 15:11:09,E0020,A004338,BN0456,BN9527,Customer Request
BC0002665,2026-08-02 09:23:35,E0023,A005976,BN0710,BN2404,Customer Request
BC0002666,2026-09-04 17:52:43,E0091,A001690,BN0006,BN9192,Customer Request
BC0002667,2026-09-16 10:20:44,E0053,A005854,BN0975,BN6641,Customer Request
BC0002668,2026-08-03 09:24:45,E0043,A005669,BN0821,BN9620,Customer Request
BC0002669,2026-09-16 13:42:33,E0061,A005339,BN0085,BN6192,Customer Request
BC0002670,2026-09-23 12:44:23,E0091,A001599,BN0630,BN2189,Customer Request
BC0002671,2026-08-15 13:06:20,E0010,A003270,BN0786,BN9733,Customer Request
BC0002672,2026-08-10 17:47:21,E0011,A003112,BN0193,BN3011,Customer Request
BC0002673,2026-09-04 11:50:35,E0026,A006100,BN0096,BN3280,Customer Request
BC0002674,2026-08-17 09:02:50,E0006,A004294,BN0128,BN7774,Customer Request
BC0002675,2026-08-14 10:07:37,E0063,A001399,BN0346,BN8949,Customer Request
BC0002676,2026-09-08 14:39:45,E0067,A003328,BN0131,BN3587,Customer Request
BC0002677,2026-08-20 14:21:23,E0015,A006938,BN0666,BN1343,Customer Request
BC0002678,2026-08-03 12:49:24,E0057,A006376,BN0153,BN1904,Customer Request
BC0002679,2026-08-27 11:45:45,E0003,A001358,BN0310,BN2407,Customer Request
BC0002680,2026-08-18 11:33:52,E0008,A003145,BN0692,BN2763,Customer Request
BC0002681,2026-09-03 11:15:27,E0062,A003785,BN0276,BN6389,Customer Request
BC0002682,2026-09-13 11:59:49,E0079,A005962,BN0218,BN7373,Customer Request
BC0002683,2026-09-14 17:27:52,E0096,A002285,BN0960,BN9046,Customer Request
BC0002684,2026-09-21 16:11:18,E0028,A003723,BN0689,BN1769,Customer Request
BC0002685,2026-09-01 16:09:30,E0093,A001330,BN0334,BN8174,Customer Request
BC0002686,2026-09-23 09:55:55,E0074,A003875,BN0174,BN1104,Customer Request
BC0002687,2026-09-12 10:13:32,E0031,A000513,BN0185,BN7588,Customer Request
BC0002688,2026-08-23 13:07:50,E0026,A001310,BN0121,BN4559,Customer Request
BC0002689,2026-08-08 09:45:05,E0066,A005129,BN0948,BN8628,Customer Request
BC0002690,2026-08-24 15:45:04,E0044,A002149,BN0186,BN8291,Customer Request
BC0002691,2026-08-21 14:37:19,E0066,A000839,BN0845,BN2902,Customer Request
BC0002692,2026-08-13 13:22:36,E0038,A002734,BN0411,BN8154,Customer Request
BC0002693,2026-09-12 13:19:56,E0085,A003907,BN0787,BN8471,Customer Request
BC0002694,2026-09-22 17:25:20,E0009,A002919,BN0303,BN3272,Customer Request
BC0002695,2026-09-04 09:43:45,E0041,A003349,BN0990,BN3239,Customer Request
BC0002696,2026-08-20 10:30:18,E0067,A001927,BN0734,BN6973,Customer Request
BC0002697,2026-09-22 11:24:38,E0077,A001499,BN0584,BN7207,Customer Request
BC0002698,2026-09-13 09:36:02,E0093,A005876,BN0591,BN7272,Customer Request
BC0002699,2026-08-05 13:59:45,E0032,A004943,BN0126,BN6485,Customer Request
BC0002700,2026-08-06 10:01:28,E0052,A001368,BN0490,BN4300,Customer Request
BC0002701,2026-08-12 11:56:19,E0014,A001158,BN0420,BN1539,Customer Request
BC0002702,2026-08-27 16:03:32,E0077,A003348,BN0787,BN3744,Customer Request
BC0002703,2026-09-17 10:37:12,E0006,A000434,BN0082,BN6546,Customer Request
BC0002704,2026-08-06 10:18:55,E0030,A000527,BN0668,BN7510,Customer Request
BC0002705,2026-08-06 13:18:40,E0078,A006445,BN0382,BN9122,Customer Request
BC0002706,2026-09-10 17:06:24,E0097,A005497,BN0459,BN3047,Customer Request
BC0002707,2026-08-24 15:11:22,E0033,A006286,BN0954,BN3172,Customer Request
BC0002708,2026-08-01 13:58:06,E0050,A004748,BN0194,BN9774,Customer Request
BC0002709,2026-08-13 16:17:34,E0067,A005867,BN0960,BN9989,Customer Request
BC0002710,2026-09-16 15:43:35,E0073,A000021,BN0573,BN8056,Customer Request
BC0002711,2026-09-01 14:56:47,E0019,A000972,BN0804,BN4134,Customer Request
BC0002712,2026-09-25 09:43:00,E0007,A005347,BN0060,BN5223,Customer Request
BC0002713,2026-09-25 17:03:32,E0009,A006585,BN0681,BN9950,Customer Request
BC0002714,2026-09-09 12:09:45,E0060,A001434,BN0660,BN9416,Customer Request
BC0002715,2026-09-15 12:52:10,E0095,A000975,BN0192,BN7098,Customer Request
BC0002716,2026-08-01 14:17:01,E0073,A000527,BN0835,BN5724,Customer Request
BC0002717,2026-09-23 11:44:23,E0052,A006272,BN0159,BN4970,Customer Request
BC0002718,2026-08-30 12:34:39,E0098,A005469,BN0593,BN8524,Customer Request
BC0002719,2026-08-10 17:38:13,E0022,A000175,BN0270,BN2636,Customer Request
BC0002720,2026-08-06 12:30:57,E0068,A001023,BN0170,BN2255,Customer Request
BC0002721,2026-08-27 12:37:18,E0066,A001535,BN0176,BN2899,Customer Request
BC0002722,2026-08-07 11:53:16,E0066,A002999,BN0348,BN4432,Customer Request
BC0002723,2026-08-03 11:34:40,E0005,A004283,BN0016,BN1527,Customer Request
BC0002724,2026-09-13 17:53:38,E0046,A002985,BN0872,BN4547,Customer Request
BC0002725,2026-09-19 16:29:12,E0022,A002888,BN0881,BN6501,Customer Request
BC0002726,2026-09-14 12:31:30,E0070,A006628,BN0662,BN8992,Customer Request
BC0002727,2026-08-26 09:31:02,E0064,A003481,BN0298,BN3727,Customer Request
BC0002728,2026-08-27 11:48:42,E0068,A004639,BN0803,BN9987,Customer Request
BC0002729,2026-08-03 15:37:49,E0051,A001097,BN0561,BN5649,Customer Request
BC0002730,2026-08-07 13:47:24,E0059,A004566,BN0019,BN3134,Customer Request
BC0002731,2026-08-18 16:09:47,E0043,A001872,BN0397,BN3999,Customer Request
BC0002732,2026-09-09 14:39:09,E0082,A003265,BN0646,BN6005,Customer Request
BC0002733,2026-08-22 13:21:38,E0065,A003837,BN0915,BN4901,Customer Request
BC0002734,2026-08-01 10:47:44,E0005,A003890,BN0530,BN7239,Customer Request
BC0002735,2026-09-20 14:26:15,E0040,A002623,BN0926,BN6166,Customer Request
BC0002736,2026-09-09 16:07:05,E0068,A005169,BN0686,BN4156,Customer Request
BC0002737,2026-09-09 10:29:28,E0032,A003017,BN0281,BN3449,Customer Request
BC0002738,2026-09-10 17:24:47,E0057,A002921,BN0141,BN9534,Customer Request
BC0002739,2026-09-19 17:20:47,E0020,A000027,BN0597,BN2843,Customer Request
BC0002740,2026-08-26 10:40:36,E0022,A005643,BN0716,BN5425,Customer Request
BC0002741,2026-09-14 16:08:47,E0085,A006273,BN0474,BN3266,Customer Request
BC0002742,2026-08-29 15:20:00,E0037,A000510,BN0701,BN5434,Customer Request
BC0002743,2026-09-15 16:35:38,E0009,A001684,BN0803,BN3690,Customer Request
BC0002744,2026-08-02 15:27:05,E0041,A005033,BN0552,BN4184,Customer Request
BC0002745,2026-09-20 09:38:37,E0045,A002095,BN0172,BN6496,Customer Request
BC0002746,2026-09-21 10:03:07,E0083,A001917,BN0667,BN4203,Customer Request
BC0002747,2026-08-29 13:33:50,E0082,A005256,BN0631,BN6326,Customer Request
BC0002748,2026-08-13 11:53:13,E0092,A005943,BN0461,BN4471,Customer Request
BC0002749,2026-08-30 09:27:37,E0036,A003219,BN0315,BN3797,Customer Request
BC0002750,2026-08-20 09:34:03,E0029,A006694,BN0954,BN3506,Customer Request
BC0002751,2026-09-02 13:34:09,E0016,A001127,BN0093,BN2682,Customer Request
BC0002752,2026-09-16 14:35:31,E0088,A006036,BN0120,BN7786,Customer Request
BC0002753,2026-08-13 17:33:53,E0093,A001546,BN0230,BN4398,Customer Request
BC0002754,2026-08-19 16:10:34,E0095,A002866,BN0133,BN5764,Customer Request
BC0002755,2026-08-08 11:23:00,E0062,A002412,BN0030,BN4114,Customer Request
BC0002756,2026-08-08 12:50:40,E0086,A005349,BN0720,BN4238,Customer Request
BC0002757,2026-08-14 12:21:35,E0075,A006800,BN0493,BN8661,Customer Request
BC0002758,2026-08-09 14:42:31,E0003,A001194,BN0252,BN3879,Customer Request
BC0002759,2026-08-03 14:22:38,E0068,A000478,BN0859,BN6297,Customer Request
BC0002760,2026-09-12 13:55:49,E0071,A003011,BN0278,BN4702,Customer Request
BC0002761,2026-09-23 12:50:06,E0038,A001584,BN0777,BN6440,Customer Request
BC0002762,2026-09-24 16:19:33,E0050,A003125,BN0406,BN9834,Customer Request
BC0002763,2026-08-10 10:06:06,E0080,A006380,BN0403,BN6466,Customer Request
BC0002764,2026-08-29 13:37:00,E0028,A001976,BN0437,BN7698,Customer Request
BC0002765,2026-08-26 15:00:13,E0054,A003507,BN0602,BN7286,Customer Request
BC0002766,2026-09-05 17:54:13,E0024,A002904,BN0400,BN6894,Customer Request
BC0002767,2026-09-14 14:38:03,E0058,A002158,BN0887,BN3951,Customer Request
BC0002768,2026-08-14 09:56:50,E0014,A002909,BN0491,BN1490,Customer Request
BC0002769,2026-08-23 17:28:29,E0048,A002072,BN0482,BN7464,Customer Request
BC0002770,2026-09-03 13:20:38,E0049,A002470,BN0703,BN9202,Customer Request
BC0002771,2026-08-15 14:15:18,E0041,A001312,BN0953,BN3845,Customer Request
BC0002772,2026-09-01 11:19:43,E0096,A001196,BN0025,BN1042,Customer Request
BC0002773,2026-09-18 14:03:21,E0067,A000173,BN0142,BN7508,Customer Request
BC0002774,2026-08-18 13:47:59,E0077,A006952,BN0650,BN4934,Customer Request
BC0002775,2026-08-19 15:23:14,E0070,A002619,BN0429,BN8926,Customer Request
BC0002776,2026-09-08 10:03:09,E0091,A002800,BN0411,BN3438,Customer Request
BC0002777,2026-08-13 10:39:11,E0019,A005428,BN0926,BN8849,Customer Request
BC0002778,2026-08-20 13:28:01,E0010,A004420,BN0235,BN6380,Customer Request
BC0002779,2026-08-12 17:55:03,E0013,A005446,BN0243,BN3542,Customer Request
BC0002780,2026-08-26 10:37:19,E0098,A001211,BN0411,BN3722,Customer Request
BC0002781,2026-08-11 15:52:32,E0086,A001200,BN0202,BN4088,Customer Request
BC0002782,2026-08-22 17:13:28,E0032,A001478,BN0412,BN8520,Customer Request
BC0002783,2026-08-14 15:44:08,E0024,A002508,BN0319,BN9750,Customer Request
BC0002784,2026-09-20 14:57:04,E0031,A002081,BN0094,BN6060,Customer Request
BC0002785,2026-09-15 11:27:07,E0044,A001401,BN0488,BN3451,Customer Request
BC0002786,2026-09-03 12:38:38,E0003,A004420,BN0841,BN2723,Customer Request
BC0002787,2026-08-12 11:27:53,E0057,A000798,BN0080,BN7446,Customer Request
BC0002788,2026-08-15 11:41:15,E0053,A000747,BN0476,BN9226,Customer Request
BC0002789,2026-09-25 10:59:17,E0081,A000064,BN0877,BN5797,Customer Request
BC0002790,2026-08-25 09:25:08,E0027,A001488,BN0096,BN2524,Customer Request
BC0002791,2026-09-24 17:48:36,E0043,A003066,BN0788,BN1067,Customer Request
BC0002792,2026-08-19 10:01:04,E0073,A006339,BN0679,BN7711,Customer Request
BC0002793,2026-08-22 12:52:39,E0072,A003241,BN0199,BN9594,Customer Request
BC0002794,2026-08-17 16:02:26,E0056,A004938,BN0830,BN9987,Customer Request
BC0002795,2026-09-22 15:39:21,E0071,A000952,BN0252,BN7498,Customer Request
BC0002796,2026-09-05 11:34:10,E0006,A004158,BN0362,BN8124,Customer Request
BC0002797,2026-09-11 16:37:09,E0001,A004327,BN0142,BN2457,Customer Request
BC0002798,2026-08-13 17:34:09,E0081,A005245,BN0396,BN5899,Customer Request
BC0002799,2026-08-09 12:51:24,E0069,A006041,BN0411,BN9906,Customer Request
BC0002800,2026-09-24 14:56:41,E0022,A002000,BN0076,BN8781,Customer Request
BC0002801,2026-08-18 10:28:20,E0028,A002616,BN0298,BN8331,Customer Request
BC0002802,2026-08-03 11:53:09,E0013,A005370,BN0145,BN3536,Customer Request
BC0002803,2026-08-21 17:09:39,E0031,A004223,BN0338,BN4548,Customer Request
BC0002804,2026-08-09 15:06:45,E0046,A006777,BN0815,BN9101,Customer Request
BC0002805,2026-08-29 15:36:44,E0037,A000325,BN0206,BN3278,Customer Request
BC0002806,2026-08-21 14:49:29,E0073,A003191,BN0964,BN9877,Customer Request
BC0002807,2026-09-25 15:01:00,E0031,A001954,BN0737,BN7979,Customer Request
BC0002808,2026-08-16 16:57:04,E0035,A000284,BN0827,BN9371,Customer Request
BC0002809,2026-08-14 10:33:51,E0092,A001636,BN0332,BN7916,Customer Request
BC0002810,2026-08-31 11:02:25,E0082,A003476,BN0703,BN5993,Customer Request
BC0002811,2026-08-13 10:55:06,E0039,A004613,BN0389,BN8932,Customer Request
BC0002812,2026-09-08 10:10:19,E0070,A001862,BN0929,BN3079,Customer Request
BC0002813,2026-08-10 13:26:51,E0003,A002114,BN0243,BN8773,Customer Request
BC0002814,2026-09-11 12:55:27,E0089,A005390,BN0889,BN3945,Customer Request
BC0002815,2026-09-02 16:49:28,E0016,A002470,BN0691,BN9304,Customer Request
BC0002816,2026-08-23 15:14:01,E0066,A004304,BN0493,BN4591,Customer Request
BC0002817,2026-09-15 12:32:09,E0018,A001581,BN0124,BN2504,Customer Request
BC0002818,2026-08-24 17:22:07,E0060,A000636,BN0405,BN8745,Customer Request
BC0002819,2026-09-14 17:33:04,E0040,A001378,BN0841,BN9248,Customer Request
BC0002820,2026-09-24 15:18:20,E0008,A002452,BN0606,BN4374,Customer Request
BC0002821,2026-08-10 11:39:05,E0070,A006950,BN0531,BN8266,Customer Request
BC0002822,2026-09-17 15:15:34,E0039,A002492,BN0570,BN4804,Customer Request
BC0002823,2026-08-10 11:00:05,E0041,A006937,BN0619,BN8307,Customer Request
BC0002824,2026-08-29 13:31:55,E0024,A005811,BN0946,BN8193,Customer Request
BC0002825,2026-08-31 12:41:33,E0023,A000039,BN0339,BN8946,Customer Request
BC0002826,2026-08-23 10:01:09,E0073,A003110,BN0558,BN7132,Customer Request
BC0002827,2026-08-14 09:41:14,E0090,A003923,BN0889,BN2660,Customer Request
BC0002828,2026-09-08 10:41:22,E0016,A004029,BN0033,BN9233,Customer Request
BC0002829,2026-08-09 09:45:08,E0035,A006933,BN0965,BN4263,Customer Request
BC0002830,2026-09-14 14:42:28,E0090,A002401,BN0959,BN5092,Customer Request
BC0002831,2026-08-31 16:17:32,E0086,A000701,BN0339,BN4209,Customer Request
BC0002832,2026-09-18 13:11:31,E0002,A000793,BN0216,BN7181,Customer Request
BC0002833,2026-08-19 16:41:29,E0096,A000682,BN0231,BN2090,Customer Request
BC0002834,2026-09-18 13:22:32,E0018,A005303,BN0158,BN2057,Customer Request
BC0002835,2026-08-24 16:33:20,E0061,A000760,BN0827,BN6056,Customer Request
BC0002836,2026-09-10 17:35:51,E0025,A004223,BN0806,BN8007,Customer Request
BC0002837,2026-09-20 15:33:58,E0032,A006353,BN0007,BN8772,Customer Request
BC0002838,2026-08-15 12:29:11,E0063,A001772,BN0322,BN3560,Customer Request
BC0002839,2026-09-21 12:58:28,E0001,A000894,BN0447,BN1317,Customer Request
BC0002840,2026-08-07 14:24:39,E0075,A004913,BN0783,BN6986,Customer Request
BC0002841,2026-09-08 11:03:49,E0035,A005413,BN0552,BN6560,Customer Request
BC0002842,2026-09-07 15:10:39,E0017,A004240,BN0032,BN8007,Customer Request
BC0002843,2026-08-17 16:53:01,E0096,A005273,BN0416,BN2824,Customer Request
BC0002844,2026-09-12 15:06:12,E0040,A000669,BN0993,BN2286,Customer Request
BC0002845,2026-08-11 14:03:51,E0100,A003439,BN0512,BN1157,Customer Request
BC0002846,2026-09-22 09:58:40,E0100,A001206,BN0240,BN7376,Customer Request
BC0002847,2026-08-20 12:09:36,E0078,A002670,BN0221,BN9936,Customer Request
BC0002848,2026-08-02 16:26:21,E0025,A006875,BN0729,BN8181,Customer Request
BC0002849,2026-08-14 16:52:28,E0052,A004788,BN0770,BN3719,Customer Request
BC0002850,2026-08-01 09:00:00,E0030,A000229,BN0304,BN2827,Customer Request
BC0002851,2026-09-05 15:05:29,E0086,A005728,BN0076,BN7504,Customer Request
BC0002852,2026-08-10 11:38:52,E0046,A005440,BN0907,BN3744,Customer Request
BC0002853,2026-08-09 16:40:14,E0058,A001555,BN0154,BN2922,Customer Request
BC0002854,2026-09-09 17:40:18,E0049,A002678,BN0136,BN2717,Customer Request
BC0002855,2026-08-05 12:11:53,E0007,A002250,BN0320,BN1772,Customer Request
BC0002856,2026-08-26 11:11:56,E0085,A004067,BN0777,BN4063,Customer Request
BC0002857,2026-09-11 14:59:28,E0067,A000079,BN0589,BN5831,Customer Request
BC0002858,2026-09-12 16:14:10,E0006,A001660,BN0162,BN4738,Customer Request
BC0002859,2026-09-02 10:25:54,E0033,A005787,BN0247,BN2157,Customer Request
BC0002860,2026-09-10 15:17:27,E0015,A005739,BN0147,BN7581,Customer Request
BC0002861,2026-08-25 09:18:29,E0039,A002782,BN0695,BN1393,Customer Request
BC0002862,2026-08-16 10:08:46,E0086,A004047,BN0492,BN6137,Customer Request
BC0002863,2026-08-18 12:15:03,E0083,A003489,BN0350,BN9225,Customer Request
BC0002864,2026-08-28 11:02:10,E0071,A005542,BN0433,BN4563,Customer Request
BC0002865,2026-09-02 11:44:03,E0038,A000236,BN0323,BN9350,Customer Request
BC0002866,2026-08-29 17:39:25,E0082,A006953,BN0626,BN2281,Customer Request
BC0002867,2026-09-06 16:14:14,E0051,A000944,BN0753,BN2943,Customer Request
BC0002868,2026-09-17 15:58:57,E0100,A000696,BN0432,BN3980,Customer Request
BC0002869,2026-08-09 17:59:23,E0042,A002183,BN0722,BN1519,Customer Request
BC0002870,2026-09-24 12:16:05,E0100,A004707,BN0816,BN4912,Customer Request
BC0002871,2026-08-04 09:47:06,E0029,A002303,BN0800,BN4967,Customer Request
BC0002872,2026-08-07 13:26:31,E0051,A006949,BN0721,BN4892,Customer Request
BC0002873,2026-08-03 16:53:31,E0049,A006074,BN0531,BN4200,Customer Request
BC0002874,2026-08-02 14:59:52,E0080,A004937,BN0099,BN8553,Customer Request
BC0002875,2026-09-01 15:35:46,E0019,A005806,BN0258,BN8589,Customer Request
BC0002876,2026-08-07 09:32:12,E0062,A000298,BN0318,BN4046,Customer Request
BC0002877,2026-08-15 15:37:27,E0023,A006323,BN0232,BN6713,Customer Request
BC0002878,2026-09-24 13:35:39,E0073,A002120,BN0204,BN5238,Customer Request
BC0002879,2026-09-14 12:29:32,E0075,A004355,BN0268,BN8596,Customer Request
BC0002880,2026-09-03 17:16:50,E0068,A003967,BN0229,BN4735,Customer Request
BC0002881,2026-09-13 15:40:38,E0057,A006818,BN0957,BN3395,Customer Request
BC0002882,2026-08-25 09:48:10,E0022,A002546,BN0480,BN5534,Customer Request
BC0002883,2026-08-25 10:21:22,E0014,A004089,BN0944,BN3002,Customer Request
BC0002884,2026-08-28 17:11:42,E0076,A005810,BN0506,BN7293,Customer Request
BC0002885,2026-09-06 11:19:17,E0098,A002967,BN0549,BN7710,Customer Request
BC0002886,2026-08-09 16:40:08,E0077,A002522,BN0303,BN2057,Customer Request
BC0002887,2026-08-26 16:28:14,E0078,A002733,BN0666,BN7269,Customer Request
BC0002888,2026-09-11 15:48:29,E0049,A001133,BN0450,BN1859,Customer Request
BC0002889,2026-09-03 14:56:04,E0084,A005353,BN0099,BN6377,Customer Request
BC0002890,2026-08-25 12:49:27,E0100,A005700,BN0366,BN9066,Customer Request
BC0002891,2026-08-04 12:07:11,E0080,A001484,BN0936,BN6032,Customer Request
BC0002892,2026-09-25 09:53:03,E0035,A001581,BN0688,BN5797,Customer Request
BC0002893,2026-08-13 14:33:45,E0029,A005125,BN0623,BN2605,Customer Request
BC0002894,2026-08-22 17:03:16,E0056,A004690,BN0013,BN5848,Customer Request
BC0002895,2026-08-16 15:17:54,E0058,A002116,BN0654,BN8792,Customer Request
BC0002896,2026-09-12 10:00:27,E0045,A004930,BN0088,BN9375,Customer Request
BC0002897,2026-09-09 10:40:33,E0045,A004535,BN0116,BN2087,Customer Request
BC0002898,2026-08-09 09:58:39,E0066,A006194,BN0408,BN9555,Customer Request
BC0002899,2026-09-20 09:16:01,E0032,A005244,BN0841,BN6935,Customer Request
BC0002900,2026-08-11 17:48:47,E0056,A005973,BN0034,BN7629,Customer Request
BC0002901,2026-08-30 09:27:53,E0051,A003975,BN0212,BN9621,Customer Request
BC0002902,2026-08-27 16:28:44,E0004,A003330,BN0473,BN7362,Customer Request
BC0002903,2026-09-01 13:32:09,E0049,A005162,BN0098,BN6384,Customer Request
BC0002904,2026-08-18 09:00:08,E0007,A006154,BN0352,BN8829,Customer Request
BC0002905,2026-09-05 17:01:58,E0024,A004154,BN0025,BN7617,Customer Request
BC0002906,2026-09-02 15:17:45,E0072,A003079,BN0227,BN2747,Customer Request
BC0002907,2026-08-21 10:51:12,E0024,A005940,BN0800,BN2909,Customer Request
BC0002908,2026-09-05 13:14:32,E0076,A006742,BN0863,BN9056,Customer Request
BC0002909,2026-08-13 13:46:53,E0056,A001169,BN0400,BN8145,Customer Request
BC0002910,2026-09-10 15:43:39,E0005,A000944,BN0730,BN1137,Customer Request
BC0002911,2026-08-01 10:28:46,E0067,A000674,BN0116,BN3913,Customer Request
BC0002912,2026-08-22 15:54:00,E0024,A004087,BN0574,BN6907,Customer Request
BC0002913,2026-08-16 16:28:54,E0097,A003710,BN0600,BN3022,Customer Request
BC0002914,2026-08-09 09:21:42,E0062,A002977,BN0318,BN5522,Customer Request
BC0002915,2026-08-23 10:50:03,E0024,A002386,BN0281,BN5639,Customer Request
BC0002916,2026-09-06 12:35:45,E0005,A002618,BN0021,BN8894,Customer Request
BC0002917,2026-08-09 09:28:02,E0047,A005947,BN0723,BN8544,Customer Request
BC0002918,2026-09-21 14:43:39,E0003,A001319,BN0349,BN9825,Customer Request
BC0002919,2026-08-24 17:57:17,E0008,A004034,BN0282,BN7470,Customer Request
BC0002920,2026-08-05 17:03:29,E0014,A004126,BN0863,BN6185,Customer Request
BC0002921,2026-09-23 14:04:27,E0015,A005559,BN0893,BN4108,Customer Request
BC0002922,2026-08-18 15:24:22,E0095,A003516,BN0413,BN2394,Customer Request
BC0002923,2026-08-18 14:46:58,E0021,A000383,BN0205,BN2618,Customer Request
BC0002924,2026-09-23 11:54:08,E0076,A004331,BN0671,BN6731,Customer Request
BC0002925,2026-09-23 17:08:08,E0026,A000916,BN0427,BN1089,Customer Request
BC0002926,2026-09-01 12:58:48,E0004,A004182,BN0535,BN7957,Customer Request
BC0002927,2026-09-07 09:20:34,E0083,A001265,BN0781,BN8206,Customer Request
BC0002928,2026-08-01 14:33:07,E0091,A001090,BN0292,BN5006,Customer Request
BC0002929,2026-08-30 17:57:00,E0018,A003745,BN0471,BN3160,Customer Request
BC0002930,2026-08-05 15:17:45,E0096,A001074,BN0771,BN2295,Customer Request
BC0002931,2026-08-13 14:11:11,E0085,A003102,BN0697,BN4074,Customer Request
BC0002932,2026-09-04 15:26:07,E0006,A004875,BN0985,BN4664,Customer Request
BC0002933,2026-08-01 10:27:07,E0050,A006680,BN0191,BN3165,Customer Request
BC0002934,2026-08-30 11:11:56,E0029,A005624,BN0966,BN2808,Customer Request
BC0002935,2026-08-24 16:29:29,E0068,A002107,BN0388,BN5772,Customer Request
BC0002936,2026-08-19 16:15:08,E0067,A005008,BN0758,BN2186,Customer Request
BC0002937,2026-08-08 12:27:42,E0087,A004722,BN0932,BN8159,Customer Request
BC0002938,2026-08-23 11:59:31,E0074,A006321,BN0814,BN7867,Customer Request
BC0002939,2026-09-18 17:46:55,E0044,A004943,BN0789,BN4806,Customer Request
BC0002940,2026-08-14 12:33:12,E0029,A001563,BN0986,BN7257,Customer Request
BC0002941,2026-08-29 12:47:25,E0076,A005802,BN0197,BN9001,Customer Request
BC0002942,2026-09-15 15:09:42,E0050,A000138,BN0156,BN2225,Customer Request
BC0002943,2026-08-20 16:07:57,E0068,A005150,BN0081,BN2240,Customer Request
BC0002944,2026-09-01 17:15:16,E0023,A000332,BN0865,BN4697,Customer Request
BC0002945,2026-08-29 16:08:51,E0003,A001481,BN0051,BN7786,Customer Request
BC0002946,2026-08-26 15:58:04,E0040,A006643,BN0566,BN7872,Customer Request
BC0002947,2026-09-20 16:46:39,E0006,A001010,BN0031,BN3489,Customer Request
BC0002948,2026-09-05 15:17:02,E0049,A005570,BN0273,BN4923,Customer Request
BC0002949,2026-09-08 17:19:11,E0026,A006534,BN0715,BN5154,Customer Request
BC0002950,2026-09-04 11:31:55,E0027,A000346,BN0121,BN5263,Customer Request
BC0002951,2026-09-18 13:06:03,E0041,A001157,BN0649,BN4180,Customer Request
BC0002952,2026-08-04 12:19:52,E0033,A002038,BN0841,BN8095,Customer Request
BC0002953,2026-08-23 12:08:44,E0049,A005916,BN0175,BN6340,Customer Request
BC0002954,2026-08-02 13:18:18,E0016,A003092,BN0555,BN2621,Customer Request
BC0002955,2026-08-20 10:10:11,E0067,A002235,BN0335,BN2219,Customer Request
BC0002956,2026-09-06 12:32:09,E0069,A003998,BN0961,BN8218,Customer Request
BC0002957,2026-09-22 15:34:01,E0046,A001836,BN0244,BN7821,Customer Request
BC0002958,2026-09-21 11:59:54,E0036,A004827,BN0625,BN6487,Customer Request
BC0002959,2026-09-11 17:56:27,E0028,A006365,BN0734,BN6361,Customer Request
BC0002960,2026-09-02 15:24:02,E0006,A000206,BN0138,BN1246,Customer Request
BC0002961,2026-08-01 16:31:56,E0094,A004344,BN0308,BN8321,Customer Request
BC0002962,2026-09-18 10:23:50,E0045,A001816,BN0500,BN7910,Customer Request
BC0002963,2026-09-25 12:26:59,E0070,A002389,BN0792,BN7313,Customer Request
BC0002964,2026-08-28 15:02:09,E0069,A002251,BN0031,BN8327,Customer Request
BC0002965,2026-08-05 14:54:33,E0053,A002051,BN0582,BN2625,Customer Request
BC0002966,2026-08-16 13:34:31,E0016,A004764,BN0189,BN2145,Customer Request
BC0002967,2026-09-18 12:35:37,E0064,A005042,BN0052,BN9017,Customer Request
BC0002968,2026-09-04 17:08:43,E0045,A005155,BN0418,BN8504,Customer Request
BC0002969,2026-09-12 10:29:54,E0030,A006414,BN0532,BN4133,Customer Request
BC0002970,2026-08-21 14:56:24,E0040,A003360,BN0303,BN6623,Customer Request
BC0002971,2026-08-09 17:45:24,E0082,A005888,BN0693,BN4812,Customer Request
BC0002972,2026-09-15 12:41:18,E0036,A003440,BN0070,BN2193,Customer Request
BC0002973,2026-08-20 13:41:23,E0099,A003935,BN0411,BN2484,Customer Request
BC0002974,2026-09-22 14:34:00,E0088,A006774,BN0262,BN2679,Customer Request
BC0002975,2026-08-13 16:46:18,E0072,A006518,BN0916,BN8076,Customer Request
BC0002976,2026-09-19 17:54:27,E0031,A005994,BN0342,BN6600,Customer Request
BC0002977,2026-08-26 13:40:44,E0077,A000409,BN0849,BN1474,Customer Request
BC0002978,2026-08-09 16:12:37,E0042,A006399,BN0089,BN2495,Customer Request
BC0002979,2026-08-18 17:24:44,E0043,A006066,BN0166,BN1818,Customer Request
BC0002980,2026-08-15 15:07:19,E0100,A006923,BN0399,BN8042,Customer Request
BC0002981,2026-09-11 12:48:15,E0063,A006059,BN0133,BN3467,Customer Request
BC0002982,2026-09-05 13:41:36,E0067,A005454,BN0662,BN1767,Customer Request
BC0002983,2026-08-17 17:18:50,E0091,A006297,BN0821,BN3338,Customer Request
BC0002984,2026-09-17 15:37:23,E0097,A004247,BN0936,BN1361,Customer Request
BC0002985,2026-08-09 16:12:48,E0025,A005339,BN0103,BN7253,Customer Request
BC0002986,2026-09-04 09:06:54,E0062,A001955,BN0330,BN8223,Customer Request
BC0002987,2026-08-07 09:51:37,E0089,A002831,BN0654,BN1549,Customer Request
BC0002988,2026-08-14 09:22:32,E0026,A006199,BN0647,BN6142,Customer Request
BC0002989,2026-08-27 12:43:08,E0059,A001256,BN0834,BN7219,Customer Request
BC0002990,2026-08-08 11:48:41,E0097,A002021,BN0188,BN2045,Customer Request
BC0002991,2026-09-01 15:29:13,E0015,A001185,BN0802,BN7470,Customer Request
BC0002992,2026-09-12 16:20:42,E0053,A002612,BN0556,BN8562,Customer Request
BC0002993,2026-08-11 17:28:14,E0052,A006240,BN0129,BN9527,Customer Request
BC0002994,2026-08-20 10:24:22,E0071,A006743,BN0377,BN5585,Customer Request
BC0002995,2026-09-09 14:54:35,E0097,A003773,BN0717,BN4335,Customer Request
BC0002996,2026-08-16 14:12:06,E0068,A006217,BN0763,BN7877,Customer Request
BC0002997,2026-08-15 17:51:11,E0022,A005107,BN0923,BN9246,Customer Request
BC0002998,2026-09-20 13:08:20,E0021,A005299,BN0582,BN6141,Customer Request
BC0002999,2026-09-06 14:57:45,E0005,A002461,BN0912,BN1081,Customer Request
BC0003000,2026-08-02 11:57:01,E0095,A005956,BN0683,BN9973,Customer Request
BC0003001,2026-08-02 10:49:45,E0089,A000066,BN0884,BN3962,Customer Request
BC0003002,2026-08-09 10:57:38,E0019,A006021,BN0402,BN3301,Customer Request
BC0003003,2026-08-09 16:49:51,E0017,A006380,BN0138,BN3281,Customer Request
BC0003004,2026-08-15 14:45:19,E0038,A000462,BN0444,BN9031,Customer Request
BC0003005,2026-08-11 15:46:44,E0050,A006073,BN0627,BN3269,Customer Request
BC0003006,2026-09-10 10:23:22,E0050,A004650,BN0188,BN2152,Customer Request
BC0003007,2026-08-30 11:36:51,E0023,A005225,BN0621,BN8684,Customer Request
BC0003008,2026-09-15 16:00:00,E0058,A006984,BN0494,BN3013,Customer Request
BC0003009,2026-09-01 15:53:25,E0080,A004179,BN0340,BN4678,Customer Request
BC0003010,2026-08-08 11:36:55,E0062,A000130,BN0688,BN3442,Customer Request
BC0003011,2026-09-16 12:22:49,E0021,A001352,BN0946,BN9262,Customer Request
BC0003012,2026-08-22 12:01:07,E0012,A005179,BN0184,BN8266,Customer Request
BC0003013,2026-09-03 12:31:04,E0020,A000015,BN0168,BN8471,Customer Request
BC0003014,2026-09-05 11:54:03,E0065,A002132,BN0135,BN2268,Customer Request
BC0003015,2026-09-13 14:37:22,E0082,A001045,BN0869,BN3078,Customer Request
BC0003016,2026-09-02 15:27:32,E0067,A006922,BN0185,BN9208,Customer Request
BC0003017,2026-08-26 09:03:13,E0061,A005480,BN0497,BN9276,Customer Request
BC0003018,2026-08-18 15:34:58,E0096,A001483,BN0364,BN1760,Customer Request
BC0003019,2026-09-02 09:34:59,E0098,A004392,BN0818,BN7931,Customer Request
BC0003020,2026-08-01 11:35:42,E0092,A005631,BN0044,BN5681,Customer Request
BC0003021,2026-08-30 14:09:01,E0064,A003456,BN0015,BN1616,Customer Request
BC0003022,2026-08-03 15:41:17,E0015,A000029,BN0209,BN3852,Customer Request
BC0003023,2026-08-02 10:01:20,E0069,A003300,BN0283,BN7827,Customer Request
BC0003024,2026-09-17 09:06:32,E0085,A001953,BN0432,BN8037,Customer Request
BC0003025,2026-09-03 15:29:43,E0096,A006829,BN0771,BN1056,Customer Request
BC0003026,2026-08-10 09:49:40,E0048,A000261,BN0696,BN8733,Customer Request
BC0003027,2026-08-24 13:45:10,E0048,A003722,BN0437,BN9765,Customer Request
BC0003028,2026-09-14 10:01:29,E0066,A005951,BN0401,BN4413,Customer Request
BC0003029,2026-08-05 17:25:48,E0062,A006290,BN0053,BN1602,Customer Request
BC0003030,2026-08-03 13:48:23,E0038,A000868,BN0941,BN6116,Customer Request
BC0003031,2026-09-18 15:12:34,E0006,A004542,BN0748,BN6126,Customer Request
BC0003032,2026-09-03 12:27:18,E0041,A002149,BN0698,BN8482,Customer Request
BC0003033,2026-09-08 14:25:22,E0088,A006505,BN0506,BN9531,Customer Request
BC0003034,2026-09-24 11:33:11,E0014,A001430,BN0770,BN7600,Customer Request
BC0003035,2026-09-09 12:28:58,E0023,A001012,BN0498,BN7784,Customer Request
BC0003036,2026-08-27 13:45:23,E0012,A001760,BN0555,BN7626,Customer Request
BC0003037,2026-08-27 15:05:12,E0063,A006405,BN0598,BN5367,Customer Request
BC0003038,2026-08-13 17:21:49,E0043,A006126,BN0565,BN2316,Customer Request
BC0003039,2026-09-20 17:09:37,E0014,A005055,BN0039,BN5983,Customer Request
BC0003040,2026-08-30 13:15:54,E0084,A003399,BN0786,BN3593,Customer Request
BC0003041,2026-09-24 13:18:44,E0007,A005887,BN0779,BN9590,Customer Request
BC0003042,2026-08-14 09:44:43,E0094,A006461,BN0547,BN2137,Customer Request
BC0003043,2026-09-01 15:45:48,E0024,A006256,BN0279,BN4319,Customer Request
BC0003044,2026-09-11 17:08:24,E0012,A005898,BN0097,BN6871,Customer Request
BC0003045,2026-09-06 16:17:04,E0073,A005288,BN0008,BN7332,Customer Request
BC0003046,2026-08-19 11:47:21,E0081,A002119,BN0904,BN1814,Customer Request
BC0003047,2026-09-08 16:32:05,E0004,A000394,BN0918,BN1363,Customer Request
BC0003048,2026-09-24 12:24:39,E0016,A003861,BN0505,BN7229,Customer Request
BC0003049,2026-09-10 15:31:38,E0078,A000053,BN0169,BN3503,Customer Request
BC0003050,2026-09-12 16:08:16,E0099,A004076,BN0131,BN9405,Customer Request
BC0003051,2026-09-10 12:34:53,E0084,A003405,BN0821,BN1388,Customer Request
BC0003052,2026-08-23 09:48:50,E0084,A006850,BN0928,BN9697,Customer Request
BC0003053,2026-08-08 17:27:32,E0099,A000488,BN0654,BN8245,Customer Request
BC0003054,2026-08-14 17:57:17,E0072,A005049,BN0947,BN1352,Customer Request
BC0003055,2026-08-15 17:33:33,E0056,A001676,BN0001,BN9485,Customer Request
BC0003056,2026-09-15 11:39:22,E0002,A003421,BN0791,BN1270,Customer Request
BC0003057,2026-09-24 13:20:34,E0097,A004677,BN0435,BN1537,Customer Request
BC0003058,2026-09-10 14:11:25,E0046,A003350,BN0058,BN9716,Customer Request
BC0003059,2026-08-04 13:57:33,E0091,A005660,BN0312,BN8467,Customer Request
BC0003060,2026-09-25 17:54:32,E0063,A005467,BN0435,BN8269,Customer Request
BC0003061,2026-08-01 14:22:44,E0055,A000968,BN0414,BN1446,Customer Request
BC0003062,2026-08-12 11:47:29,E0068,A004962,BN0272,BN4467,Customer Request
BC0003063,2026-08-04 11:41:17,E0023,A001044,BN0287,BN2684,Customer Request
BC0003064,2026-08-19 17:55:53,E0034,A000347,BN0018,BN4931,Customer Request
BC0003065,2026-09-03 14:20:01,E0013,A003656,BN0046,BN9054,Customer Request
BC0003066,2026-09-17 12:18:59,E0039,A004232,BN0346,BN2901,Customer Request
BC0003067,2026-09-07 14:40:46,E0018,A006534,BN0294,BN4433,Customer Request
BC0003068,2026-08-19 15:26:54,E0052,A006685,BN0744,BN5341,Customer Request
BC0003069,2026-08-13 16:31:15,E0023,A006996,BN0829,BN6901,Customer Request
BC0003070,2026-09-22 13:50:32,E0023,A005573,BN0191,BN9760,Customer Request
BC0003071,2026-08-25 14:51:15,E0086,A003543,BN0977,BN4401,Customer Request
BC0003072,2026-09-15 14:13:28,E0013,A000268,BN0704,BN1551,Customer Request
BC0003073,2026-08-05 10:47:28,E0078,A002582,BN0507,BN6343,Customer Request
BC0003074,2026-08-01 09:19:37,E0044,A001539,BN0873,BN5437,Customer Request
BC0003075,2026-08-21 13:51:43,E0049,A003998,BN0985,BN9370,Customer Request
BC0003076,2026-08-16 17:00:38,E0038,A002389,BN0919,BN9667,Customer Request
BC0003077,2026-08-30 13:38:05,E0088,A000799,BN0492,BN9042,Customer Request
BC0003078,2026-09-04 15:43:19,E0079,A002383,BN0372,BN2437,Customer Request
BC0003079,2026-09-20 13:00:35,E0068,A005073,BN0731,BN9749,Customer Request
BC0003080,2026-09-15 13:07:09,E0037,A006302,BN0303,BN3532,Customer Request
BC0003081,2026-08-10 11:16:54,E0015,A002728,BN0480,BN7877,Customer Request
BC0003082,2026-09-23 09:55:10,E0051,A004108,BN0518,BN5998,Customer Request
BC0003083,2026-09-15 17:49:08,E0088,A006689,BN0126,BN9855,Customer Request
BC0003084,2026-08-01 17:07:18,E0083,A002066,BN0997,BN7494,Customer Request
BC0003085,2026-08-01 14:53:35,E0046,A001482,BN0030,BN3923,Customer Request
BC0003086,2026-08-06 11:17:41,E0057,A003787,BN0786,BN8233,Customer Request
BC0003087,2026-09-12 12:34:18,E0090,A005892,BN0841,BN8387,Customer Request
BC0003088,2026-08-01 17:23:11,E0084,A000406,BN0856,BN1447,Customer Request
BC0003089,2026-09-22 10:28:19,E0022,A006947,BN0581,BN9967,Customer Request
BC0003090,2026-08-24 12:36:53,E0037,A000773,BN0416,BN8145,Customer Request
BC0003091,2026-08-12 12:22:00,E0039,A000041,BN0038,BN5858,Customer Request
BC0003092,2026-09-11 09:31:54,E0062,A004424,BN0836,BN1016,Customer Request
BC0003093,2026-08-25 09:17:40,E0031,A000244,BN0703,BN8603,Customer Request
BC0003094,2026-08-16 09:45:29,E0075,A000609,BN0069,BN3593,Customer Request
BC0003095,2026-08-30 14:39:57,E0001,A005584,BN0478,BN4098,Customer Request
BC0003096,2026-08-10 09:10:32,E0046,A002784,BN0410,BN4393,Customer Request
BC0003097,2026-09-24 09:45:09,E0035,A001057,BN0415,BN3327,Customer Request
BC0003098,2026-08-21 12:12:34,E0008,A002016,BN0881,BN1416,Customer Request
BC0003099,2026-08-12 11:01:23,E0092,A002200,BN0441,BN7487,Customer Request
BC0003100,2026-08-10 13:25:37,E0036,A002789,BN0848,BN7755,Customer Request
BC0003101,2026-08-29 10:54:45,E0045,A004371,BN0436,BN1285,Customer Request
BC0003102,2026-08-08 09:07:29,E0086,A003275,BN0911,BN5303,Customer Request
BC0003103,2026-08-30 11:39:16,E0094,A005144,BN0095,BN9680,Customer Request
BC0003104,2026-08-22 17:28:41,E0077,A005933,BN0307,BN7723,Customer Request
BC0003105,2026-08-06 17:49:30,E0089,A000023,BN0582,BN2269,Customer Request
BC0003106,2026-09-01 15:55:52,E0085,A002687,BN0401,BN5080,Customer Request
BC0003107,2026-08-12 14:46:43,E0054,A001524,BN0632,BN4015,Customer Request
BC0003108,2026-08-15 09:29:10,E0057,A004101,BN0029,BN2254,Customer Request
BC0003109,2026-08-29 13:51:39,E0055,A001832,BN0469,BN8409,Customer Request
BC0003110,2026-08-01 13:03:44,E0078,A000081,BN0584,BN8573,Customer Request
BC0003111,2026-09-04 15:09:01,E0037,A004586,BN0464,BN6999,Customer Request
BC0003112,2026-08-08 10:15:06,E0020,A000690,BN0816,BN9639,Customer Request
BC0003113,2026-09-16 16:18:13,E0080,A001552,BN0948,BN5581,Customer Request
BC0003114,2026-08-21 13:46:46,E0022,A006566,BN0933,BN8513,Customer Request
BC0003115,2026-08-21 16:59:46,E0098,A001279,BN0096,BN1293,Customer Request
BC0003116,2026-08-11 17:55:37,E0072,A001155,BN0168,BN4019,Customer Request
BC0003117,2026-08-26 11:40:37,E0044,A005310,BN0091,BN6500,Customer Request
BC0003118,2026-09-02 13:45:22,E0070,A003952,BN0769,BN6497,Customer Request
BC0003119,2026-08-19 11:43:27,E0066,A003053,BN0271,BN1583,Customer Request
BC0003120,2026-09-02 11:10:47,E0019,A005715,BN0426,BN2547,Customer Request
BC0003121,2026-09-21 09:19:27,E0043,A000319,BN0593,BN1527,Customer Request
BC0003122,2026-08-04 16:20:49,E0047,A000427,BN0321,BN9048,Customer Request
BC0003123,2026-09-07 09:40:07,E0058,A004790,BN0268,BN5206,Customer Request
BC0003124,2026-08-22 12:21:04,E0100,A002312,BN0042,BN2073,Customer Request
BC0003125,2026-08-19 09:11:04,E0068,A000989,BN0711,BN8166,Customer Request
BC0003126,2026-08-30 15:23:59,E0087,A005368,BN0618,BN3222,Customer Request
BC0003127,2026-09-14 11:31:08,E0074,A001825,BN0833,BN5978,Customer Request
BC0003128,2026-08-25 11:21:49,E0085,A001911,BN0572,BN5823,Customer Request
BC0003129,2026-09-07 13:05:09,E0029,A000963,BN0540,BN4728,Customer Request
BC0003130,2026-09-05 16:13:27,E0027,A005366,BN0378,BN3797,Customer Request
BC0003131,2026-08-08 16:01:21,E0020,A003812,BN0887,BN7035,Customer Request
BC0003132,2026-08-28 16:14:21,E0082,A006361,BN0480,BN2511,Customer Request
BC0003133,2026-09-13 12:05:29,E0029,A006547,BN0020,BN4927,Customer Request
BC0003134,2026-08-14 15:06:04,E0043,A002060,BN0310,BN5346,Customer Request
BC0003135,2026-08-24 14:04:22,E0096,A000215,BN0096,BN1334,Customer Request
BC0003136,2026-08-24 11:49:29,E0053,A000763,BN0593,BN1259,Customer Request
BC0003137,2026-09-07 09:21:40,E0022,A003036,BN0618,BN3594,Customer Request
BC0003138,2026-08-02 14:28:07,E0019,A005673,BN0582,BN1749,Customer Request
BC0003139,2026-08-14 15:55:38,E0016,A001499,BN0117,BN2102,Customer Request
BC0003140,2026-09-11 17:45:11,E0080,A000391,BN0209,BN2645,Customer Request
BC0003141,2026-08-31 17:03:52,E0006,A006259,BN0911,BN6914,Customer Request
BC0003142,2026-09-16 17:38:30,E0024,A002927,BN0780,BN1488,Customer Request
BC0003143,2026-09-20 10:26:54,E0056,A002899,BN0472,BN9558,Customer Request
BC0003144,2026-08-01 17:02:51,E0099,A004479,BN0127,BN3028,Customer Request
BC0003145,2026-08-21 10:32:26,E0073,A005755,BN0380,BN5967,Customer Request
BC0003146,2026-09-01 15:16:20,E0023,A005929,BN0688,BN8621,Customer Request
BC0003147,2026-09-16 17:08:21,E0032,A001486,BN0887,BN9124,Customer Request
BC0003148,2026-09-20 13:18:34,E0022,A005977,BN0644,BN9531,Customer Request
BC0003149,2026-09-23 09:51:58,E0043,A002132,BN0772,BN6701,Customer Request
BC0003150,2026-08-25 11:38:43,E0099,A002812,BN0585,BN7641,Customer Request
BC0003151,2026-08-26 15:40:40,E0009,A005950,BN0896,BN9866,Customer Request
BC0003152,2026-09-09 12:11:16,E0059,A000872,BN0181,BN8882,Customer Request
BC0003153,2026-08-29 12:58:49,E0004,A002364,BN0360,BN1263,Customer Request
BC0003154,2026-09-20 13:19:30,E0050,A005974,BN0498,BN3836,Customer Request
BC0003155,2026-09-10 16:41:59,E0094,A002436,BN0071,BN9532,Customer Request
BC0003156,2026-09-18 16:59:37,E0003,A000316,BN0391,BN8259,Customer Request
BC0003157,2026-09-08 15:27:01,E0049,A006752,BN0213,BN6614,Customer Request
BC0003158,2026-08-04 13:31:26,E0015,A003016,BN0228,BN4145,Customer Request
BC0003159,2026-08-18 10:41:58,E0094,A001919,BN0230,BN4034,Customer Request
BC0003160,2026-08-07 09:27:56,E0025,A006079,BN0164,BN9693,Customer Request
BC0003161,2026-08-23 12:07:19,E0055,A001969,BN0598,BN3323,Customer Request
BC0003162,2026-09-05 11:08:47,E0040,A005034,BN0407,BN3985,Customer Request
BC0003163,2026-09-16 11:56:03,E0098,A005976,BN0537,BN2341,Customer Request
BC0003164,2026-09-04 12:52:54,E0066,A004432,BN0235,BN2550,Customer Request
BC0003165,2026-08-07 14:27:25,E0023,A004147,BN0438,BN8814,Customer Request
BC0003166,2026-08-12 17:00:46,E0081,A005378,BN0178,BN3643,Customer Request
BC0003167,2026-09-22 15:35:42,E0097,A000222,BN0480,BN6075,Customer Request
BC0003168,2026-08-01 16:16:58,E0010,A003496,BN0235,BN1990,Customer Request
BC0003169,2026-08-22 12:30:08,E0055,A000335,BN0766,BN7753,Customer Request
BC0003170,2026-08-14 13:35:22,E0095,A002455,BN0374,BN8043,Customer Request
BC0003171,2026-08-11 09:54:44,E0071,A000143,BN0687,BN2682,Customer Request
BC0003172,2026-09-19 09:16:16,E0036,A004101,BN0168,BN7173,Customer Request
BC0003173,2026-08-28 10:44:59,E0065,A005454,BN0134,BN3651,Customer Request
BC0003174,2026-08-16 11:09:18,E0078,A001931,BN0984,BN4246,Customer Request
BC0003175,2026-08-17 12:26:56,E0027,A000384,BN0078,BN8801,Customer Request
BC0003176,2026-08-13 12:58:28,E0020,A001524,BN0541,BN7845,Customer Request
BC0003177,2026-09-19 10:57:41,E0081,A006656,BN0500,BN5590,Customer Request
BC0003178,2026-08-07 12:49:19,E0067,A000034,BN0721,BN8179,Customer Request
BC0003179,2026-08-13 13:03:01,E0028,A001862,BN0056,BN8114,Customer Request
BC0003180,2026-09-13 14:35:39,E0032,A001924,BN0126,BN6261,Customer Request
BC0003181,2026-09-19 13:56:18,E0003,A001582,BN0317,BN3886,Customer Request
BC0003182,2026-08-19 11:28:23,E0095,A005568,BN0136,BN2804,Customer Request
BC0003183,2026-08-23 15:32:20,E0016,A002116,BN0857,BN8616,Customer Request
BC0003184,2026-09-03 11:51:47,E0019,A006351,BN0882,BN4330,Customer Request
BC0003185,2026-08-15 09:33:21,E0093,A003982,BN0748,BN8151,Customer Request
BC0003186,2026-08-25 09:47:29,E0047,A002785,BN0959,BN7997,Customer Request
BC0003187,2026-08-07 14:15:07,E0070,A006675,BN0558,BN3949,Customer Request
BC0003188,2026-08-08 10:37:30,E0046,A006477,BN0268,BN8961,Customer Request
BC0003189,2026-09-11 17:22:27,E0055,A005875,BN0619,BN6674,Customer Request
BC0003190,2026-09-14 12:56:45,E0087,A000825,BN0104,BN3757,Customer Request
BC0003191,2026-08-04 15:26:19,E0066,A004139,BN0175,BN6960,Customer Request
BC0003192,2026-09-08 13:09:00,E0011,A005975,BN0992,BN2998,Customer Request
BC0003193,2026-09-23 14:18:47,E0071,A005635,BN0328,BN1173,Customer Request
BC0003194,2026-08-29 15:08:09,E0010,A000137,BN0016,BN2469,Customer Request
BC0003195,2026-08-03 12:35:47,E0055,A003195,BN0022,BN9450,Customer Request
BC0003196,2026-09-15 10:28:55,E0073,A004873,BN0073,BN8648,Customer Request
BC0003197,2026-08-07 10:53:59,E0069,A005721,BN0589,BN3521,Customer Request
BC0003198,2026-09-06 17:45:59,E0009,A000239,BN0010,BN4268,Customer Request
BC0003199,2026-09-15 15:38:51,E0068,A004925,BN0215,BN5262,Customer Request
BC0003200,2026-09-04 16:05:46,E0064,A006613,BN0032,BN4794,Customer Request
BC0003201,2026-08-16 15:23:43,E0059,A003281,BN0167,BN9636,Customer Request
BC0003202,2026-09-06 15:53:25,E0020,A000504,BN0410,BN4707,Customer Request
BC0003203,2026-08-13 09:03:29,E0083,A002600,BN0108,BN3576,Customer Request
BC0003204,2026-08-18 11:13:04,E0037,A005933,BN0743,BN1449,Customer Request
BC0003205,2026-08-18 12:28:03,E0009,A005515,BN0179,BN1838,Customer Request
BC0003206,2026-09-14 15:37:56,E0026,A006845,BN0773,BN3862,Customer Request
BC0003207,2026-09-02 17:35:56,E0064,A003967,BN0627,BN2604,Customer Request
BC0003208,2026-08-16 09:01:50,E0069,A000027,BN0511,BN9177,Customer Request
BC0003209,2026-09-09 15:56:00,E0039,A000234,BN0749,BN6542,Customer Request
BC0003210,2026-08-16 12:29:51,E0071,A001431,BN0083,BN9338,Customer Request
BC0003211,2026-08-10 15:27:14,E0039,A005050,BN0458,BN4558,Customer Request
BC0003212,2026-08-12 12:02:02,E0022,A003795,BN0256,BN9794,Customer Request
BC0003213,2026-08-20 10:41:18,E0046,A001711,BN0013,BN2949,Customer Request
BC0003214,2026-09-04 14:24:07,E0029,A003473,BN0321,BN4835,Customer Request
BC0003215,2026-09-25 15:24:22,E0008,A004733,BN0595,BN4585,Customer Request
BC0003216,2026-08-07 12:31:38,E0072,A005887,BN0519,BN4252,Customer Request
BC0003217,2026-09-23 09:25:11,E0082,A002232,BN0417,BN9143,Customer Request
BC0003218,2026-08-17 15:02:09,E0067,A003976,BN0493,BN6105,Customer Request
BC0003219,2026-08-21 13:13:20,E0096,A004082,BN0942,BN8738,Customer Request
BC0003220,2026-08-29 16:56:12,E0024,A001564,BN0056,BN1158,Customer Request
BC0003221,2026-09-02 16:50:51,E0089,A001321,BN0658,BN2526,Customer Request
BC0003222,2026-08-24 15:14:48,E0067,A003459,BN0846,BN7153,Customer Request
BC0003223,2026-08-08 09:53:39,E0058,A003700,BN0991,BN7578,Customer Request
BC0003224,2026-08-06 14:31:00,E0027,A003897,BN0235,BN2160,Customer Request
BC0003225,2026-09-17 11:00:08,E0071,A000543,BN0832,BN3920,Customer Request
BC0003226,2026-09-15 17:57:31,E0027,A006380,BN0633,BN3128,Customer Request
BC0003227,2026-08-06 12:30:39,E0060,A001240,BN0448,BN6306,Customer Request
BC0003228,2026-09-22 09:57:59,E0089,A005976,BN0398,BN6921,Customer Request
BC0003229,2026-08-14 09:03:36,E0088,A003093,BN0238,BN1342,Customer Request
BC0003230,2026-08-17 16:44:45,E0039,A001003,BN0597,BN6670,Customer Request
BC0003231,2026-09-20 15:09:26,E0077,A006745,BN0779,BN4424,Customer Request
BC0003232,2026-09-21 12:02:14,E0099,A005797,BN0812,BN8384,Customer Request
BC0003233,2026-09-05 11:54:39,E0017,A003524,BN0514,BN9120,Customer Request
BC0003234,2026-09-05 09:25:08,E0046,A002523,BN0524,BN8453,Customer Request
BC0003235,2026-08-13 17:28:27,E0100,A004588,BN0497,BN4476,Customer Request
BC0003236,2026-08-21 13:05:14,E0019,A004077,BN0949,BN8151,Customer Request
BC0003237,2026-09-06 12:07:42,E0075,A006370,BN0369,BN1049,Customer Request
BC0003238,2026-08-30 17:45:13,E0027,A006162,BN0604,BN3488,Customer Request
BC0003239,2026-08-28 13:35:13,E0057,A000534,BN0937,BN5170,Customer Request
BC0003240,2026-08-25 10:30:09,E0093,A005036,BN0463,BN6637,Customer Request
BC0003241,2026-09-24 13:55:53,E0035,A005836,BN0247,BN9408,Customer Request
BC0003242,2026-09-14 17:31:32,E0073,A003419,BN0751,BN7307,Customer Request
BC0003243,2026-09-09 11:01:07,E0025,A002401,BN0353,BN1449,Customer Request
BC0003244,2026-09-10 13:34:08,E0067,A002537,BN0758,BN5380,Customer Request
BC0003245,2026-08-16 13:45:55,E0072,A005922,BN0664,BN3550,Customer Request
BC0003246,2026-08-20 16:27:01,E0087,A001798,BN0895,BN7758,Customer Request
BC0003247,2026-08-27 11:59:09,E0070,A002900,BN0832,BN4618,Customer Request
BC0003248,2026-09-22 14:11:20,E0009,A001881,BN0718,BN4457,Customer Request
BC0003249,2026-09-12 15:52:01,E0079,A002430,BN0626,BN4322,Customer Request
BC0003250,2026-08-29 10:49:47,E0078,A000851,BN0823,BN3748,Customer Request
BC0003251,2026-09-04 16:00:41,E0050,A006515,BN0160,BN7970,Customer Request
BC0003252,2026-08-26 17:41:30,E0039,A006644,BN0609,BN1750,Customer Request
BC0003253,2026-09-13 10:42:58,E0060,A001591,BN0891,BN4437,Customer Request
BC0003254,2026-09-02 17:08:21,E0021,A004629,BN0317,BN9426,Customer Request
BC0003255,2026-08-05 12:00:53,E0081,A001259,BN0809,BN2437,Customer Request
BC0003256,2026-08-10 11:52:12,E0034,A000674,BN0249,BN2645,Customer Request
BC0003257,2026-09-10 09:27:37,E0054,A000417,BN0958,BN4819,Customer Request
BC0003258,2026-08-23 09:19:44,E0068,A003902,BN0890,BN1109,Customer Request
BC0003259,2026-09-17 09:24:43,E0041,A004062,BN0540,BN7552,Customer Request
BC0003260,2026-08-03 12:55:38,E0067,A006319,BN0782,BN1301,Customer Request
BC0003261,2026-08-31 09:36:51,E0064,A000949,BN0824,BN9201,Customer Request
BC0003262,2026-08-28 14:26:42,E0090,A000596,BN0398,BN4707,Customer Request
BC0003263,2026-08-11 12:46:23,E0031,A001727,BN0806,BN1535,Customer Request
BC0003264,2026-09-20 11:13:07,E0089,A001649,BN0495,BN3071,Customer Request
BC0003265,2026-09-09 10:35:50,E0086,A004165,BN0431,BN2591,Customer Request
BC0003266,2026-08-10 12:54:12,E0014,A001652,BN0048,BN1500,Customer Request
BC0003267,2026-09-08 10:17:16,E0078,A003927,BN0503,BN8796,Customer Request
BC0003268,2026-08-31 15:29:14,E0079,A005333,BN0411,BN1055,Customer Request
BC0003269,2026-09-09 13:35:04,E0054,A004606,BN0969,BN2720,Customer Request
BC0003270,2026-08-08 13:54:27,E0029,A000397,BN0263,BN5357,Customer Request
BC0003271,2026-09-25 09:37:25,E0010,A004413,BN0914,BN1664,Customer Request
BC0003272,2026-09-23 16:58:50,E0020,A005797,BN0465,BN4123,Customer Request
BC0003273,2026-09-13 17:03:25,E0044,A004094,BN0110,BN5654,Customer Request
BC0003274,2026-09-24 15:08:48,E0055,A004892,BN0175,BN5444,Customer Request
BC0003275,2026-09-03 09:56:37,E0022,A001321,BN0726,BN2275,Customer Request
BC0003276,2026-08-09 14:12:05,E0042,A000546,BN0203,BN8653,Customer Request
BC0003277,2026-09-19 13:06:28,E0034,A002304,BN0358,BN7607,Customer Request
BC0003278,2026-08-29 12:14:04,E0002,A003281,BN0746,BN1592,Customer Request
BC0003279,2026-09-08 11:26:28,E0097,A000211,BN0771,BN3488,Customer Request
BC0003280,2026-09-20 17:57:48,E0022,A005461,BN0726,BN8394,Customer Request
BC0003281,2026-09-04 09:17:58,E0050,A006268,BN0829,BN7892,Customer Request
BC0003282,2026-08-24 13:45:14,E0004,A006161,BN0103,BN9962,Customer Request
BC0003283,2026-08-25 17:46:19,E0086,A000268,BN0626,BN7128,Customer Request
BC0003284,2026-09-12 10:54:13,E0055,A005680,BN0544,BN4967,Customer Request
BC0003285,2026-08-31 09:33:47,E0041,A006000,BN0400,BN4026,Customer Request
BC0003286,2026-08-04 15:16:23,E0058,A004225,BN0646,BN1120,Customer Request
BC0003287,2026-08-07 16:21:16,E0049,A006117,BN0376,BN6267,Customer Request
BC0003288,2026-08-19 14:35:18,E0043,A001527,BN0325,BN6738,Customer Request
BC0003289,2026-09-07 12:23:15,E0038,A002023,BN0374,BN7160,Customer Request
BC0003290,2026-08-14 12:15:44,E0085,A000385,BN0943,BN3473,Customer Request
BC0003291,2026-08-10 15:56:41,E0063,A000102,BN0712,BN4700,Customer Request
BC0003292,2026-09-14 14:43:20,E0055,A000055,BN0828,BN7428,Customer Request
BC0003293,2026-08-03 16:43:18,E0086,A003801,BN0859,BN1933,Customer Request
BC0003294,2026-09-22 15:25:15,E0039,A005935,BN0192,BN5128,Customer Request
BC0003295,2026-08-06 15:20:03,E0099,A006474,BN0253,BN8559,Customer Request
BC0003296,2026-09-19 09:59:58,E0097,A003944,BN0024,BN7928,Customer Request
BC0003297,2026-08-06 12:31:31,E0063,A004228,BN0594,BN4416,Customer Request
BC0003298,2026-09-18 14:35:38,E0011,A000471,BN0023,BN2255,Customer Request
BC0003299,2026-09-06 16:34:05,E0025,A003639,BN0842,BN8590,Customer Request
BC0003300,2026-08-18 16:09:22,E0027,A006074,BN0519,BN3680,Customer Request
BC0003301,2026-08-18 13:38:40,E0033,A003080,BN0296,BN3442,Customer Request
BC0003302,2026-09-15 11:53:17,E0036,A006172,BN0198,BN5354,Customer Request
BC0003303,2026-09-19 16:43:10,E0037,A006020,BN0662,BN9265,Customer Request
BC0003304,2026-08-19 17:28:49,E0025,A002648,BN0331,BN2736,Customer Request
BC0003305,2026-08-21 13:42:41,E0038,A004925,BN0090,BN3753,Customer Request
BC0003306,2026-09-17 09:05:18,E0023,A003111,BN0499,BN1575,Customer Request
BC0003307,2026-08-29 09:19:49,E0008,A003622,BN0871,BN7299,Customer Request
BC0003308,2026-08-22 15:31:39,E0088,A005765,BN0724,BN6078,Customer Request
BC0003309,2026-08-05 16:05:10,E0007,A000493,BN0444,BN6694,Customer Request
BC0003310,2026-08-08 14:53:35,E0049,A004633,BN0607,BN1530,Customer Request
BC0003311,2026-09-13 14:08:03,E0097,A002302,BN0513,BN4745,Customer Request
BC0003312,2026-08-27 16:54:22,E0081,A006641,BN0315,BN5669,Customer Request
BC0003313,2026-08-01 15:37:43,E0008,A004891,BN0200,BN4900,Customer Request
BC0003314,2026-08-17 13:46:49,E0032,A005826,BN0355,BN5615,Customer Request
BC0003315,2026-09-04 14:07:21,E0072,A002594,BN0924,BN5115,Customer Request
BC0003316,2026-09-18 11:46:16,E0050,A003740,BN0332,BN1002,Customer Request
BC0003317,2026-08-13 09:54:44,E0023,A000175,BN0679,BN5246,Customer Request
BC0003318,2026-09-02 09:59:05,E0012,A005381,BN0281,BN5288,Customer Request
BC0003319,2026-09-03 17:49:29,E0001,A005366,BN0335,BN9774,Customer Request
BC0003320,2026-09-07 12:44:50,E0011,A004453,BN0377,BN4009,Customer Request
BC0003321,2026-08-12 14:30:04,E0069,A005367,BN0321,BN1822,Customer Request
BC0003322,2026-08-21 17:25:49,E0061,A003400,BN0908,BN5861,Customer Request
BC0003323,2026-08-05 09:30:30,E0047,A005436,BN0030,BN8565,Customer Request
BC0003324,2026-08-16 12:02:44,E0018,A002007,BN0361,BN6132,Customer Request
BC0003325,2026-08-02 15:05:25,E0086,A000456,BN0615,BN2002,Customer Request
BC0003326,2026-08-07 16:19:17,E0097,A006748,BN0715,BN6956,Customer Request
BC0003327,2026-08-02 09:40:25,E0003,A000342,BN0753,BN9021,Customer Request
BC0003328,2026-08-13 11:42:05,E0012,A006928,BN0550,BN2029,Customer Request
BC0003329,2026-09-20 10:23:09,E0029,A003431,BN0589,BN3842,Customer Request
BC0003330,2026-09-05 12:23:54,E0050,A005798,BN0106,BN6097,Customer Request
BC0003331,2026-08-19 15:31:44,E0005,A006327,BN0187,BN7618,Customer Request
BC0003332,2026-09-04 11:54:09,E0058,A000201,BN0315,BN1496,Customer Request
BC0003333,2026-09-25 15:56:27,E0010,A006900,BN0828,BN2850,Customer Request
BC0003334,2026-09-20 17:36:31,E0047,A006485,BN0631,BN2768,Customer Request
BC0003335,2026-09-23 12:08:59,E0087,A002887,BN0524,BN9917,Customer Request
BC0003336,2026-08-13 16:01:48,E0039,A006994,BN0918,BN2234,Customer Request
BC0003337,2026-08-05 14:28:18,E0009,A006044,BN0545,BN4908,Customer Request
BC0003338,2026-08-18 15:25:16,E0012,A005747,BN0751,BN8614,Customer Request
BC0003339,2026-08-30 11:39:21,E0012,A000860,BN0469,BN1368,Customer Request
BC0003340,2026-08-18 11:28:05,E0020,A001121,BN0620,BN1408,Customer Request
BC0003341,2026-09-05 14:06:21,E0099,A000512,BN0132,BN6083,Customer Request
BC0003342,2026-08-12 15:12:10,E0001,A004206,BN0803,BN8671,Customer Request
BC0003343,2026-08-14 10:18:51,E0052,A003748,BN0041,BN2548,Customer Request
BC0003344,2026-09-10 17:38:27,E0006,A003545,BN0879,BN2866,Customer Request
BC0003345,2026-09-21 09:30:41,E0027,A002028,BN0133,BN4056,Customer Request
BC0003346,2026-08-23 11:54:27,E0097,A004492,BN0954,BN8923,Customer Request
BC0003347,2026-08-13 17:45:22,E0032,A002169,BN0823,BN5580,Customer Request
BC0003348,2026-08-26 10:10:00,E0019,A000058,BN0558,BN6165,Customer Request
BC0003349,2026-09-15 13:28:44,E0004,A001361,BN0822,BN8933,Customer Request
BC0003350,2026-08-11 09:36:37,E0090,A005532,BN0969,BN4779,Customer Request
BC0003351,2026-08-06 16:41:16,E0043,A002447,BN0923,BN5518,Customer Request
BC0003352,2026-09-20 13:47:02,E0065,A000905,BN0405,BN2418,Customer Request
BC0003353,2026-09-04 12:22:14,E0055,A002487,BN0596,BN3099,Customer Request
BC0003354,2026-09-23 17:09:45,E0042,A001784,BN0620,BN3322,Customer Request
BC0003355,2026-09-02 12:49:24,E0042,A003797,BN0481,BN3497,Customer Request
BC0003356,2026-08-25 14:59:45,E0050,A003794,BN0294,BN7738,Customer Request
BC0003357,2026-08-02 14:37:55,E0098,A000501,BN0730,BN2046,Customer Request
BC0003358,2026-09-19 16:20:34,E0021,A006804,BN0205,BN8129,Customer Request
BC0003359,2026-09-03 17:40:14,E0095,A002536,BN0806,BN4955,Customer Request
BC0003360,2026-08-31 12:53:07,E0086,A003298,BN0647,BN7790,Customer Request
BC0003361,2026-08-03 13:54:36,E0063,A006606,BN0552,BN5023,Customer Request
BC0003362,2026-09-23 09:38:42,E0031,A002234,BN0178,BN3732,Customer Request
BC0003363,2026-08-23 12:05:50,E0068,A006709,BN0037,BN1563,Customer Request
BC0003364,2026-08-15 12:16:42,E0069,A006015,BN0185,BN4718,Customer Request
BC0003365,2026-09-18 10:19:54,E0021,A001133,BN0306,BN1041,Customer Request
BC0003366,2026-09-18 11:08:56,E0045,A005132,BN0871,BN8601,Customer Request
BC0003367,2026-08-08 14:24:42,E0094,A006166,BN0870,BN7590,Customer Request
BC0003368,2026-08-25 17:43:36,E0007,A001648,BN0438,BN5091,Customer Request
BC0003369,2026-08-22 17:07:45,E0004,A004881,BN0618,BN5125,Customer Request
BC0003370,2026-08-31 14:50:56,E0087,A002029,BN0601,BN6669,Customer Request
BC0003371,2026-09-04 09:25:04,E0095,A002104,BN0992,BN7550,Customer Request
BC0003372,2026-09-13 13:29:18,E0100,A001458,BN0813,BN1284,Customer Request
BC0003373,2026-09-03 11:48:46,E0021,A004507,BN0426,BN2761,Customer Request
BC0003374,2026-08-14 12:51:12,E0021,A003935,BN0885,BN7836,Customer Request
BC0003375,2026-09-09 09:33:51,E0025,A002060,BN0434,BN6089,Customer Request
BC0003376,2026-09-14 17:28:57,E0044,A000319,BN0551,BN7328,Customer Request
BC0003377,2026-08-24 12:34:42,E0054,A003101,BN0073,BN7723,Customer Request
BC0003378,2026-08-23 11:18:51,E0004,A001170,BN0048,BN9008,Customer Request
BC0003379,2026-09-06 15:41:09,E0035,A005833,BN0802,BN5371,Customer Request
BC0003380,2026-09-16 09:51:07,E0055,A000010,BN0652,BN3824,Customer Request
BC0003381,2026-09-10 11:28:40,E0068,A005324,BN0657,BN3934,Customer Request
BC0003382,2026-08-07 14:26:23,E0082,A000217,BN0436,BN1410,Customer Request
BC0003383,2026-08-08 17:38:54,E0007,A004078,BN0787,BN2230,Customer Request
BC0003384,2026-08-04 14:50:35,E0055,A006955,BN0269,BN3802,Customer Request
BC0003385,2026-09-03 12:16:08,E0052,A000530,BN0773,BN9673,Customer Request
BC0003386,2026-09-09 15:28:16,E0004,A000455,BN0523,BN7434,Customer Request
BC0003387,2026-09-25 14:57:34,E0048,A002140,BN0637,BN2330,Customer Request
BC0003388,2026-08-08 14:06:58,E0061,A005853,BN0201,BN4511,Customer Request
BC0003389,2026-08-19 15:17:52,E0024,A005274,BN0409,BN1873,Customer Request
BC0003390,2026-08-11 14:56:20,E0087,A005092,BN0300,BN7230,Customer Request
BC0003391,2026-09-21 10:27:12,E0031,A005676,BN0012,BN7416,Customer Request
BC0003392,2026-09-16 15:18:59,E0049,A005145,BN0264,BN2516,Customer Request
BC0003393,2026-09-12 15:55:42,E0086,A005925,BN0854,BN2757,Customer Request
BC0003394,2026-09-03 14:24:27,E0032,A005939,BN0923,BN9319,Customer Request
BC0003395,2026-09-04 09:39:22,E0086,A005079,BN0447,BN4316,Customer Request
BC0003396,2026-08-19 12:05:35,E0057,A000180,BN0829,BN4642,Customer Request
BC0003397,2026-08-28 11:04:03,E0034,A004504,BN0374,BN4680,Customer Request
BC0003398,2026-08-04 13:22:57,E0067,A000816,BN0952,BN2629,Customer Request
BC0003399,2026-08-12 12:57:39,E0088,A001387,BN0330,BN3332,Customer Request
BC0003400,2026-09-21 09:07:00,E0001,A004944,BN0014,BN1795,Customer Request
BC0003401,2026-08-20 09:40:45,E0010,A000156,BN0792,BN8678,Customer Request
BC0003402,2026-08-25 15:59:00,E0058,A005098,BN0639,BN5786,Customer Request
BC0003403,2026-08-25 13:00:27,E0058,A003352,BN0590,BN8854,Customer Request
BC0003404,2026-08-04 13:01:14,E0044,A005595,BN0470,BN9454,Customer Request
BC0003405,2026-09-01 12:31:22,E0013,A001358,BN0950,BN7401,Customer Request
BC0003406,2026-08-31 10:21:13,E0026,A006196,BN0185,BN5658,Customer Request
BC0003407,2026-09-15 11:16:36,E0095,A002691,BN0850,BN2729,Customer Request
BC0003408,2026-09-01 14:40:09,E0011,A004741,BN0465,BN7422,Customer Request
BC0003409,2026-09-01 09:26:54,E0030,A003801,BN0389,BN7683,Customer Request
BC0003410,2026-09-23 17:46:23,E0034,A005933,BN0709,BN7136,Customer Request
BC0003411,2026-09-07 13:25:49,E0006,A006318,BN0114,BN1419,Customer Request
BC0003412,2026-08-19 10:45:23,E0089,A005251,BN0166,BN3412,Customer Request
BC0003413,2026-08-04 16:54:49,E0054,A002539,BN0876,BN3793,Customer Request
BC0003414,2026-08-25 16:13:22,E0076,A003718,BN0183,BN4024,Customer Request
BC0003415,2026-08-29 10:55:44,E0045,A004254,BN0104,BN4442,Customer Request
BC0003416,2026-09-05 12:57:20,E0046,A003693,BN0998,BN2044,Customer Request
BC0003417,2026-09-10 14:05:56,E0069,A001493,BN0371,BN3987,Customer Request
BC0003418,2026-09-13 17:41:56,E0062,A004732,BN0958,BN6563,Customer Request
BC0003419,2026-08-17 16:55:17,E0067,A004551,BN0311,BN3520,Customer Request
BC0003420,2026-09-24 12:16:21,E0089,A002974,BN0375,BN9253,Customer Request
BC0003421,2026-09-23 12:34:29,E0046,A003915,BN0106,BN9951,Customer Request
BC0003422,2026-08-03 11:44:34,E0023,A005930,BN0656,BN4599,Customer Request
BC0003423,2026-08-11 09:31:35,E0018,A000666,BN0423,BN9752,Customer Request
BC0003424,2026-09-18 12:45:36,E0093,A002885,BN0335,BN7922,Customer Request
BC0003425,2026-08-08 10:58:19,E0098,A006880,BN0059,BN6515,Customer Request
BC0003426,2026-09-06 16:17:45,E0056,A003795,BN0054,BN7990,Customer Request
BC0003427,2026-08-11 13:20:38,E0001,A000911,BN0413,BN6367,Customer Request
BC0003428,2026-08-26 11:04:54,E0035,A005249,BN0720,BN6123,Customer Request
BC0003429,2026-09-21 11:05:57,E0066,A005581,BN0365,BN8521,Customer Request
BC0003430,2026-09-21 16:08:52,E0054,A003736,BN0462,BN4778,Customer Request
BC0003431,2026-08-24 09:41:47,E0099,A001710,BN0468,BN8095,Customer Request
BC0003432,2026-09-02 14:51:10,E0056,A001707,BN0245,BN8843,Customer Request
BC0003433,2026-08-11 15:22:34,E0003,A001433,BN0734,BN9874,Customer Request
BC0003434,2026-08-26 16:51:55,E0082,A005526,BN0279,BN1937,Customer Request
BC0003435,2026-09-17 15:54:20,E0029,A006988,BN0733,BN9589,Customer Request
BC0003436,2026-08-22 13:54:52,E0076,A004792,BN0363,BN4826,Customer Request
BC0003437,2026-08-26 13:31:27,E0054,A001112,BN0309,BN8124,Customer Request
BC0003438,2026-08-31 11:33:22,E0034,A002666,BN0868,BN2533,Customer Request
BC0003439,2026-08-18 11:46:01,E0086,A003658,BN0683,BN9571,Customer Request
BC0003440,2026-09-06 13:22:01,E0091,A003013,BN0218,BN8616,Customer Request
BC0003441,2026-08-08 14:43:27,E0013,A005546,BN0907,BN6562,Customer Request
BC0003442,2026-08-12 15:24:18,E0051,A001220,BN0521,BN5879,Customer Request
BC0003443,2026-08-17 09:55:02,E0025,A005272,BN0970,BN7345,Customer Request
BC0003444,2026-09-05 15:37:45,E0009,A005590,BN0738,BN6199,Customer Request
BC0003445,2026-09-08 11:53:31,E0064,A000314,BN0190,BN4366,Customer Request
BC0003446,2026-09-19 14:44:08,E0100,A001566,BN0508,BN1525,Customer Request
BC0003447,2026-09-10 12:11:34,E0045,A006500,BN0019,BN3266,Customer Request
BC0003448,2026-09-05 13:56:33,E0008,A004356,BN0379,BN4521,Customer Request
BC0003449,2026-08-20 17:56:55,E0082,A004064,BN0943,BN7530,Customer Request
BC0003450,2026-09-15 14:59:53,E0057,A004246,BN0240,BN5667,Customer Request
BC0003451,2026-08-31 17:16:16,E0017,A003173,BN0263,BN8374,Customer Request
BC0003452,2026-09-19 15:41:55,E0001,A000865,BN0483,BN2896,Customer Request
BC0003453,2026-09-02 14:24:34,E0053,A003936,BN0779,BN1691,Customer Request
BC0003454,2026-09-07 17:20:23,E0014,A006365,BN0222,BN7526,Customer Request
BC0003455,2026-08-11 13:23:32,E0077,A006819,BN0021,BN7344,Customer Request
BC0003456,2026-08-24 16:35:30,E0095,A003889,BN0289,BN8865,Customer Request
BC0003457,2026-08-29 12:49:28,E0018,A002163,BN0097,BN4978,Customer Request
BC0003458,2026-08-12 17:01:04,E0013,A006872,BN0099,BN8905,Customer Request
BC0003459,2026-08-14 10:55:16,E0090,A000087,BN0090,BN7711,Customer Request
BC0003460,2026-09-20 09:20:38,E0085,A004242,BN0852,BN1153,Customer Request
BC0003461,2026-08-15 15:29:08,E0033,A004834,BN0103,BN4616,Customer Request
BC0003462,2026-09-20 15:04:10,E0024,A000563,BN0037,BN9913,Customer Request
BC0003463,2026-08-10 09:45:18,E0037,A000573,BN0414,BN3016,Customer Request
BC0003464,2026-08-31 12:19:41,E0056,A002715,BN0757,BN6810,Customer Request
BC0003465,2026-08-15 14:05:40,E0044,A001859,BN0162,BN7542,Customer Request
BC0003466,2026-08-24 10:07:36,E0009,A004225,BN0571,BN8979,Customer Request
BC0003467,2026-08-17 17:57:34,E0052,A003824,BN0297,BN7127,Customer Request
BC0003468,2026-09-05 17:40:13,E0043,A002826,BN0866,BN9345,Customer Request
BC0003469,2026-09-14 09:28:13,E0025,A003291,BN0249,BN1145,Customer Request
BC0003470,2026-08-08 09:22:25,E0073,A000074,BN0412,BN1398,Customer Request
BC0003471,2026-08-24 16:17:17,E0030,A006969,BN0785,BN5935,Customer Request
BC0003472,2026-08-07 15:48:47,E0067,A004472,BN0515,BN1374,Customer Request
BC0003473,2026-08-03 16:56:54,E0055,A000301,BN0144,BN3900,Customer Request
BC0003474,2026-09-13 09:56:49,E0008,A006319,BN0350,BN3754,Customer Request
BC0003475,2026-08-23 09:26:07,E0032,A003997,BN0364,BN5201,Customer Request
BC0003476,2026-09-07 09:23:30,E0045,A002953,BN0019,BN3212,Customer Request
BC0003477,2026-09-08 12:51:29,E0072,A000222,BN0936,BN4476,Customer Request
BC0003478,2026-09-07 10:29:55,E0052,A001750,BN0548,BN3003,Customer Request
BC0003479,2026-08-07 11:58:14,E0072,A005281,BN0023,BN3805,Customer Request
BC0003480,2026-09-25 17:30:26,E0035,A001561,BN0234,BN7940,Customer Request
BC0003481,2026-09-19 12:32:39,E0093,A005165,BN0665,BN7646,Customer Request
BC0003482,2026-08-22 13:53:58,E0094,A004161,BN0480,BN9058,Customer Request
BC0003483,2026-09-13 17:23:33,E0012,A006970,BN0963,BN9666,Customer Request
BC0003484,2026-08-26 09:13:39,E0005,A001648,BN0176,BN6761,Customer Request
BC0003485,2026-08-17 09:37:43,E0090,A006015,BN0771,BN5881,Customer Request
BC0003486,2026-08-24 10:17:50,E0072,A004100,BN0553,BN9673,Customer Request
BC0003487,2026-08-31 13:55:01,E0062,A005637,BN0884,BN7184,Customer Request
BC0003488,2026-08-02 11:36:08,E0015,A005069,BN0704,BN5264,Customer Request
BC0003489,2026-08-01 11:20:26,E0020,A003245,BN0648,BN5504,Customer Request
BC0003490,2026-08-10 09:17:46,E0090,A001857,BN0456,BN2449,Customer Request
BC0003491,2026-08-23 13:09:22,E0018,A006349,BN0776,BN8555,Customer Request
BC0003492,2026-08-21 11:09:51,E0063,A006446,BN0837,BN9881,Customer Request
BC0003493,2026-09-23 10:35:18,E0047,A002232,BN0715,BN1398,Customer Request
BC0003494,2026-08-30 16:32:05,E0060,A005898,BN0696,BN2785,Customer Request
BC0003495,2026-09-12 13:39:12,E0086,A004634,BN0257,BN9827,Customer Request
BC0003496,2026-08-12 11:09:38,E0022,A000349,BN0263,BN1646,Customer Request
BC0003497,2026-09-09 14:49:48,E0012,A004658,BN0099,BN8183,Customer Request
BC0003498,2026-09-12 17:40:09,E0090,A000286,BN0052,BN6780,Customer Request
BC0003499,2026-09-22 10:55:58,E0037,A000077,BN0842,BN8128,Customer Request
BC0003500,2026-08-13 15:42:43,E0014,A002461,BN0547,BN9617,Customer Request
BC0003501,2026-08-11 17:09:43,E0050,A002084,BN0358,BN5232,Customer Request
BC0003502,2026-09-22 17:51:54,E0060,A002713,BN0920,BN6552,Customer Request
BC0003503,2026-09-13 10:55:43,E0076,A001012,BN0093,BN1545,Customer Request
BC0003504,2026-08-12 09:11:37,E0075,A005894,BN0028,BN7387,Customer Request
BC0003505,2026-09-22 10:20:53,E0011,A002579,BN0346,BN2146,Customer Request
BC0003506,2026-09-16 12:44:09,E0010,A004367,BN0785,BN6546,Customer Request
BC0003507,2026-09-02 11:18:36,E0014,A005320,BN0551,BN1164,Customer Request
BC0003508,2026-09-11 11:12:02,E0064,A004904,BN0051,BN5956,Customer Request
BC0003509,2026-08-16 09:46:19,E0057,A002976,BN0755,BN2400,Customer Request
BC0003510,2026-08-31 12:36:04,E0044,A004221,BN0910,BN6014,Customer Request
BC0003511,2026-08-04 10:03:30,E0017,A003769,BN0343,BN4199,Customer Request
BC0003512,2026-08-04 10:51:06,E0006,A003489,BN0363,BN6628,Customer Request
BC0003513,2026-09-23 13:32:09,E0052,A001469,BN0435,BN2329,Customer Request
BC0003514,2026-09-19 15:03:01,E0057,A005273,BN0437,BN6536,Customer Request
BC0003515,2026-08-16 09:34:39,E0063,A002134,BN0218,BN6163,Customer Request
BC0003516,2026-09-02 15:53:52,E0054,A005225,BN0417,BN7229,Customer Request
BC0003517,2026-08-15 13:20:40,E0083,A004593,BN0257,BN5076,Customer Request
BC0003518,2026-08-30 12:26:09,E0090,A000462,BN0383,BN3089,Customer Request
BC0003519,2026-08-21 12:32:09,E0006,A005245,BN0622,BN4822,Customer Request
BC0003520,2026-08-30 15:25:54,E0096,A000482,BN0821,BN4559,Customer Request
BC0003521,2026-09-09 13:38:24,E0060,A001641,BN0500,BN8328,Customer Request
BC0003522,2026-08-16 17:39:00,E0011,A003413,BN0241,BN7450,Customer Request
BC0003523,2026-09-13 17:27:09,E0047,A005478,BN0577,BN5542,Customer Request
BC0003524,2026-08-18 11:35:31,E0092,A001795,BN0556,BN9611,Customer Request
BC0003525,2026-09-03 15:16:10,E0029,A002603,BN0192,BN1385,Customer Request
BC0003526,2026-08-26 16:27:43,E0033,A001909,BN0143,BN5548,Customer Request
BC0003527,2026-08-22 17:10:54,E0082,A002694,BN0725,BN8184,Customer Request
BC0003528,2026-09-02 09:31:36,E0011,A001189,BN0989,BN5867,Customer Request
BC0003529,2026-09-19 12:19:37,E0015,A000926,BN0525,BN3590,Customer Request
BC0003530,2026-08-10 09:35:07,E0095,A001657,BN0828,BN3630,Customer Request
BC0003531,2026-08-12 17:25:02,E0035,A006387,BN0371,BN1344,Customer Request
BC0003532,2026-09-23 16:11:54,E0059,A005272,BN0467,BN3249,Customer Request
BC0003533,2026-09-17 11:44:59,E0082,A003087,BN0443,BN9594,Customer Request
BC0003534,2026-09-08 14:19:37,E0092,A006854,BN0443,BN2946,Customer Request
BC0003535,2026-09-15 17:41:06,E0007,A003903,BN0119,BN8806,Customer Request
BC0003536,2026-09-18 10:49:27,E0031,A000611,BN0400,BN9064,Customer Request
BC0003537,2026-08-14 09:21:18,E0021,A000884,BN0392,BN5161,Customer Request
BC0003538,2026-09-01 10:51:44,E0018,A003339,BN0398,BN5733,Customer Request
BC0003539,2026-08-07 15:41:36,E0079,A004223,BN0368,BN3838,Customer Request
BC0003540,2026-09-10 16:08:38,E0019,A006033,BN0771,BN4701,Customer Request
BC0003541,2026-08-13 12:51:39,E0092,A003578,BN0416,BN6798,Customer Request
BC0003542,2026-09-04 09:24:43,E0085,A006887,BN0156,BN8182,Customer Request
BC0003543,2026-09-01 15:33:43,E0036,A004860,BN0221,BN2398,Customer Request
BC0003544,2026-08-18 10:31:12,E0088,A000097,BN0817,BN1089,Customer Request
BC0003545,2026-09-15 09:48:53,E0096,A000824,BN0496,BN5381,Customer Request
BC0003546,2026-08-04 10:25:27,E0096,A002878,BN0461,BN8643,Customer Request
BC0003547,2026-08-08 09:27:37,E0073,A004502,BN0021,BN3406,Customer Request
BC0003548,2026-08-25 16:20:17,E0020,A001696,BN0220,BN6225,Customer Request
BC0003549,2026-08-19 12:17:45,E0042,A000569,BN0680,BN8474,Customer Request
BC0003550,2026-09-24 11:37:53,E0096,A004830,BN0934,BN3259,Customer Request
BC0003551,2026-08-29 15:45:45,E0010,A001152,BN0477,BN3538,Customer Request
BC0003552,2026-08-20 15:47:12,E0098,A005202,BN0113,BN8890,Customer Request
BC0003553,2026-09-23 15:05:40,E0010,A003598,BN0288,BN2284,Customer Request
BC0003554,2026-08-21 11:25:26,E0084,A000906,BN0227,BN1714,Customer Request
BC0003555,2026-09-01 09:01:28,E0003,A005397,BN0485,BN4928,Customer Request
BC0003556,2026-09-13 12:43:42,E0100,A000552,BN0351,BN4429,Customer Request
BC0003557,2026-08-20 17:06:40,E0002,A004543,BN0042,BN2675,Customer Request
BC0003558,2026-08-04 10:25:56,E0069,A000397,BN0454,BN4225,Customer Request
BC0003559,2026-08-02 09:12:48,E0014,A006644,BN0521,BN1490,Customer Request
BC0003560,2026-08-20 15:17:27,E0012,A002644,BN0040,BN6666,Customer Request
BC0003561,2026-09-20 14:42:04,E0017,A004041,BN0466,BN7276,Customer Request
BC0003562,2026-09-02 12:24:22,E0068,A000084,BN0933,BN3163,Customer Request
BC0003563,2026-08-19 17:23:52,E0046,A002231,BN0569,BN3676,Customer Request
BC0003564,2026-08-04 17:14:35,E0096,A004894,BN0758,BN4130,Customer Request
BC0003565,2026-08-04 12:39:24,E0061,A006429,BN0460,BN1950,Customer Request
BC0003566,2026-08-13 15:43:23,E0067,A001819,BN0892,BN1097,Customer Request
BC0003567,2026-08-28 11:40:36,E0085,A006330,BN0513,BN5708,Customer Request
BC0003568,2026-08-26 14:40:55,E0076,A006929,BN0533,BN6416,Customer Request
BC0003569,2026-09-09 17:05:39,E0071,A004697,BN0527,BN3652,Customer Request
BC0003570,2026-08-02 14:21:41,E0001,A000249,BN0263,BN1229,Customer Request
BC0003571,2026-08-11 17:47:31,E0063,A004878,BN0237,BN3821,Customer Request
BC0003572,2026-08-13 11:35:49,E0063,A005226,BN0623,BN5013,Customer Request
BC0003573,2026-09-06 16:19:00,E0042,A000491,BN0443,BN1111,Customer Request
BC0003574,2026-08-01 14:10:10,E0026,A002473,BN0718,BN7879,Customer Request
BC0003575,2026-08-18 10:42:34,E0063,A001291,BN0864,BN2602,Customer Request
BC0003576,2026-08-06 11:08:18,E0052,A005015,BN0676,BN5069,Customer Request
BC0003577,2026-08-11 12:48:31,E0006,A005596,BN0178,BN8356,Customer Request
BC0003578,2026-09-19 11:18:48,E0032,A006458,BN0182,BN3405,Customer Request
BC0003579,2026-09-08 12:15:27,E0068,A000947,BN0653,BN7012,Customer Request
BC0003580,2026-09-16 15:45:32,E0095,A004745,BN0417,BN3089,Customer Request
BC0003581,2026-08-04 11:29:48,E0061,A002085,BN0921,BN4175,Customer Request
BC0003582,2026-08-04 17:31:37,E0016,A005757,BN0998,BN1176,Customer Request
BC0003583,2026-08-18 14:59:11,E0029,A000236,BN0358,BN4300,Customer Request
BC0003584,2026-08-21 12:07:15,E0037,A004668,BN0718,BN4806,Customer Request
BC0003585,2026-08-09 15:42:48,E0068,A005962,BN0690,BN1067,Customer Request
BC0003586,2026-08-10 10:42:02,E0017,A003419,BN0555,BN7376,Customer Request
BC0003587,2026-08-03 15:50:43,E0057,A004053,BN0193,BN5491,Customer Request
BC0003588,2026-09-01 14:40:37,E0088,A005385,BN0799,BN5154,Customer Request
BC0003589,2026-08-24 13:39:22,E0011,A000751,BN0630,BN7698,Customer Request
BC0003590,2026-08-18 14:59:17,E0094,A002824,BN0590,BN1586,Customer Request
BC0003591,2026-08-13 13:55:01,E0059,A005884,BN0882,BN2790,Customer Request
BC0003592,2026-08-21 13:02:18,E0071,A005052,BN0550,BN7414,Customer Request
BC0003593,2026-08-11 16:07:28,E0099,A004707,BN0488,BN1108,Customer Request
BC0003594,2026-09-05 16:51:58,E0019,A000165,BN0179,BN1740,Customer Request
BC0003595,2026-08-05 12:35:58,E0041,A005777,BN0237,BN1820,Customer Request
BC0003596,2026-08-09 12:19:54,E0067,A004179,BN0892,BN7073,Customer Request
BC0003597,2026-09-18 10:25:54,E0049,A003852,BN0472,BN6399,Customer Request
BC0003598,2026-09-20 10:25:50,E0041,A001003,BN0333,BN1576,Customer Request
BC0003599,2026-09-22 17:23:11,E0087,A003086,BN0789,BN8762,Customer Request
BC0003600,2026-09-19 16:47:54,E0088,A004674,BN0293,BN6208,Customer Request
BC0003601,2026-08-22 15:41:14,E0005,A002789,BN0921,BN7598,Customer Request
BC0003602,2026-08-26 10:33:40,E0027,A006277,BN0555,BN9948,Customer Request
BC0003603,2026-09-02 17:00:03,E0093,A006480,BN0539,BN6624,Customer Request
BC0003604,2026-08-31 14:29:51,E0081,A003749,BN0131,BN7240,Customer Request
BC0003605,2026-09-15 17:32:59,E0051,A006576,BN0283,BN9755,Customer Request
BC0003606,2026-09-18 12:54:32,E0030,A003094,BN0120,BN3456,Customer Request
BC0003607,2026-08-31 09:53:17,E0037,A000650,BN0562,BN5281,Customer Request
BC0003608,2026-08-31 15:18:16,E0046,A006173,BN0896,BN5301,Customer Request
BC0003609,2026-09-06 10:08:34,E0074,A006331,BN0059,BN5104,Customer Request
BC0003610,2026-08-03 12:10:34,E0076,A002499,BN0794,BN3461,Customer Request
BC0003611,2026-08-19 13:33:47,E0050,A003497,BN0245,BN5082,Customer Request
BC0003612,2026-09-15 13:20:29,E0097,A000725,BN0147,BN4321,Customer Request
BC0003613,2026-08-09 15:13:00,E0051,A002726,BN0214,BN8167,Customer Request
BC0003614,2026-09-03 16:16:32,E0026,A004747,BN0217,BN2899,Customer Request
BC0003615,2026-09-22 16:12:43,E0096,A004515,BN0215,BN9261,Customer Request
BC0003616,2026-09-04 09:28:03,E0043,A004496,BN0198,BN3941,Customer Request
BC0003617,2026-08-09 16:58:08,E0028,A004829,BN0065,BN8817,Customer Request
BC0003618,2026-08-16 12:11:45,E0028,A002174,BN0976,BN8083,Customer Request
BC0003619,2026-09-18 15:49:09,E0083,A003900,BN0948,BN6847,Customer Request
BC0003620,2026-09-04 15:15:21,E0012,A004288,BN0780,BN1320,Customer Request
BC0003621,2026-09-12 12:45:41,E0047,A001004,BN0118,BN4090,Customer Request
BC0003622,2026-08-25 13:24:34,E0044,A005107,BN0502,BN5228,Customer Request
BC0003623,2026-08-27 14:27:58,E0078,A005120,BN0619,BN2563,Customer Request
BC0003624,2026-08-07 13:48:27,E0093,A002026,BN0884,BN2025,Customer Request
BC0003625,2026-08-24 13:44:25,E0027,A001875,BN0396,BN8573,Customer Request
BC0003626,2026-08-16 10:01:58,E0099,A004967,BN0348,BN5611,Customer Request
BC0003627,2026-08-30 12:28:39,E0013,A004258,BN0254,BN4997,Customer Request
BC0003628,2026-08-03 09:56:18,E0074,A003393,BN0145,BN1908,Customer Request
BC0003629,2026-08-04 17:37:53,E0007,A001874,BN0999,BN8915,Customer Request
BC0003630,2026-09-22 10:02:33,E0090,A006031,BN0401,BN3398,Customer Request
BC0003631,2026-09-08 11:34:44,E0018,A000842,BN0580,BN9701,Customer Request
BC0003632,2026-08-03 16:57:20,E0082,A004418,BN0304,BN2616,Customer Request
BC0003633,2026-09-16 13:57:09,E0032,A005572,BN0708,BN4164,Customer Request
BC0003634,2026-09-16 15:00:36,E0067,A005454,BN0026,BN7945,Customer Request
BC0003635,2026-08-14 14:47:16,E0060,A001005,BN0132,BN1232,Customer Request
BC0003636,2026-08-01 13:32:51,E0024,A004563,BN0869,BN6928,Customer Request
BC0003637,2026-09-10 13:25:06,E0012,A002094,BN0413,BN9007,Customer Request
BC0003638,2026-08-22 16:02:18,E0049,A001181,BN0978,BN1408,Customer Request
BC0003639,2026-09-24 15:48:11,E0097,A001933,BN0777,BN1572,Customer Request
BC0003640,2026-08-29 15:32:50,E0034,A001265,BN0679,BN3724,Customer Request
BC0003641,2026-08-08 12:05:54,E0085,A001805,BN0850,BN9724,Customer Request
BC0003642,2026-08-27 10:07:59,E0021,A006638,BN0939,BN9401,Customer Request
BC0003643,2026-09-20 12:04:53,E0048,A006106,BN0543,BN4491,Customer Request
BC0003644,2026-08-18 11:52:03,E0040,A002821,BN0946,BN7927,Customer Request
BC0003645,2026-09-10 09:57:23,E0031,A004247,BN0804,BN1507,Customer Request
BC0003646,2026-09-17 15:19:38,E0085,A000704,BN0071,BN8022,Customer Request
BC0003647,2026-08-26 12:13:20,E0052,A003183,BN0564,BN2245,Customer Request
BC0003648,2026-08-14 15:02:08,E0045,A004648,BN0761,BN2993,Customer Request
BC0003649,2026-08-18 15:50:15,E0089,A004977,BN0698,BN3350,Customer Request
BC0003650,2026-08-30 09:39:53,E0077,A003374,BN0070,BN8786,Customer Request
BC0003651,2026-08-07 09:25:09,E0034,A000996,BN0296,BN2665,Customer Request
BC0003652,2026-08-26 13:43:50,E0027,A005364,BN0483,BN4852,Customer Request
BC0003653,2026-08-23 12:09:16,E0085,A004728,BN0903,BN5671,Customer Request
BC0003654,2026-08-14 16:46:31,E0017,A000041,BN0472,BN9444,Customer Request
BC0003655,2026-09-19 10:51:24,E0023,A004533,BN0178,BN1572,Customer Request
BC0003656,2026-09-24 16:38:58,E0032,A004285,BN0508,BN1487,Customer Request
BC0003657,2026-08-21 12:42:37,E0013,A005402,BN0137,BN1856,Customer Request
BC0003658,2026-09-11 11:53:55,E0029,A006305,BN0504,BN6961,Customer Request
BC0003659,2026-08-07 12:48:51,E0034,A006508,BN0290,BN3166,Customer Request
BC0003660,2026-08-26 10:39:13,E0040,A004177,BN0073,BN9838,Customer Request
BC0003661,2026-08-31 16:18:21,E0021,A003215,BN0557,BN5326,Customer Request
BC0003662,2026-08-14 09:35:54,E0028,A005593,BN0647,BN6463,Customer Request
BC0003663,2026-09-22 14:25:42,E0037,A004584,BN0018,BN3637,Customer Request
BC0003664,2026-09-11 15:20:46,E0071,A002912,BN0267,BN9506,Customer Request
BC0003665,2026-08-20 15:36:19,E0096,A000630,BN0269,BN2077,Customer Request
BC0003666,2026-08-25 14:49:51,E0012,A003781,BN0228,BN8278,Customer Request
BC0003667,2026-08-25 17:02:32,E0043,A005835,BN0160,BN8108,Customer Request
BC0003668,2026-09-07 14:59:44,E0006,A006821,BN0226,BN4083,Customer Request
BC0003669,2026-08-21 13:31:54,E0011,A000106,BN0903,BN8812,Customer Request
BC0003670,2026-09-18 16:30:02,E0052,A004416,BN0107,BN5718,Customer Request
BC0003671,2026-08-08 13:22:16,E0006,A001897,BN0769,BN8583,Customer Request
BC0003672,2026-09-01 11:45:12,E0042,A000803,BN0370,BN5617,Customer Request
BC0003673,2026-09-05 16:45:00,E0038,A001539,BN0297,BN9435,Customer Request
BC0003674,2026-08-22 09:12:00,E0040,A002200,BN0349,BN8066,Customer Request
BC0003675,2026-09-05 13:45:03,E0082,A001963,BN0866,BN9588,Customer Request
BC0003676,2026-09-15 15:53:28,E0032,A006793,BN0054,BN9086,Customer Request
BC0003677,2026-08-16 14:16:03,E0093,A004839,BN0008,BN7526,Customer Request
BC0003678,2026-08-06 13:17:29,E0064,A003354,BN0806,BN5077,Customer Request
BC0003679,2026-09-13 11:24:18,E0020,A002465,BN0533,BN3221,Customer Request
BC0003680,2026-09-06 13:15:02,E0030,A006471,BN0087,BN5617,Customer Request
BC0003681,2026-08-25 14:08:18,E0059,A001620,BN0956,BN8791,Customer Request
BC0003682,2026-08-01 13:55:20,E0073,A001229,BN0142,BN2264,Customer Request
BC0003683,2026-08-12 13:13:53,E0003,A003398,BN0595,BN9190,Customer Request
BC0003684,2026-08-06 10:55:16,E0021,A001618,BN0196,BN9605,Customer Request
BC0003685,2026-08-10 17:44:33,E0055,A000607,BN0458,BN2584,Customer Request
BC0003686,2026-08-11 17:51:46,E0089,A004831,BN0078,BN3137,Customer Request
BC0003687,2026-09-04 13:28:53,E0023,A006283,BN0124,BN6855,Customer Request
BC0003688,2026-08-26 17:19:38,E0087,A000213,BN0594,BN4314,Customer Request
BC0003689,2026-09-25 14:18:21,E0031,A003424,BN0117,BN9129,Customer Request
BC0003690,2026-09-05 11:09:35,E0009,A001682,BN0450,BN1765,Customer Request
BC0003691,2026-08-05 17:00:16,E0089,A006377,BN0896,BN5017,Customer Request
BC0003692,2026-09-08 17:46:08,E0011,A001125,BN0119,BN2204,Customer Request
BC0003693,2026-08-23 16:42:05,E0034,A003638,BN0282,BN3478,Customer Request
BC0003694,2026-08-18 17:34:20,E0069,A000092,BN0107,BN1739,Customer Request
BC0003695,2026-08-28 11:37:40,E0087,A004717,BN0391,BN9667,Customer Request
BC0003696,2026-08-03 17:44:44,E0076,A006897,BN0704,BN7197,Customer Request
BC0003697,2026-08-01 11:17:36,E0026,A003430,BN0395,BN9347,Customer Request
BC0003698,2026-08-23 11:19:16,E0024,A004322,BN0320,BN8815,Customer Request
BC0003699,2026-08-01 10:56:07,E0088,A003447,BN0743,BN4149,Customer Request
BC0003700,2026-09-03 12:48:20,E0006,A000042,BN0914,BN4270,Customer Request
BC0003701,2026-09-12 17:27:21,E0086,A006907,BN0023,BN1042,Customer Request
BC0003702,2026-08-20 15:01:46,E0065,A004686,BN0121,BN3618,Customer Request
BC0003703,2026-08-20 12:24:41,E0014,A006313,BN0339,BN6475,Customer Request
BC0003704,2026-09-20 17:27:18,E0035,A005556,BN0864,BN8769,Customer Request
BC0003705,2026-08-18 16:13:57,E0093,A003961,BN0067,BN9444,Customer Request
BC0003706,2026-08-23 14:49:41,E0074,A005252,BN0034,BN9100,Customer Request
BC0003707,2026-08-12 09:06:41,E0080,A004332,BN0349,BN6822,Customer Request
BC0003708,2026-08-07 09:49:26,E0068,A004714,BN0652,BN6563,Customer Request
BC0003709,2026-09-19 09:58:05,E0068,A003167,BN0446,BN9213,Customer Request
BC0003710,2026-09-25 12:19:16,E0050,A000818,BN0555,BN1042,Customer Request
BC0003711,2026-09-19 17:41:46,E0097,A000517,BN0976,BN8547,Customer Request
BC0003712,2026-08-22 10:44:51,E0004,A006694,BN0796,BN2847,Customer Request
BC0003713,2026-08-31 14:34:34,E0037,A006457,BN0920,BN9204,Customer Request
BC0003714,2026-09-15 16:35:13,E0011,A004503,BN0224,BN4948,Customer Request
BC0003715,2026-08-09 17:18:48,E0005,A002755,BN0214,BN8307,Customer Request
BC0003716,2026-08-14 09:03:02,E0008,A003300,BN0095,BN1637,Customer Request
BC0003717,2026-09-15 14:01:37,E0067,A004259,BN0522,BN5232,Customer Request
BC0003718,2026-09-11 17:16:14,E0023,A005189,BN0577,BN8649,Customer Request
BC0003719,2026-09-03 15:04:12,E0091,A003281,BN0095,BN1770,Customer Request
BC0003720,2026-08-14 14:02:00,E0078,A002259,BN0303,BN2674,Customer Request
BC0003721,2026-08-31 12:29:53,E0037,A003872,BN0834,BN3758,Customer Request
BC0003722,2026-08-20 11:43:15,E0097,A004690,BN0503,BN5658,Customer Request
BC0003723,2026-09-05 10:47:59,E0011,A002703,BN0575,BN2462,Customer Request
BC0003724,2026-09-22 11:54:27,E0075,A005487,BN0436,BN1583,Customer Request
BC0003725,2026-09-17 12:17:21,E0039,A000508,BN0354,BN6903,Customer Request
BC0003726,2026-09-16 17:19:27,E0083,A005144,BN0638,BN7966,Customer Request
BC0003727,2026-08-14 17:47:09,E0003,A002814,BN0059,BN8926,Customer Request
BC0003728,2026-08-31 09:07:40,E0098,A003948,BN0783,BN8650,Customer Request
BC0003729,2026-09-13 16:26:06,E0063,A003297,BN0205,BN6597,Customer Request
BC0003730,2026-08-19 15:21:11,E0041,A004740,BN0222,BN1356,Customer Request
BC0003731,2026-08-18 14:39:38,E0061,A002470,BN0330,BN7009,Customer Request
BC0003732,2026-09-09 13:04:18,E0033,A000436,BN0968,BN2536,Customer Request
BC0003733,2026-08-23 10:16:44,E0035,A005873,BN0531,BN6984,Customer Request
BC0003734,2026-08-02 15:33:27,E0097,A003779,BN0287,BN2524,Customer Request
BC0003735,2026-08-09 11:33:05,E0093,A006169,BN0193,BN3999,Customer Request
BC0003736,2026-08-15 10:17:13,E0057,A006218,BN0234,BN8222,Customer Request
BC0003737,2026-09-05 16:57:09,E0011,A002616,BN0112,BN8176,Customer Request
BC0003738,2026-09-08 14:14:09,E0051,A005439,BN0826,BN2902,Customer Request
BC0003739,2026-09-02 09:08:48,E0076,A002513,BN0950,BN5314,Customer Request
BC0003740,2026-09-03 11:50:35,E0035,A006760,BN0484,BN1640,Customer Request
BC0003741,2026-09-09 10:41:04,E0021,A005402,BN0616,BN8592,Customer Request
BC0003742,2026-08-11 16:48:11,E0095,A005304,BN0075,BN8746,Customer Request
BC0003743,2026-08-23 13:00:29,E0081,A003174,BN0360,BN5847,Customer Request
BC0003744,2026-09-21 17:09:30,E0006,A004328,BN0963,BN8564,Customer Request
BC0003745,2026-08-06 09:34:08,E0039,A003187,BN0300,BN7995,Customer Request
BC0003746,2026-08-29 12:52:17,E0071,A006176,BN0248,BN9969,Customer Request
BC0003747,2026-09-22 09:44:03,E0047,A000668,BN0458,BN7667,Customer Request
BC0003748,2026-09-17 17:17:12,E0081,A006958,BN0165,BN7098,Customer Request
BC0003749,2026-09-13 12:14:27,E0007,A000779,BN0213,BN2520,Customer Request
BC0003750,2026-08-25 15:48:29,E0084,A002544,BN0913,BN2468,Customer Request
BC0003751,2026-09-13 15:32:41,E0078,A003936,BN0726,BN7648,Customer Request
BC0003752,2026-08-11 17:19:42,E0076,A001927,BN0464,BN7269,Customer Request
BC0003753,2026-08-13 11:00:00,E0094,A005077,BN0645,BN3259,Customer Request
BC0003754,2026-08-23 11:56:58,E0034,A002115,BN0342,BN9702,Customer Request
BC0003755,2026-08-12 11:12:55,E0017,A006566,BN0746,BN5049,Customer Request
BC0003756,2026-09-13 16:09:59,E0022,A004944,BN0342,BN2426,Customer Request
BC0003757,2026-09-04 16:42:29,E0042,A006791,BN0826,BN2370,Customer Request
BC0003758,2026-08-06 17:11:48,E0053,A002996,BN0998,BN1786,Customer Request
BC0003759,2026-08-08 16:40:14,E0021,A003925,BN0927,BN4602,Customer Request
BC0003760,2026-08-09 17:30:13,E0014,A003649,BN0903,BN8660,Customer Request
BC0003761,2026-08-30 17:13:31,E0017,A005330,BN0675,BN5915,Customer Request
BC0003762,2026-08-10 16:27:33,E0038,A001533,BN0659,BN7326,Customer Request
BC0003763,2026-09-18 13:53:51,E0006,A001675,BN0584,BN1768,Customer Request
BC0003764,2026-08-14 14:22:42,E0024,A003395,BN0043,BN4175,Customer Request
BC0003765,2026-09-23 11:51:56,E0007,A004946,BN0604,BN5453,Customer Request
BC0003766,2026-09-02 12:33:07,E0064,A001191,BN0547,BN6647,Customer Request
BC0003767,2026-09-20 13:45:18,E0018,A003114,BN0135,BN9562,Customer Request
BC0003768,2026-08-03 15:07:21,E0003,A000914,BN0160,BN7201,Customer Request
BC0003769,2026-08-19 16:44:41,E0076,A003353,BN0447,BN9780,Customer Request
BC0003770,2026-08-04 12:24:16,E0100,A002641,BN0743,BN5584,Customer Request
BC0003771,2026-08-24 09:13:40,E0013,A002106,BN0126,BN6645,Customer Request
BC0003772,2026-08-28 13:50:51,E0079,A006742,BN0331,BN2955,Customer Request
BC0003773,2026-09-19 16:12:40,E0038,A000774,BN0671,BN8743,Customer Request
BC0003774,2026-09-02 17:55:05,E0035,A002318,BN0956,BN1498,Customer Request
BC0003775,2026-09-19 13:27:44,E0075,A004741,BN0759,BN6378,Customer Request
BC0003776,2026-08-24 09:53:21,E0071,A005094,BN0331,BN2630,Customer Request
BC0003777,2026-08-01 13:04:52,E0008,A005165,BN0680,BN6423,Customer Request
BC0003778,2026-08-16 16:10:52,E0026,A001899,BN0577,BN2375,Customer Request
BC0003779,2026-08-11 10:46:11,E0088,A005430,BN0557,BN4306,Customer Request
BC0003780,2026-08-17 16:46:45,E0060,A004415,BN0928,BN9767,Customer Request
BC0003781,2026-09-05 11:29:49,E0067,A001943,BN0590,BN1587,Customer Request
BC0003782,2026-08-28 14:46:39,E0016,A005910,BN0518,BN1111,Customer Request
BC0003783,2026-09-04 14:50:28,E0017,A004949,BN0858,BN5955,Customer Request
BC0003784,2026-09-08 16:44:42,E0081,A005093,BN0120,BN4573,Customer Request
BC0003785,2026-08-30 11:04:08,E0029,A003842,BN0358,BN9695,Customer Request
BC0003786,2026-09-13 15:35:53,E0095,A002576,BN0329,BN2221,Customer Request
BC0003787,2026-08-23 17:46:04,E0081,A005492,BN0796,BN2383,Customer Request
BC0003788,2026-08-02 10:16:37,E0063,A000299,BN0762,BN2888,Customer Request
BC0003789,2026-08-12 17:44:00,E0061,A000600,BN0890,BN9337,Customer Request
BC0003790,2026-08-11 09:40:27,E0057,A002770,BN0810,BN3506,Customer Request
BC0003791,2026-09-05 13:34:06,E0048,A000086,BN0123,BN2501,Customer Request
BC0003792,2026-08-19 11:58:40,E0046,A002122,BN0409,BN1299,Customer Request
BC0003793,2026-08-04 12:12:48,E0021,A002195,BN0067,BN1704,Customer Request
BC0003794,2026-08-10 09:19:12,E0063,A004219,BN0526,BN1051,Customer Request
BC0003795,2026-08-11 09:09:21,E0065,A001059,BN0149,BN5880,Customer Request
BC0003796,2026-08-26 10:22:48,E0001,A002718,BN0772,BN6717,Customer Request
BC0003797,2026-09-15 17:13:29,E0096,A006950,BN0683,BN6449,Customer Request
BC0003798,2026-09-08 09:35:26,E0002,A001780,BN0639,BN6346,Customer Request
BC0003799,2026-08-01 14:29:08,E0067,A001487,BN0712,BN5020,Customer Request
BC0003800,2026-09-24 14:13:38,E0039,A006604,BN0568,BN8375,Customer Request
BC0003801,2026-09-05 13:48:47,E0067,A000833,BN0320,BN7222,Customer Request
BC0003802,2026-08-24 13:35:30,E0048,A003629,BN0305,BN6508,Customer Request
BC0003803,2026-08-04 14:00:49,E0097,A006167,BN0770,BN2216,Customer Request
BC0003804,2026-09-04 17:56:44,E0067,A006151,BN0076,BN5375,Customer Request
BC0003805,2026-09-16 11:17:19,E0030,A005164,BN0393,BN7841,Customer Request
BC0003806,2026-08-20 09:56:08,E0008,A003705,BN0488,BN2862,Customer Request
BC0003807,2026-09-20 14:02:31,E0059,A004692,BN0881,BN3241,Customer Request
BC0003808,2026-09-16 09:52:14,E0069,A006122,BN0910,BN4417,Customer Request
BC0003809,2026-09-06 17:13:43,E0033,A000755,BN0649,BN2541,Customer Request
BC0003810,2026-08-14 12:16:55,E0030,A003019,BN0855,BN2205,Customer Request
BC0003811,2026-08-15 12:47:08,E0030,A001888,BN0071,BN9878,Customer Request
BC0003812,2026-08-03 12:18:17,E0072,A006552,BN0728,BN6651,Customer Request
BC0003813,2026-09-17 17:55:43,E0090,A006355,BN0002,BN1492,Customer Request
BC0003814,2026-09-20 13:57:30,E0048,A000559,BN0555,BN3910,Customer Request
BC0003815,2026-08-05 13:55:03,E0072,A000397,BN0188,BN4531,Customer Request
BC0003816,2026-09-01 16:41:06,E0050,A005092,BN0068,BN3300,Customer Request
BC0003817,2026-08-11 10:21:32,E0089,A006934,BN0084,BN7576,Customer Request
BC0003818,2026-08-30 15:13:34,E0043,A004142,BN0196,BN3637,Customer Request
BC0003819,2026-08-17 09:33:04,E0025,A002402,BN0705,BN4406,Customer Request
BC0003820,2026-08-26 15:26:55,E0024,A002623,BN0688,BN8177,Customer Request
BC0003821,2026-09-17 11:47:03,E0077,A006821,BN0042,BN3440,Customer Request
BC0003822,2026-08-07 17:38:25,E0005,A006969,BN0587,BN9464,Customer Request
BC0003823,2026-08-04 10:44:08,E0069,A002197,BN0720,BN1439,Customer Request
BC0003824,2026-08-10 10:31:03,E0027,A005721,BN0185,BN6026,Customer Request
BC0003825,2026-08-29 12:23:13,E0067,A006787,BN0121,BN5510,Customer Request
BC0003826,2026-08-25 15:01:59,E0058,A005938,BN0671,BN2252,Customer Request
BC0003827,2026-08-23 15:09:19,E0081,A003310,BN0169,BN8960,Customer Request
BC0003828,2026-09-20 14:55:22,E0032,A002282,BN0806,BN7228,Customer Request
BC0003829,2026-09-16 10:08:15,E0002,A006770,BN0829,BN8175,Customer Request
BC0003830,2026-09-20 16:26:02,E0004,A001681,BN0963,BN4198,Customer Request
BC0003831,2026-09-13 10:04:42,E0058,A006892,BN0251,BN2634,Customer Request
BC0003832,2026-09-06 12:15:10,E0059,A000900,BN0507,BN2993,Customer Request
BC0003833,2026-08-28 17:55:29,E0008,A003612,BN0453,BN4108,Customer Request
BC0003834,2026-09-17 12:24:13,E0024,A001078,BN0023,BN4924,Customer Request
BC0003835,2026-08-17 10:25:49,E0064,A000740,BN0592,BN3065,Customer Request
BC0003836,2026-09-04 16:07:51,E0053,A005588,BN0955,BN7398,Customer Request
BC0003837,2026-09-21 11:43:00,E0010,A001103,BN0362,BN6216,Customer Request
BC0003838,2026-08-30 10:10:40,E0046,A006453,BN0884,BN5938,Customer Request
BC0003839,2026-08-21 11:14:53,E0060,A005058,BN0884,BN7496,Customer Request
BC0003840,2026-08-01 14:14:48,E0098,A003567,BN0465,BN5889,Customer Request
BC0003841,2026-08-31 16:37:56,E0090,A000427,BN0868,BN6396,Customer Request
BC0003842,2026-09-22 13:38:46,E0031,A004172,BN0738,BN8751,Customer Request
BC0003843,2026-09-24 15:10:47,E0085,A003351,BN0207,BN8378,Customer Request
BC0003844,2026-08-06 16:59:29,E0022,A005780,BN0201,BN4596,Customer Request
BC0003845,2026-08-24 14:22:51,E0075,A003078,BN0345,BN4908,Customer Request
BC0003846,2026-09-21 15:06:04,E0025,A006697,BN0243,BN8307,Customer Request
BC0003847,2026-09-03 09:18:14,E0090,A002603,BN0183,BN6282,Customer Request
BC0003848,2026-08-04 10:52:18,E0065,A003122,BN0614,BN5505,Customer Request
BC0003849,2026-08-13 15:48:44,E0004,A003518,BN0149,BN7233,Customer Request
BC0003850,2026-09-06 13:27:55,E0095,A000168,BN0543,BN4959,Customer Request
BC0003851,2026-09-18 15:32:41,E0068,A005489,BN0074,BN1041,Customer Request
BC0003852,2026-09-23 17:49:17,E0054,A001192,BN0937,BN8732,Customer Request
BC0003853,2026-08-02 13:00:17,E0074,A003277,BN0462,BN3128,Customer Request
BC0003854,2026-09-14 09:10:23,E0096,A003608,BN0443,BN1423,Customer Request
BC0003855,2026-09-03 09:50:43,E0092,A002738,BN0001,BN8756,Customer Request
BC0003856,2026-09-10 13:04:13,E0043,A003299,BN0205,BN9540,Customer Request
BC0003857,2026-09-20 13:03:14,E0014,A005552,BN0640,BN6988,Customer Request
BC0003858,2026-08-13 11:17:05,E0073,A001452,BN0988,BN5436,Customer Request
BC0003859,2026-09-24 13:18:56,E0089,A001200,BN0551,BN5649,Customer Request
BC0003860,2026-08-06 17:39:10,E0022,A006426,BN0274,BN2990,Customer Request
BC0003861,2026-08-12 17:44:08,E0079,A005525,BN0921,BN6998,Customer Request
BC0003862,2026-08-14 17:41:28,E0076,A006057,BN0091,BN7327,Customer Request
BC0003863,2026-09-23 11:35:25,E0009,A006516,BN0964,BN8091,Customer Request
BC0003864,2026-08-18 14:26:06,E0043,A002299,BN0780,BN7131,Customer Request
BC0003865,2026-09-02 12:06:13,E0100,A006422,BN0184,BN4940,Customer Request
BC0003866,2026-09-22 15:14:51,E0072,A006431,BN0329,BN9756,Customer Request
BC0003867,2026-08-02 17:48:23,E0091,A005142,BN0233,BN8325,Customer Request
BC0003868,2026-09-12 17:09:23,E0080,A003580,BN0352,BN3935,Customer Request
BC0003869,2026-09-03 14:58:17,E0004,A002974,BN0255,BN5892,Customer Request
BC0003870,2026-08-31 15:25:43,E0046,A002605,BN0396,BN5817,Customer Request
BC0003871,2026-08-03 17:44:56,E0032,A005435,BN0610,BN5836,Customer Request
BC0003872,2026-08-30 10:44:56,E0014,A002169,BN0714,BN8175,Customer Request
BC0003873,2026-09-24 16:49:17,E0019,A002996,BN0920,BN2505,Customer Request
BC0003874,2026-08-23 16:03:24,E0028,A003511,BN0210,BN8741,Customer Request
BC0003875,2026-08-30 11:31:23,E0091,A004316,BN0166,BN1394,Customer Request
BC0003876,2026-09-10 13:02:00,E0053,A006564,BN0232,BN1557,Customer Request
BC0003877,2026-08-02 16:50:13,E0047,A003315,BN0215,BN7109,Customer Request
BC0003878,2026-08-09 16:10:24,E0004,A002490,BN0056,BN6603,Customer Request
BC0003879,2026-08-08 13:56:44,E0076,A006768,BN0593,BN1863,Customer Request
BC0003880,2026-09-03 13:53:30,E0044,A003870,BN0677,BN3423,Customer Request
BC0003881,2026-09-06 14:49:18,E0082,A004303,BN0328,BN7458,Customer Request
BC0003882,2026-08-11 10:12:02,E0075,A000308,BN0764,BN5092,Customer Request
BC0003883,2026-08-02 14:52:17,E0042,A003698,BN0693,BN9092,Customer Request
BC0003884,2026-08-16 16:33:28,E0067,A000468,BN0146,BN7956,Customer Request
BC0003885,2026-08-11 14:13:01,E0004,A005917,BN0484,BN5318,Customer Request
BC0003886,2026-08-23 11:02:56,E0091,A005139,BN0100,BN1936,Customer Request
BC0003887,2026-08-14 17:06:34,E0018,A006578,BN0801,BN1579,Customer Request
BC0003888,2026-08-29 12:54:48,E0018,A005027,BN0157,BN8578,Customer Request
BC0003889,2026-09-03 16:55:07,E0023,A003721,BN0872,BN4210,Customer Request
BC0003890,2026-09-09 16:56:31,E0014,A001089,BN0325,BN2795,Customer Request
BC0003891,2026-09-03 11:27:09,E0005,A003437,BN0831,BN7063,Customer Request
BC0003892,2026-08-18 16:09:38,E0055,A000037,BN0493,BN9457,Customer Request
BC0003893,2026-09-05 15:21:44,E0034,A004173,BN0027,BN2928,Customer Request
BC0003894,2026-08-14 17:06:39,E0011,A003956,BN0741,BN1814,Customer Request
BC0003895,2026-08-20 13:01:32,E0016,A006994,BN0594,BN9753,Customer Request
BC0003896,2026-09-03 11:59:32,E0062,A005980,BN0096,BN4264,Customer Request
BC0003897,2026-08-24 09:52:54,E0092,A001006,BN0069,BN5779,Customer Request
BC0003898,2026-09-03 17:37:16,E0048,A002293,BN0010,BN6702,Customer Request
BC0003899,2026-09-04 10:53:27,E0080,A001507,BN0772,BN8076,Customer Request
BC0003900,2026-09-09 09:30:35,E0034,A005700,BN0832,BN4779,Customer Request
BC0003901,2026-08-25 11:04:24,E0068,A003594,BN0717,BN7493,Customer Request
BC0003902,2026-08-19 13:55:46,E0009,A003841,BN0621,BN2314,Customer Request
BC0003903,2026-09-01 17:48:28,E0006,A005618,BN0603,BN1668,Customer Request
BC0003904,2026-09-17 10:21:39,E0030,A004512,BN0092,BN9426,Customer Request
BC0003905,2026-08-11 17:33:12,E0059,A000566,BN0054,BN2157,Customer Request
BC0003906,2026-09-15 13:43:17,E0096,A001588,BN0784,BN6800,Customer Request
BC0003907,2026-09-23 10:32:15,E0072,A004693,BN0540,BN2167,Customer Request
BC0003908,2026-09-18 14:49:03,E0045,A000853,BN0764,BN3459,Customer Request
BC0003909,2026-08-09 09:18:55,E0040,A003032,BN0265,BN9719,Customer Request
BC0003910,2026-08-08 09:05:25,E0050,A006065,BN0495,BN8267,Customer Request
BC0003911,2026-09-17 09:56:50,E0079,A001480,BN0780,BN6431,Customer Request
BC0003912,2026-08-09 09:59:30,E0059,A004253,BN0334,BN4599,Customer Request
BC0003913,2026-09-23 10:49:39,E0064,A000035,BN0296,BN4975,Customer Request
BC0003914,2026-09-12 13:48:58,E0047,A006072,BN0459,BN2795,Customer Request
BC0003915,2026-08-13 16:10:13,E0060,A001889,BN0340,BN4630,Customer Request
BC0003916,2026-08-11 14:22:50,E0091,A006648,BN0778,BN1323,Customer Request
BC0003917,2026-09-08 16:55:45,E0036,A004182,BN0789,BN8509,Customer Request
BC0003918,2026-08-16 17:59:03,E0003,A003577,BN0020,BN4354,Customer Request
BC0003919,2026-08-22 10:57:32,E0045,A005922,BN0300,BN9537,Customer Request
BC0003920,2026-09-10 15:59:53,E0089,A005134,BN0754,BN5977,Customer Request
BC0003921,2026-09-20 16:22:59,E0062,A000321,BN0994,BN2142,Customer Request
BC0003922,2026-08-31 14:00:36,E0021,A004872,BN0145,BN8898,Customer Request
BC0003923,2026-08-08 11:30:04,E0045,A002552,BN0901,BN1813,Customer Request
BC0003924,2026-08-10 16:15:40,E0059,A003960,BN0028,BN6822,Customer Request
BC0003925,2026-08-30 16:35:55,E0068,A002877,BN0682,BN6261,Customer Request
BC0003926,2026-09-13 15:03:15,E0054,A006415,BN0478,BN9638,Customer Request
BC0003927,2026-08-14 14:28:22,E0064,A001006,BN0880,BN9965,Customer Request
BC0003928,2026-09-16 17:34:02,E0056,A006385,BN0875,BN3979,Customer Request
BC0003929,2026-09-24 14:26:47,E0054,A001453,BN0053,BN5552,Customer Request
BC0003930,2026-08-10 09:42:03,E0074,A002688,BN0451,BN5524,Customer Request
BC0003931,2026-09-15 10:35:49,E0087,A000507,BN0009,BN2331,Customer Request
BC0003932,2026-08-24 14:03:30,E0008,A005754,BN0820,BN2411,Customer Request
BC0003933,2026-09-03 15:40:03,E0006,A005729,BN0965,BN5496,Customer Request
BC0003934,2026-08-20 16:27:23,E0086,A005239,BN0974,BN4630,Customer Request
BC0003935,2026-08-13 14:29:14,E0076,A005480,BN0484,BN5849,Customer Request
BC0003936,2026-09-07 10:42:29,E0040,A006661,BN0618,BN1091,Customer Request
BC0003937,2026-08-05 13:12:50,E0055,A004074,BN0016,BN9375,Customer Request
BC0003938,2026-08-18 13:05:42,E0053,A001131,BN0624,BN4933,Customer Request
BC0003939,2026-08-03 09:54:24,E0004,A006663,BN0471,BN3864,Customer Request
BC0003940,2026-08-02 11:16:03,E0086,A003598,BN0238,BN7459,Customer Request
BC0003941,2026-09-20 15:14:51,E0031,A005909,BN0976,BN6704,Customer Request
BC0003942,2026-09-20 12:33:21,E0067,A005252,BN0467,BN1849,Customer Request
BC0003943,2026-09-07 14:19:10,E0059,A003432,BN0758,BN6954,Customer Request
BC0003944,2026-08-20 16:26:52,E0070,A005093,BN0467,BN4300,Customer Request
BC0003945,2026-09-23 14:58:58,E0097,A002989,BN0612,BN8187,Customer Request
BC0003946,2026-08-28 12:22:37,E0097,A003600,BN0447,BN3037,Customer Request
BC0003947,2026-09-24 09:40:57,E0017,A002110,BN0237,BN2519,Customer Request
BC0003948,2026-09-16 09:17:08,E0026,A000693,BN0637,BN7292,Customer Request
BC0003949,2026-09-05 10:40:03,E0068,A005963,BN0605,BN8036,Customer Request
BC0003950,2026-08-07 17:20:28,E0055,A005548,BN0894,BN9040,Customer Request
BC0003951,2026-08-13 17:15:56,E0021,A001754,BN0666,BN3286,Customer Request
BC0003952,2026-08-26 17:28:16,E0022,A003786,BN0630,BN4101,Customer Request
BC0003953,2026-09-02 16:04:09,E0012,A001817,BN0663,BN9995,Customer Request
BC0003954,2026-08-24 14:54:46,E0098,A005985,BN0092,BN6476,Customer Request
BC0003955,2026-09-11 11:33:00,E0090,A005897,BN0389,BN1740,Customer Request
BC0003956,2026-08-27 16:47:38,E0044,A005055,BN0489,BN5252,Customer Request
BC0003957,2026-09-12 11:00:55,E0084,A005092,BN0023,BN3400,Customer Request
BC0003958,2026-08-27 09:09:34,E0083,A001629,BN0575,BN6023,Customer Request
BC0003959,2026-08-09 13:44:40,E0052,A000451,BN0877,BN8113,Customer Request
BC0003960,2026-08-23 14:34:59,E0027,A002484,BN0080,BN4618,Customer Request
BC0003961,2026-09-04 09:13:39,E0036,A004115,BN0423,BN1476,Customer Request
BC0003962,2026-08-02 09:55:26,E0069,A001796,BN0411,BN3620,Customer Request
BC0003963,2026-08-24 16:59:24,E0093,A002216,BN0656,BN2190,Customer Request
BC0003964,2026-09-02 12:06:31,E0084,A001879,BN0046,BN4640,Customer Request
BC0003965,2026-09-22 13:13:54,E0054,A002108,BN0924,BN8824,Customer Request
BC0003966,2026-08-24 10:42:12,E0002,A003544,BN0928,BN3547,Customer Request
BC0003967,2026-08-12 09:37:11,E0065,A003431,BN0554,BN6389,Customer Request
BC0003968,2026-08-24 12:54:28,E0087,A002322,BN0372,BN2778,Customer Request
BC0003969,2026-08-15 13:15:08,E0053,A002059,BN0269,BN3044,Customer Request
BC0003970,2026-08-28 16:04:07,E0073,A002916,BN0420,BN5130,Customer Request
BC0003971,2026-08-25 13:18:26,E0036,A006147,BN0028,BN6270,Customer Request
BC0003972,2026-09-23 12:58:33,E0075,A000618,BN0529,BN3104,Customer Request
BC0003973,2026-09-23 17:40:51,E0074,A004110,BN0396,BN4323,Customer Request
BC0003974,2026-09-24 12:12:37,E0005,A006268,BN0459,BN3332,Customer Request
BC0003975,2026-08-20 15:59:26,E0007,A001297,BN0614,BN6033,Customer Request
BC0003976,2026-08-25 10:54:40,E0011,A000634,BN0509,BN9809,Customer Request
BC0003977,2026-08-09 16:05:10,E0021,A005126,BN0638,BN8398,Customer Request
BC0003978,2026-08-15 13:13:43,E0031,A000959,BN0127,BN8124,Customer Request
BC0003979,2026-09-19 10:37:00,E0006,A004988,BN0873,BN1019,Customer Request
BC0003980,2026-08-30 12:19:52,E0033,A005052,BN0292,BN1013,Customer Request
BC0003981,2026-08-19 17:00:46,E0089,A003816,BN0680,BN2940,Customer Request
BC0003982,2026-08-24 12:47:09,E0043,A006613,BN0521,BN9375,Customer Request
BC0003983,2026-09-04 17:24:01,E0013,A005885,BN0221,BN9146,Customer Request
BC0003984,2026-08-05 09:47:56,E0093,A002577,BN0819,BN5977,Customer Request
BC0003985,2026-08-02 14:15:50,E0074,A002026,BN0476,BN5967,Customer Request
BC0003986,2026-09-23 14:28:05,E0093,A006862,BN0968,BN4406,Customer Request
BC0003987,2026-08-21 09:07:03,E0098,A003708,BN0703,BN3469,Customer Request
BC0003988,2026-08-06 10:49:44,E0076,A001088,BN0921,BN7615,Customer Request
BC0003989,2026-08-02 11:58:56,E0035,A004754,BN0532,BN3139,Customer Request
BC0003990,2026-08-11 17:25:26,E0006,A004313,BN0784,BN9127,Customer Request
BC0003991,2026-08-24 11:20:32,E0021,A000455,BN0843,BN5343,Customer Request
BC0003992,2026-08-17 13:00:28,E0087,A003958,BN0060,BN5935,Customer Request
BC0003993,2026-08-28 09:05:10,E0030,A003856,BN0365,BN5152,Customer Request
BC0003994,2026-08-26 16:22:44,E0041,A005224,BN0346,BN4329,Customer Request
BC0003995,2026-08-07 09:28:07,E0063,A003812,BN0403,BN8511,Customer Request
BC0003996,2026-08-12 16:54:01,E0029,A001815,BN0133,BN7270,Customer Request
BC0003997,2026-08-13 17:09:03,E0076,A004379,BN0891,BN3567,Customer Request
BC0003998,2026-08-13 13:24:19,E0072,A002245,BN0666,BN1863,Customer Request
BC0003999,2026-09-15 11:00:02,E0075,A004919,BN0667,BN6536,Customer Request
BC0004000,2026-08-04 12:56:56,E0017,A001071,BN0153,BN4158,Customer Request
BC0004001,2026-09-11 13:14:45,E0080,A002117,BN0797,BN4619,Customer Request
BC0004002,2026-09-08 10:42:29,E0065,A004948,BN0040,BN9324,Customer Request
BC0004003,2026-08-06 15:06:49,E0080,A003159,BN0105,BN5908,Customer Request
BC0004004,2026-08-25 09:40:43,E0090,A006835,BN0695,BN4953,Customer Request
BC0004005,2026-08-01 13:48:46,E0020,A002030,BN0499,BN2423,Customer Request
BC0004006,2026-09-15 13:37:34,E0041,A002997,BN0688,BN5571,Customer Request
BC0004007,2026-08-13 16:17:45,E0002,A006031,BN0566,BN7858,Customer Request
BC0004008,2026-08-09 11:43:24,E0052,A002095,BN0866,BN3504,Customer Request
BC0004009,2026-08-05 13:25:34,E0010,A000348,BN0274,BN8338,Customer Request
BC0004010,2026-08-10 15:34:01,E0011,A001848,BN0914,BN7118,Customer Request
BC0004011,2026-09-24 09:57:20,E0004,A005009,BN0397,BN5561,Customer Request
BC0004012,2026-09-25 16:42:35,E0027,A000312,BN0155,BN4487,Customer Request
BC0004013,2026-08-18 14:21:10,E0083,A006911,BN0608,BN9082,Customer Request
BC0004014,2026-08-14 16:11:01,E0094,A004975,BN0670,BN3013,Customer Request
BC0004015,2026-09-11 14:17:52,E0066,A004294,BN0016,BN3891,Customer Request
BC0004016,2026-08-10 13:00:46,E0024,A005162,BN0375,BN3860,Customer Request
BC0004017,2026-08-22 12:59:12,E0005,A006246,BN0310,BN4177,Customer Request
BC0004018,2026-09-15 09:19:34,E0001,A001828,BN0434,BN1538,Customer Request
BC0004019,2026-08-15 17:39:42,E0073,A001423,BN0359,BN7217,Customer Request
BC0004020,2026-09-22 11:49:25,E0026,A006663,BN0233,BN3861,Customer Request
BC0004021,2026-09-21 14:02:19,E0067,A002628,BN0995,BN2043,Customer Request
BC0004022,2026-09-25 13:32:29,E0042,A002383,BN0675,BN6925,Customer Request
BC0004023,2026-08-19 09:04:35,E0059,A001806,BN0173,BN3880,Customer Request
BC0004024,2026-08-14 09:59:10,E0069,A003625,BN0944,BN2857,Customer Request
BC0004025,2026-09-23 11:52:06,E0066,A004550,BN0310,BN5418,Customer Request
BC0004026,2026-09-23 17:56:59,E0058,A006306,BN0476,BN9580,Customer Request
BC0004027,2026-08-02 14:06:05,E0058,A002603,BN0996,BN9754,Customer Request
BC0004028,2026-09-23 10:29:13,E0023,A000016,BN0803,BN5299,Customer Request
BC0004029,2026-08-15 15:15:59,E0001,A002476,BN0064,BN7294,Customer Request
BC0004030,2026-09-23 12:51:30,E0042,A002163,BN0273,BN2233,Customer Request
BC0004031,2026-08-28 11:20:55,E0076,A005392,BN0182,BN4882,Customer Request
BC0004032,2026-09-08 16:44:30,E0092,A006366,BN0510,BN4526,Customer Request
BC0004033,2026-08-09 13:06:57,E0082,A000598,BN0801,BN1213,Customer Request
BC0004034,2026-09-01 11:32:06,E0034,A001229,BN0943,BN5463,Customer Request
BC0004035,2026-08-22 15:21:42,E0050,A006539,BN0768,BN4046,Customer Request
BC0004036,2026-08-26 11:13:37,E0084,A004909,BN0397,BN1733,Customer Request
BC0004037,2026-08-26 12:16:41,E0009,A001227,BN0629,BN9588,Customer Request
BC0004038,2026-09-01 14:04:34,E0025,A001444,BN0111,BN9421,Customer Request
BC0004039,2026-09-25 16:16:41,E0087,A005128,BN0699,BN2108,Customer Request
BC0004040,2026-08-23 16:05:40,E0008,A003968,BN0416,BN4865,Customer Request
BC0004041,2026-09-23 13:28:08,E0084,A006582,BN0476,BN5074,Customer Request
BC0004042,2026-08-02 15:52:31,E0052,A000768,BN0315,BN4824,Customer Request
BC0004043,2026-08-14 12:40:39,E0018,A000615,BN0099,BN5758,Customer Request
BC0004044,2026-08-26 09:35:36,E0087,A005583,BN0886,BN1398,Customer Request
BC0004045,2026-08-18 16:53:59,E0055,A002663,BN0951,BN7256,Customer Request
BC0004046,2026-08-01 11:37:10,E0057,A005997,BN0687,BN2776,Customer Request
BC0004047,2026-08-22 12:03:37,E0038,A004876,BN0479,BN8847,Customer Request
BC0004048,2026-08-01 15:45:52,E0017,A002741,BN0356,BN6446,Customer Request
BC0004049,2026-08-13 12:03:54,E0015,A002443,BN0745,BN3797,Customer Request
BC0004050,2026-08-19 12:17:42,E0071,A006969,BN0681,BN3011,Customer Request
BC0004051,2026-09-23 11:20:42,E0059,A002961,BN0947,BN3152,Customer Request
BC0004052,2026-08-27 15:28:20,E0020,A006927,BN0772,BN1411,Customer Request
BC0004053,2026-08-12 14:27:42,E0055,A001701,BN0468,BN4129,Customer Request
BC0004054,2026-08-15 14:58:35,E0050,A006986,BN0489,BN8318,Customer Request
BC0004055,2026-09-05 16:36:01,E0026,A000920,BN0543,BN4685,Customer Request
BC0004056,2026-09-18 12:57:52,E0006,A006268,BN0554,BN3187,Customer Request
BC0004057,2026-09-06 14:50:08,E0015,A006462,BN0951,BN6221,Customer Request
BC0004058,2026-08-09 10:51:34,E0064,A001272,BN0362,BN7514,Customer Request
BC0004059,2026-08-12 16:15:19,E0100,A006737,BN0841,BN9287,Customer Request
BC0004060,2026-08-28 11:09:49,E0085,A005202,BN0422,BN7154,Customer Request
BC0004061,2026-09-23 17:35:51,E0001,A005380,BN0957,BN4062,Customer Request
BC0004062,2026-09-20 17:04:19,E0018,A006547,BN0983,BN7718,Customer Request
BC0004063,2026-08-30 15:23:21,E0084,A002503,BN0610,BN2806,Customer Request
BC0004064,2026-09-01 16:07:28,E0003,A002044,BN0870,BN5488,Customer Request
BC0004065,2026-09-10 10:07:15,E0016,A004745,BN0447,BN7303,Customer Request
BC0004066,2026-09-23 13:55:51,E0084,A000342,BN0487,BN4294,Customer Request
BC0004067,2026-08-25 15:55:36,E0034,A004739,BN0494,BN6075,Customer Request
BC0004068,2026-09-25 11:40:55,E0093,A001603,BN0846,BN5977,Customer Request
BC0004069,2026-08-12 15:09:29,E0070,A005137,BN0278,BN9822,Customer Request
BC0004070,2026-09-04 13:56:38,E0070,A006979,BN0061,BN3134,Customer Request
BC0004071,2026-08-08 11:35:55,E0009,A004592,BN0880,BN1552,Customer Request
BC0004072,2026-08-15 14:03:40,E0056,A002936,BN0180,BN1835,Customer Request
BC0004073,2026-09-14 09:29:33,E0053,A000862,BN0608,BN2462,Customer Request
BC0004074,2026-09-25 16:41:34,E0016,A003622,BN0067,BN6667,Customer Request
BC0004075,2026-08-10 15:30:34,E0012,A002595,BN0813,BN1259,Customer Request
BC0004076,2026-08-10 14:52:32,E0033,A002156,BN0733,BN8091,Customer Request
BC0004077,2026-08-11 11:05:09,E0053,A002757,BN0844,BN3377,Customer Request
BC0004078,2026-09-02 10:21:29,E0002,A005151,BN0220,BN4654,Customer Request
BC0004079,2026-09-16 09:55:08,E0024,A005370,BN0361,BN2852,Customer Request
BC0004080,2026-08-19 11:37:37,E0070,A005180,BN0351,BN4761,Customer Request
BC0004081,2026-09-12 15:55:25,E0096,A006000,BN0441,BN7826,Customer Request
BC0004082,2026-09-17 12:03:06,E0027,A005555,BN0364,BN6566,Customer Request
BC0004083,2026-09-19 10:45:09,E0079,A004977,BN0554,BN2339,Customer Request
BC0004084,2026-08-12 16:23:47,E0012,A006004,BN0867,BN9591,Customer Request
BC0004085,2026-08-29 17:27:15,E0047,A001976,BN0876,BN3264,Customer Request
BC0004086,2026-08-01 16:47:18,E0084,A004165,BN0465,BN7448,Customer Request
BC0004087,2026-09-04 14:56:21,E0026,A000253,BN0003,BN5040,Customer Request
BC0004088,2026-08-23 11:35:04,E0036,A000799,BN0775,BN1733,Customer Request
BC0004089,2026-09-10 14:56:27,E0100,A004917,BN0235,BN7180,Customer Request
BC0004090,2026-08-21 11:27:08,E0039,A006081,BN0457,BN5793,Customer Request
BC0004091,2026-08-25 15:07:07,E0087,A006867,BN0791,BN9961,Customer Request
BC0004092,2026-09-01 10:37:36,E0092,A006058,BN0964,BN5438,Customer Request
BC0004093,2026-09-20 11:00:31,E0008,A004482,BN0898,BN3376,Customer Request
BC0004094,2026-08-21 15:29:06,E0048,A001530,BN0044,BN4785,Customer Request
BC0004095,2026-09-01 09:37:51,E0065,A002131,BN0650,BN2293,Customer Request
BC0004096,2026-08-14 16:13:28,E0089,A002750,BN0412,BN1167,Customer Request
BC0004097,2026-09-21 12:22:39,E0023,A003458,BN0674,BN3878,Customer Request
BC0004098,2026-09-19 14:16:08,E0075,A003126,BN0496,BN1322,Customer Request
BC0004099,2026-08-24 12:13:48,E0097,A001785,BN0254,BN3898,Customer Request
BC0004100,2026-08-21 11:32:25,E0044,A004743,BN0212,BN6894,Customer Request
BC0004101,2026-09-12 14:00:20,E0019,A005784,BN0834,BN8202,Customer Request
BC0004102,2026-08-07 12:48:53,E0066,A002507,BN0766,BN9277,Customer Request
BC0004103,2026-08-04 10:09:16,E0052,A002493,BN0393,BN4727,Customer Request
BC0004104,2026-08-27 11:32:30,E0009,A004340,BN0300,BN1900,Customer Request
BC0004105,2026-09-04 10:04:56,E0067,A000171,BN0080,BN6162,Customer Request
BC0004106,2026-08-25 13:10:19,E0020,A005551,BN0245,BN7878,Customer Request
BC0004107,2026-08-05 10:09:01,E0035,A000060,BN0275,BN3356,Customer Request
BC0004108,2026-09-04 16:08:22,E0042,A000129,BN0989,BN3938,Customer Request
BC0004109,2026-08-10 12:09:53,E0095,A005054,BN0137,BN5317,Customer Request
BC0004110,2026-08-17 13:16:28,E0089,A004626,BN0301,BN6770,Customer Request
BC0004111,2026-09-04 17:20:15,E0071,A000800,BN0632,BN5964,Customer Request
BC0004112,2026-08-24 14:32:33,E0030,A003117,BN0963,BN2756,Customer Request
BC0004113,2026-09-08 16:53:01,E0002,A005145,BN0673,BN1162,Customer Request
BC0004114,2026-09-18 10:40:44,E0022,A000419,BN0126,BN1748,Customer Request
BC0004115,2026-09-05 10:48:48,E0036,A003971,BN0394,BN1033,Customer Request
BC0004116,2026-08-28 13:41:17,E0097,A004972,BN0882,BN3607,Customer Request
BC0004117,2026-08-15 11:00:24,E0088,A006890,BN0496,BN9020,Customer Request
BC0004118,2026-08-13 14:07:45,E0001,A006607,BN0340,BN7034,Customer Request
BC0004119,2026-09-15 11:50:24,E0041,A001720,BN0415,BN2770,Customer Request
BC0004120,2026-08-09 15:26:08,E0066,A005162,BN0594,BN5974,Customer Request
BC0004121,2026-08-10 12:22:09,E0003,A006996,BN0286,BN7726,Customer Request
BC0004122,2026-09-16 09:11:35,E0053,A006628,BN0841,BN4160,Customer Request
BC0004123,2026-09-09 12:19:03,E0027,A003957,BN0442,BN2819,Customer Request
BC0004124,2026-08-17 15:27:38,E0021,A003543,BN0459,BN4364,Customer Request
BC0004125,2026-08-08 15:27:23,E0080,A002223,BN0902,BN9751,Customer Request
BC0004126,2026-08-12 11:43:40,E0040,A005680,BN0387,BN9849,Customer Request
BC0004127,2026-08-26 13:39:51,E0069,A005948,BN0230,BN6534,Customer Request
BC0004128,2026-09-12 14:31:50,E0044,A001679,BN0695,BN7727,Customer Request
BC0004129,2026-09-11 13:44:16,E0042,A005586,BN0481,BN4936,Customer Request
BC0004130,2026-09-06 13:30:40,E0057,A001189,BN0370,BN1019,Customer Request
BC0004131,2026-09-11 15:58:44,E0031,A002426,BN0137,BN8187,Customer Request
BC0004132,2026-08-16 12:57:47,E0095,A006847,BN0670,BN5120,Customer Request
BC0004133,2026-08-05 17:06:52,E0048,A003826,BN0691,BN8721,Customer Request
BC0004134,2026-09-22 15:44:41,E0031,A002053,BN0900,BN9559,Customer Request
BC0004135,2026-08-18 14:52:30,E0050,A001927,BN0485,BN8640,Customer Request
BC0004136,2026-08-03 16:55:29,E0016,A004540,BN0127,BN8381,Customer Request
BC0004137,2026-08-31 11:12:38,E0041,A000898,BN0555,BN1416,Customer Request
BC0004138,2026-09-16 15:39:12,E0046,A003262,BN0326,BN9215,Customer Request
BC0004139,2026-09-13 10:42:25,E0024,A001619,BN0664,BN9727,Customer Request
BC0004140,2026-09-15 11:39:41,E0056,A001338,BN0978,BN5492,Customer Request
BC0004141,2026-08-11 14:22:53,E0052,A005896,BN0150,BN1200,Customer Request
BC0004142,2026-08-27 16:53:24,E0058,A004102,BN0536,BN9036,Customer Request
BC0004143,2026-09-05 15:26:58,E0088,A004994,BN0668,BN3588,Customer Request
BC0004144,2026-08-16 12:18:56,E0070,A003085,BN0960,BN3098,Customer Request
BC0004145,2026-08-30 14:24:06,E0095,A004750,BN0271,BN9210,Customer Request
BC0004146,2026-08-04 10:46:04,E0042,A004269,BN0597,BN9712,Customer Request
BC0004147,2026-08-09 17:33:41,E0058,A003747,BN0966,BN5737,Customer Request
BC0004148,2026-09-21 11:24:57,E0070,A000031,BN0931,BN5170,Customer Request
BC0004149,2026-08-27 16:34:49,E0054,A000342,BN0696,BN5220,Customer Request
BC0004150,2026-08-15 14:05:44,E0006,A006768,BN0889,BN1654,Customer Request
BC0004151,2026-08-26 14:37:23,E0073,A004815,BN0587,BN1138,Customer Request
BC0004152,2026-08-05 13:08:10,E0040,A006532,BN0694,BN9492,Customer Request
BC0004153,2026-09-07 12:29:49,E0036,A005940,BN0311,BN2341,Customer Request
BC0004154,2026-08-28 15:38:33,E0077,A004260,BN0868,BN8905,Customer Request
BC0004155,2026-09-16 12:38:32,E0010,A000893,BN0326,BN8282,Customer Request
BC0004156,2026-09-08 15:14:41,E0007,A000277,BN0742,BN4407,Customer Request
BC0004157,2026-09-05 17:02:18,E0031,A001239,BN0292,BN6002,Customer Request
BC0004158,2026-08-25 10:56:32,E0095,A004229,BN0126,BN2508,Customer Request
BC0004159,2026-08-08 14:30:41,E0010,A006472,BN0418,BN4930,Customer Request
BC0004160,2026-09-17 12:01:54,E0022,A003231,BN0579,BN6192,Customer Request
BC0004161,2026-09-17 11:42:31,E0057,A005450,BN0080,BN1928,Customer Request
BC0004162,2026-09-24 16:43:40,E0034,A003055,BN0398,BN7837,Customer Request
BC0004163,2026-09-16 11:55:56,E0041,A003116,BN0398,BN6179,Customer Request
BC0004164,2026-09-22 17:48:57,E0024,A005929,BN0744,BN2275,Customer Request
BC0004165,2026-09-21 11:47:13,E0076,A005264,BN0040,BN3389,Customer Request
BC0004166,2026-08-24 13:13:37,E0100,A002921,BN0333,BN4136,Customer Request
BC0004167,2026-09-08 13:18:43,E0065,A005630,BN0560,BN7085,Customer Request
BC0004168,2026-08-03 11:00:15,E0038,A004726,BN0892,BN6893,Customer Request
BC0004169,2026-08-31 16:58:06,E0077,A004653,BN0992,BN7141,Customer Request
BC0004170,2026-08-06 09:47:45,E0062,A002103,BN0507,BN5569,Customer Request
BC0004171,2026-09-24 13:57:42,E0013,A004977,BN0797,BN7627,Customer Request
BC0004172,2026-08-10 09:05:11,E0073,A006765,BN0773,BN5924,Customer Request
BC0004173,2026-09-01 11:21:58,E0043,A003148,BN0507,BN8573,Customer Request
BC0004174,2026-08-24 11:57:08,E0100,A001312,BN0942,BN4731,Customer Request
BC0004175,2026-09-18 17:30:21,E0047,A000904,BN0003,BN4695,Customer Request
BC0004176,2026-09-01 13:13:09,E0066,A002117,BN0380,BN3222,Customer Request
BC0004177,2026-08-06 14:52:54,E0031,A000016,BN0306,BN2371,Customer Request
BC0004178,2026-08-15 16:50:42,E0078,A001960,BN0324,BN8262,Customer Request
BC0004179,2026-09-19 09:12:10,E0036,A005026,BN0567,BN7811,Customer Request
BC0004180,2026-08-25 09:52:30,E0085,A006716,BN0891,BN7449,Customer Request
BC0004181,2026-08-29 17:52:13,E0005,A004742,BN0259,BN2511,Customer Request
BC0004182,2026-09-22 13:02:58,E0035,A001113,BN0361,BN1743,Customer Request
BC0004183,2026-09-25 12:29:47,E0042,A004137,BN0433,BN1079,Customer Request
BC0004184,2026-08-22 16:42:54,E0007,A001558,BN0602,BN2743,Customer Request
BC0004185,2026-08-12 11:48:05,E0082,A005910,BN0619,BN7451,Customer Request
BC0004186,2026-08-19 16:14:46,E0039,A003969,BN0914,BN4339,Customer Request
BC0004187,2026-09-25 09:32:53,E0043,A003040,BN0267,BN6366,Customer Request
BC0004188,2026-08-30 12:15:59,E0076,A000112,BN0142,BN9240,Customer Request
BC0004189,2026-09-01 11:08:48,E0044,A004174,BN0281,BN6225,Customer Request
BC0004190,2026-08-05 16:40:54,E0099,A006925,BN0420,BN7999,Customer Request
BC0004191,2026-08-25 10:14:43,E0009,A004507,BN0664,BN2643,Customer Request
BC0004192,2026-08-16 15:05:11,E0007,A003114,BN0847,BN3230,Customer Request
BC0004193,2026-09-22 14:56:04,E0078,A005286,BN0021,BN3129,Customer Request
BC0004194,2026-08-11 12:57:09,E0012,A002753,BN0723,BN1714,Customer Request
BC0004195,2026-08-10 12:21:23,E0011,A005195,BN0673,BN8077,Customer Request
BC0004196,2026-08-23 16:13:14,E0061,A001509,BN0567,BN5482,Customer Request
BC0004197,2026-09-21 11:49:38,E0032,A001702,BN0961,BN9372,Customer Request
BC0004198,2026-08-21 17:37:10,E0069,A003733,BN0556,BN6585,Customer Request
BC0004199,2026-08-17 13:07:51,E0056,A005500,BN0183,BN7071,Customer Request
BC0004200,2026-09-21 15:03:22,E0059,A001969,BN0580,BN1692,Customer Request
BC0004201,2026-09-02 13:03:05,E0005,A000593,BN0303,BN1782,Customer Request
BC0004202,2026-09-18 14:27:14,E0080,A002683,BN0431,BN6157,Customer Request
BC0004203,2026-09-16 09:49:54,E0049,A002364,BN0975,BN5644,Customer Request
BC0004204,2026-09-10 13:40:45,E0045,A005911,BN0094,BN3870,Customer Request
BC0004205,2026-08-22 10:15:45,E0064,A005334,BN0054,BN7963,Customer Request
BC0004206,2026-08-28 11:35:27,E0097,A002439,BN0145,BN6920,Customer Request
BC0004207,2026-09-20 13:40:15,E0066,A002557,BN0813,BN4430,Customer Request
BC0004208,2026-09-16 16:26:31,E0080,A004058,BN0037,BN9376,Customer Request
BC0004209,2026-08-15 09:19:11,E0020,A002066,BN0766,BN1424,Customer Request
BC0004210,2026-09-09 15:19:56,E0034,A002218,BN0600,BN5407,Customer Request
BC0004211,2026-08-03 11:05:01,E0022,A000749,BN0556,BN2597,Customer Request
BC0004212,2026-08-25 15:11:17,E0083,A003464,BN0812,BN1714,Customer Request
BC0004213,2026-09-02 17:35:01,E0042,A000441,BN0666,BN4987,Customer Request
BC0004214,2026-08-18 14:24:58,E0094,A006551,BN0553,BN5381,Customer Request
BC0004215,2026-09-09 09:21:44,E0090,A003136,BN0373,BN5547,Customer Request
BC0004216,2026-09-10 15:29:39,E0021,A006812,BN0370,BN4304,Customer Request
BC0004217,2026-08-12 16:27:29,E0030,A004707,BN0588,BN2027,Customer Request
BC0004218,2026-08-07 14:24:24,E0065,A006213,BN0782,BN1708,Customer Request
BC0004219,2026-09-13 11:02:49,E0005,A001530,BN0152,BN7507,Customer Request
BC0004220,2026-08-20 09:19:56,E0025,A001932,BN0935,BN7086,Customer Request
BC0004221,2026-08-27 10:01:57,E0038,A004287,BN0038,BN1727,Customer Request
BC0004222,2026-09-19 12:38:44,E0097,A005333,BN0095,BN7230,Customer Request
BC0004223,2026-08-22 17:08:47,E0088,A001424,BN0888,BN3581,Customer Request
BC0004224,2026-08-17 13:31:38,E0056,A002978,BN0110,BN3919,Customer Request
BC0004225,2026-09-22 14:23:47,E0020,A006476,BN0756,BN9817,Customer Request
BC0004226,2026-08-21 14:15:43,E0079,A001262,BN0709,BN8546,Customer Request
BC0004227,2026-09-16 15:52:11,E0099,A005977,BN0860,BN6788,Customer Request
BC0004228,2026-09-06 17:41:22,E0032,A000231,BN0755,BN5357,Customer Request
BC0004229,2026-08-02 16:55:07,E0018,A004996,BN0471,BN1232,Customer Request
BC0004230,2026-08-27 13:56:11,E0098,A001002,BN0417,BN1035,Customer Request
BC0004231,2026-08-17 17:58:52,E0095,A006844,BN0026,BN9626,Customer Request
BC0004232,2026-09-09 09:46:29,E0095,A000282,BN0874,BN6878,Customer Request
BC0004233,2026-09-17 13:20:54,E0039,A001552,BN0852,BN9464,Customer Request
BC0004234,2026-09-01 16:58:57,E0005,A000902,BN0487,BN2809,Customer Request
BC0004235,2026-08-18 15:04:21,E0100,A001120,BN0921,BN1716,Customer Request
BC0004236,2026-08-08 15:01:47,E0039,A003428,BN0436,BN3468,Customer Request
BC0004237,2026-09-06 10:45:17,E0032,A000717,BN0517,BN9427,Customer Request
BC0004238,2026-08-26 10:38:23,E0090,A003227,BN0407,BN3966,Customer Request
BC0004239,2026-09-18 13:11:39,E0046,A006323,BN0193,BN5812,Customer Request
BC0004240,2026-09-25 17:49:22,E0056,A000523,BN0081,BN6509,Customer Request
BC0004241,2026-09-04 10:43:24,E0073,A000373,BN0295,BN2201,Customer Request
BC0004242,2026-09-12 17:36:28,E0094,A000707,BN0003,BN1996,Customer Request
BC0004243,2026-09-07 09:07:59,E0089,A006206,BN0224,BN1726,Customer Request
BC0004244,2026-08-30 12:25:54,E0030,A002217,BN0602,BN1927,Customer Request
BC0004245,2026-08-07 14:12:57,E0041,A005067,BN0088,BN2911,Customer Request
BC0004246,2026-09-04 10:46:19,E0075,A006030,BN0566,BN5079,Customer Request
BC0004247,2026-08-20 14:52:31,E0064,A001653,BN0430,BN5945,Customer Request
BC0004248,2026-08-17 15:15:42,E0092,A002287,BN0344,BN1010,Customer Request
BC0004249,2026-08-27 12:54:27,E0041,A005268,BN0350,BN6604,Customer Request
BC0004250,2026-09-20 09:29:18,E0049,A005879,BN0864,BN1056,Customer Request
BC0004251,2026-09-07 11:38:10,E0083,A006177,BN0050,BN2229,Customer Request
BC0004252,2026-08-08 10:20:48,E0018,A003426,BN0987,BN3642,Customer Request
BC0004253,2026-09-25 12:33:05,E0094,A002134,BN0423,BN1800,Customer Request
BC0004254,2026-09-25 10:13:41,E0001,A006756,BN0044,BN8368,Customer Request
BC0004255,2026-08-18 15:04:00,E0047,A005439,BN0849,BN9245,Customer Request
BC0004256,2026-08-23 17:03:24,E0054,A003147,BN0069,BN7730,Customer Request
BC0004257,2026-09-06 09:03:33,E0018,A001514,BN0728,BN8778,Customer Request
BC0004258,2026-08-01 15:16:07,E0010,A003511,BN0575,BN2312,Customer Request
BC0004259,2026-08-21 17:49:01,E0001,A000431,BN0219,BN4728,Customer Request
BC0004260,2026-09-25 10:29:20,E0045,A005440,BN0163,BN5680,Customer Request
BC0004261,2026-09-05 15:15:39,E0075,A003872,BN0635,BN8968,Customer Request
BC0004262,2026-09-18 17:08:27,E0065,A002104,BN0791,BN8293,Customer Request
BC0004263,2026-09-07 11:21:35,E0093,A001707,BN0825,BN4556,Customer Request
BC0004264,2026-08-08 17:05:54,E0098,A003361,BN0316,BN3863,Customer Request
BC0004265,2026-09-13 14:35:14,E0016,A003241,BN0511,BN2620,Customer Request
BC0004266,2026-08-15 17:06:30,E0085,A005675,BN0701,BN7649,Customer Request
BC0004267,2026-09-20 14:16:19,E0071,A005700,BN0957,BN4534,Customer Request
BC0004268,2026-08-09 15:23:18,E0047,A001744,BN0269,BN2193,Customer Request
BC0004269,2026-09-15 14:32:15,E0047,A005518,BN0868,BN2400,Customer Request
BC0004270,2026-09-02 16:58:18,E0096,A006007,BN0646,BN4903,Customer Request
BC0004271,2026-09-19 17:25:18,E0046,A000357,BN0610,BN4282,Customer Request
BC0004272,2026-09-17 11:19:18,E0074,A006616,BN0923,BN3228,Customer Request
BC0004273,2026-08-17 09:25:38,E0018,A006093,BN0570,BN7608,Customer Request
BC0004274,2026-09-13 10:43:23,E0030,A005761,BN0952,BN9801,Customer Request
BC0004275,2026-08-15 09:15:14,E0045,A005718,BN0384,BN6759,Customer Request
BC0004276,2026-08-05 14:53:51,E0065,A002850,BN0869,BN9844,Customer Request
BC0004277,2026-08-02 12:10:22,E0013,A002208,BN0806,BN3449,Customer Request
BC0004278,2026-08-05 13:35:55,E0009,A005076,BN0279,BN7755,Customer Request
BC0004279,2026-09-20 11:25:34,E0029,A004254,BN0344,BN6875,Customer Request
BC0004280,2026-09-01 17:20:13,E0076,A000497,BN0847,BN8893,Customer Request
BC0004281,2026-09-20 13:11:44,E0033,A005488,BN0485,BN8272,Customer Request
BC0004282,2026-09-20 16:55:48,E0072,A001797,BN0831,BN4624,Customer Request
BC0004283,2026-09-08 15:50:41,E0064,A006182,BN0249,BN3664,Customer Request
BC0004284,2026-09-08 15:21:12,E0064,A005955,BN0841,BN1047,Customer Request
BC0004285,2026-09-02 16:29:05,E0049,A003461,BN0032,BN2511,Customer Request
BC0004286,2026-08-04 09:46:26,E0065,A006119,BN0653,BN2730,Customer Request
BC0004287,2026-09-04 15:24:20,E0019,A006086,BN0253,BN2934,Customer Request
BC0004288,2026-09-10 11:13:06,E0054,A003635,BN0308,BN3559,Customer Request
BC0004289,2026-08-13 09:29:09,E0062,A003870,BN0776,BN2916,Customer Request
BC0004290,2026-09-06 15:04:00,E0068,A000841,BN0740,BN2720,Customer Request
BC0004291,2026-09-14 16:20:21,E0072,A004366,BN0536,BN7492,Customer Request
BC0004292,2026-08-07 09:15:32,E0019,A001994,BN0603,BN2446,Customer Request
BC0004293,2026-08-22 13:43:33,E0060,A001551,BN0148,BN5903,Customer Request
BC0004294,2026-09-19 13:26:18,E0016,A004529,BN0245,BN3003,Customer Request
BC0004295,2026-09-15 09:01:04,E0013,A001987,BN0678,BN5073,Customer Request
BC0004296,2026-08-29 16:22:12,E0072,A006493,BN0223,BN4247,Customer Request
BC0004297,2026-08-08 16:16:35,E0006,A000885,BN0558,BN6662,Customer Request
BC0004298,2026-08-01 10:54:15,E0097,A003964,BN0077,BN7501,Customer Request
BC0004299,2026-09-05 11:55:45,E0075,A002903,BN0219,BN5587,Customer Request
BC0004300,2026-08-20 14:44:57,E0049,A001808,BN0182,BN1013,Customer Request
BC0004301,2026-09-24 13:15:35,E0013,A006265,BN0964,BN6025,Customer Request
BC0004302,2026-09-23 12:34:30,E0088,A003501,BN0558,BN5660,Customer Request
BC0004303,2026-09-25 15:04:00,E0087,A000148,BN0673,BN4063,Customer Request
BC0004304,2026-09-02 14:06:04,E0049,A004203,BN0083,BN1061,Customer Request
BC0004305,2026-08-21 16:10:00,E0036,A000164,BN0127,BN2028,Customer Request
BC0004306,2026-08-22 15:44:16,E0072,A001074,BN0907,BN8590,Customer Request
BC0004307,2026-08-08 12:40:41,E0091,A000005,BN0506,BN1638,Customer Request
BC0004308,2026-09-15 09:03:50,E0018,A002818,BN0008,BN1794,Customer Request
BC0004309,2026-08-25 15:36:32,E0049,A005452,BN0467,BN2967,Customer Request
BC0004310,2026-09-10 14:57:03,E0001,A003547,BN0041,BN4501,Customer Request
BC0004311,2026-08-01 17:52:45,E0096,A006650,BN0929,BN4975,Customer Request
BC0004312,2026-09-22 09:52:32,E0021,A001059,BN0930,BN1150,Customer Request
BC0004313,2026-08-20 12:49:20,E0081,A004911,BN0508,BN8671,Customer Request
BC0004314,2026-08-13 17:49:46,E0088,A001439,BN0461,BN9991,Customer Request
BC0004315,2026-08-07 11:34:06,E0017,A005551,BN0225,BN9433,Customer Request
BC0004316,2026-09-06 11:23:10,E0054,A004394,BN0363,BN5758,Customer Request
BC0004317,2026-09-13 15:03:16,E0044,A005723,BN0463,BN7965,Customer Request
BC0004318,2026-08-23 14:21:54,E0012,A005917,BN0846,BN8335,Customer Request
BC0004319,2026-08-30 13:01:13,E0077,A006549,BN0733,BN3373,Customer Request
BC0004320,2026-09-12 17:24:07,E0064,A000904,BN0556,BN8839,Customer Request
BC0004321,2026-08-04 14:39:26,E0046,A000796,BN0884,BN4338,Customer Request
BC0004322,2026-08-05 13:56:32,E0066,A002793,BN0549,BN3895,Customer Request
BC0004323,2026-08-08 16:21:54,E0041,A002101,BN0810,BN6414,Customer Request
BC0004324,2026-08-22 12:37:49,E0016,A002035,BN0206,BN9882,Customer Request
BC0004325,2026-08-28 11:02:10,E0047,A001531,BN0958,BN8166,Customer Request
BC0004326,2026-08-24 14:36:13,E0080,A002951,BN0501,BN3882,Customer Request
BC0004327,2026-09-03 17:09:12,E0096,A001612,BN0010,BN8501,Customer Request
BC0004328,2026-08-19 17:05:13,E0064,A005894,BN0855,BN2682,Customer Request
BC0004329,2026-09-05 14:35:45,E0100,A000001,BN0305,BN8355,Customer Request
BC0004330,2026-09-05 10:59:51,E0075,A006495,BN0972,BN8046,Customer Request
BC0004331,2026-09-16 15:29:47,E0030,A006316,BN0102,BN4684,Customer Request
BC0004332,2026-08-15 17:54:32,E0016,A002273,BN0587,BN5626,Customer Request
BC0004333,2026-09-16 10:34:31,E0060,A003572,BN0393,BN9181,Customer Request
BC0004334,2026-08-15 15:23:02,E0088,A000605,BN0340,BN3238,Customer Request
BC0004335,2026-09-10 11:49:20,E0075,A001120,BN0418,BN8136,Customer Request
BC0004336,2026-08-31 11:40:16,E0059,A004809,BN0880,BN4665,Customer Request
BC0004337,2026-08-23 10:36:15,E0054,A006295,BN0259,BN9457,Customer Request
BC0004338,2026-08-28 15:33:44,E0054,A001659,BN0780,BN4184,Customer Request
BC0004339,2026-08-31 10:41:33,E0005,A003635,BN0139,BN8293,Customer Request
BC0004340,2026-09-11 09:02:39,E0077,A003131,BN0550,BN9235,Customer Request
BC0004341,2026-08-12 13:07:23,E0014,A006847,BN0033,BN9512,Customer Request
BC0004342,2026-09-08 17:16:54,E0001,A006853,BN0812,BN6648,Customer Request
BC0004343,2026-09-13 11:22:19,E0013,A001421,BN0571,BN5901,Customer Request
BC0004344,2026-08-13 17:06:26,E0088,A001746,BN0273,BN8654,Customer Request
BC0004345,2026-09-19 13:05:58,E0085,A001378,BN0433,BN5106,Customer Request
BC0004346,2026-08-31 15:04:30,E0009,A002982,BN0937,BN7269,Customer Request
BC0004347,2026-09-04 12:19:30,E0079,A004811,BN0947,BN8874,Customer Request
BC0004348,2026-09-24 16:27:33,E0034,A005586,BN0123,BN5646,Customer Request
BC0004349,2026-08-08 10:11:48,E0059,A005326,BN0717,BN8631,Customer Request
BC0004350,2026-09-02 11:06:03,E0058,A003394,BN0821,BN5948,Customer Request
BC0004351,2026-08-12 09:18:30,E0009,A002843,BN0291,BN3721,Customer Request
BC0004352,2026-08-16 09:44:33,E0050,A004700,BN0045,BN4926,Customer Request
BC0004353,2026-08-26 15:11:53,E0091,A006859,BN0044,BN6479,Customer Request
BC0004354,2026-09-05 13:54:23,E0076,A002191,BN0549,BN4013,Customer Request
BC0004355,2026-08-06 10:12:33,E0080,A002979,BN0985,BN7509,Customer Request
BC0004356,2026-09-23 16:15:23,E0098,A004156,BN0530,BN5963,Customer Request
BC0004357,2026-08-04 14:02:31,E0065,A001397,BN0713,BN6702,Customer Request
BC0004358,2026-08-15 09:16:47,E0069,A005988,BN0720,BN8896,Customer Request
BC0004359,2026-08-07 16:54:52,E0098,A001324,BN0100,BN8572,Customer Request
BC0004360,2026-09-23 14:26:53,E0036,A002537,BN0570,BN9569,Customer Request
BC0004361,2026-08-02 14:20:23,E0002,A005596,BN0750,BN9031,Customer Request
BC0004362,2026-08-18 15:52:43,E0014,A003904,BN0048,BN5443,Customer Request
BC0004363,2026-08-17 10:50:27,E0066,A000708,BN0941,BN1347,Customer Request
BC0004364,2026-09-12 15:41:09,E0009,A003967,BN0671,BN7151,Customer Request
BC0004365,2026-09-14 11:41:49,E0095,A006855,BN0936,BN3465,Customer Request
BC0004366,2026-08-09 09:54:46,E0047,A004064,BN0602,BN2535,Customer Request
BC0004367,2026-09-13 16:38:20,E0030,A005353,BN0722,BN4490,Customer Request
BC0004368,2026-09-20 13:39:27,E0081,A004401,BN0362,BN3224,Customer Request
BC0004369,2026-08-07 13:29:45,E0013,A006476,BN0490,BN8371,Customer Request
BC0004370,2026-08-15 12:38:45,E0019,A004522,BN0023,BN5464,Customer Request
BC0004371,2026-09-23 15:48:59,E0008,A000372,BN0836,BN1278,Customer Request
BC0004372,2026-08-26 14:12:58,E0020,A000180,BN0621,BN6210,Customer Request
BC0004373,2026-08-25 10:56:11,E0023,A005564,BN0466,BN4864,Customer Request
BC0004374,2026-08-04 14:20:45,E0090,A003437,BN0168,BN2507,Customer Request
BC0004375,2026-09-06 12:05:52,E0078,A002108,BN0980,BN5708,Customer Request
BC0004376,2026-08-14 09:18:55,E0007,A003257,BN0791,BN7199,Customer Request
BC0004377,2026-09-09 16:44:52,E0096,A006785,BN0341,BN7337,Customer Request
BC0004378,2026-08-22 13:28:43,E0072,A006366,BN0502,BN3383,Customer Request
BC0004379,2026-08-28 14:01:49,E0064,A005645,BN0020,BN4611,Customer Request
BC0004380,2026-08-05 14:03:27,E0051,A004266,BN0276,BN6693,Customer Request
BC0004381,2026-09-23 16:27:01,E0030,A006587,BN0092,BN2283,Customer Request
BC0004382,2026-09-20 16:38:49,E0004,A004340,BN0948,BN2715,Customer Request
BC0004383,2026-08-29 10:36:02,E0041,A000369,BN0802,BN8328,Customer Request
BC0004384,2026-08-18 17:15:34,E0096,A006224,BN0640,BN8087,Customer Request
BC0004385,2026-09-03 09:10:12,E0004,A006610,BN0067,BN8398,Customer Request
BC0004386,2026-09-02 10:07:19,E0015,A006790,BN0480,BN3364,Customer Request
BC0004387,2026-08-20 14:54:34,E0100,A002383,BN0966,BN6063,Customer Request
BC0004388,2026-08-17 13:54:44,E0068,A001147,BN0535,BN5291,Customer Request
BC0004389,2026-08-30 11:22:05,E0046,A003854,BN0075,BN3490,Customer Request
BC0004390,2026-09-05 10:58:00,E0023,A006534,BN0957,BN6061,Customer Request
BC0004391,2026-08-16 15:55:10,E0060,A001992,BN0469,BN3993,Customer Request
BC0004392,2026-08-04 11:20:36,E0043,A000725,BN0680,BN3743,Customer Request
BC0004393,2026-08-11 16:46:16,E0095,A002080,BN0105,BN2565,Customer Request
BC0004394,2026-08-03 17:26:09,E0068,A003022,BN0670,BN2685,Customer Request
BC0004395,2026-08-02 13:45:20,E0043,A003711,BN0632,BN4844,Customer Request
BC0004396,2026-09-03 09:04:59,E0062,A003647,BN0572,BN6414,Customer Request
BC0004397,2026-09-22 16:12:10,E0081,A004326,BN0325,BN9980,Customer Request
BC0004398,2026-08-20 12:36:17,E0090,A001657,BN0074,BN4254,Customer Request
BC0004399,2026-09-03 10:12:05,E0034,A000177,BN0577,BN1738,Customer Request
BC0004400,2026-09-09 16:09:44,E0045,A006129,BN0829,BN7010,Customer Request
BC0004401,2026-08-03 16:30:38,E0100,A000040,BN0875,BN8544,Customer Request
BC0004402,2026-09-14 14:31:17,E0011,A001912,BN0812,BN8782,Customer Request
BC0004403,2026-09-11 12:08:37,E0097,A000248,BN0882,BN9377,Customer Request
BC0004404,2026-08-27 12:26:56,E0051,A006068,BN0584,BN7089,Customer Request
BC0004405,2026-09-23 13:09:15,E0054,A001354,BN0085,BN6937,Customer Request
BC0004406,2026-09-18 16:46:26,E0064,A004383,BN0535,BN1620,Customer Request
BC0004407,2026-09-04 13:49:23,E0069,A004510,BN0381,BN3812,Customer Request
BC0004408,2026-08-10 16:30:52,E0013,A000980,BN0632,BN5754,Customer Request
BC0004409,2026-08-25 14:46:17,E0053,A003211,BN0795,BN6569,Customer Request
BC0004410,2026-08-10 16:16:07,E0046,A004828,BN0895,BN6862,Customer Request
BC0004411,2026-08-20 16:24:29,E0069,A001625,BN0267,BN2156,Customer Request
BC0004412,2026-08-18 11:49:42,E0013,A005685,BN0241,BN9583,Customer Request
BC0004413,2026-09-10 13:03:06,E0008,A005785,BN0956,BN8515,Customer Request
BC0004414,2026-08-06 16:34:05,E0093,A003941,BN0221,BN3409,Customer Request
BC0004415,2026-08-30 13:32:33,E0053,A000483,BN0723,BN5247,Customer Request
BC0004416,2026-08-21 15:58:30,E0093,A006677,BN0326,BN8193,Customer Request
BC0004417,2026-09-01 10:04:40,E0019,A004577,BN0218,BN6758,Customer Request
BC0004418,2026-09-18 09:32:19,E0015,A000504,BN0163,BN3903,Customer Request
BC0004419,2026-08-12 12:08:54,E0013,A006398,BN0280,BN6064,Customer Request
BC0004420,2026-08-18 15:09:35,E0041,A002270,BN0127,BN1689,Customer Request
BC0004421,2026-09-10 13:28:19,E0029,A002485,BN0186,BN1616,Customer Request
BC0004422,2026-09-10 09:37:14,E0081,A000181,BN0926,BN4954,Customer Request
BC0004423,2026-08-29 09:35:41,E0091,A001151,BN0070,BN4472,Customer Request
BC0004424,2026-08-18 14:56:15,E0077,A003451,BN0787,BN5722,Customer Request
BC0004425,2026-09-20 14:51:31,E0027,A005057,BN0620,BN8023,Customer Request
BC0004426,2026-08-04 15:32:38,E0054,A004744,BN0965,BN3197,Customer Request
BC0004427,2026-09-20 15:06:29,E0061,A006612,BN0117,BN2240,Customer Request
BC0004428,2026-09-21 11:47:31,E0040,A001909,BN0603,BN9986,Customer Request
BC0004429,2026-08-14 11:24:38,E0055,A006152,BN0284,BN6793,Customer Request
BC0004430,2026-09-11 10:14:02,E0001,A005955,BN0792,BN7227,Customer Request
BC0004431,2026-09-19 10:47:04,E0023,A001328,BN0625,BN4646,Customer Request
BC0004432,2026-08-13 13:57:53,E0078,A005389,BN0112,BN3562,Customer Request
BC0004433,2026-08-27 14:18:24,E0063,A005231,BN0189,BN8181,Customer Request
BC0004434,2026-08-05 15:03:40,E0043,A000127,BN0381,BN6802,Customer Request
BC0004435,2026-09-21 12:35:58,E0014,A005310,BN0122,BN7048,Customer Request
BC0004436,2026-08-18 17:45:02,E0076,A003246,BN0986,BN8262,Customer Request
BC0004437,2026-08-20 12:05:32,E0078,A006689,BN0968,BN2489,Customer Request
BC0004438,2026-09-15 12:07:30,E0079,A000249,BN0196,BN4612,Customer Request
BC0004439,2026-09-12 14:37:36,E0085,A004929,BN0568,BN4917,Customer Request
BC0004440,2026-08-04 17:59:13,E0059,A005359,BN0860,BN6183,Customer Request
BC0004441,2026-09-16 10:44:03,E0074,A005647,BN0174,BN9708,Customer Request
BC0004442,2026-08-21 12:11:40,E0048,A003850,BN0176,BN5639,Customer Request
BC0004443,2026-09-05 10:41:19,E0053,A005187,BN0221,BN4374,Customer Request
BC0004444,2026-09-25 09:22:09,E0054,A001996,BN0369,BN4200,Customer Request
BC0004445,2026-09-23 16:03:20,E0087,A006827,BN0070,BN5123,Customer Request
BC0004446,2026-09-23 10:38:27,E0036,A005091,BN0889,BN6121,Customer Request
BC0004447,2026-08-27 13:20:23,E0056,A004677,BN0166,BN7857,Customer Request
BC0004448,2026-08-17 13:08:40,E0021,A000431,BN0750,BN8977,Customer Request
BC0004449,2026-09-02 10:10:43,E0008,A005765,BN0992,BN6214,Customer Request
BC0004450,2026-08-26 10:11:28,E0057,A006876,BN0019,BN6220,Customer Request
BC0004451,2026-08-26 14:26:42,E0061,A000274,BN0113,BN9908,Customer Request
BC0004452,2026-09-12 12:04:36,E0094,A004825,BN0192,BN1487,Customer Request
BC0004453,2026-08-23 11:01:29,E0022,A002388,BN0224,BN7427,Customer Request
BC0004454,2026-09-06 09:10:32,E0034,A004572,BN0206,BN2840,Customer Request
BC0004455,2026-08-28 10:05:50,E0068,A003115,BN0114,BN9217,Customer Request
BC0004456,2026-08-19 14:11:58,E0016,A006832,BN0018,BN9993,Customer Request
BC0004457,2026-09-02 17:16:50,E0038,A002465,BN0680,BN8975,Customer Request
BC0004458,2026-08-13 11:22:39,E0067,A006969,BN0725,BN5967,Customer Request
BC0004459,2026-09-14 10:06:03,E0093,A004565,BN0820,BN5174,Customer Request
BC0004460,2026-09-15 15:15:37,E0041,A003960,BN0668,BN7872,Customer Request
BC0004461,2026-08-22 11:42:02,E0048,A000918,BN0326,BN2209,Customer Request
BC0004462,2026-08-31 13:50:48,E0084,A001244,BN0821,BN4906,Customer Request
BC0004463,2026-08-09 15:49:08,E0062,A004626,BN0138,BN4220,Customer Request
BC0004464,2026-09-25 17:26:31,E0092,A005934,BN0813,BN5658,Customer Request
BC0004465,2026-09-11 12:22:26,E0088,A004929,BN0262,BN7348,Customer Request
BC0004466,2026-08-15 16:10:19,E0038,A000950,BN0950,BN7770,Customer Request
BC0004467,2026-08-15 12:48:57,E0008,A005856,BN0102,BN1727,Customer Request
BC0004468,2026-08-31 13:51:57,E0038,A003912,BN0816,BN7833,Customer Request
BC0004469,2026-08-04 16:22:07,E0078,A003172,BN0869,BN7903,Customer Request
BC0004470,2026-08-10 17:40:11,E0006,A006174,BN0801,BN2186,Customer Request
BC0004471,2026-09-08 11:11:12,E0036,A003867,BN0790,BN9403,Customer Request
BC0004472,2026-09-12 12:45:15,E0054,A000566,BN0822,BN3265,Customer Request
BC0004473,2026-08-03 16:16:08,E0053,A001657,BN0780,BN6767,Customer Request
BC0004474,2026-08-03 17:01:38,E0080,A005529,BN0272,BN2002,Customer Request
BC0004475,2026-09-25 10:30:43,E0024,A004747,BN0518,BN1261,Customer Request
BC0004476,2026-08-07 13:32:02,E0056,A004544,BN0616,BN2526,Customer Request
BC0004477,2026-09-11 17:24:32,E0046,A006866,BN0670,BN8136,Customer Request
BC0004478,2026-08-14 10:57:03,E0032,A000668,BN0492,BN9588,Customer Request
BC0004479,2026-08-21 11:08:33,E0049,A005082,BN0979,BN9295,Customer Request
BC0004480,2026-09-06 17:48:18,E0068,A001627,BN0026,BN3046,Customer Request
BC0004481,2026-09-15 17:11:52,E0098,A000123,BN0098,BN8820,Customer Request
BC0004482,2026-09-01 16:04:47,E0080,A004844,BN0249,BN3254,Customer Request
BC0004483,2026-09-10 15:36:26,E0089,A002608,BN0004,BN5636,Customer Request
BC0004484,2026-09-01 17:30:34,E0083,A006402,BN0887,BN7408,Customer Request
BC0004485,2026-09-07 13:50:25,E0009,A002023,BN0951,BN4152,Customer Request
BC0004486,2026-08-30 12:59:19,E0043,A001573,BN0863,BN2086,Customer Request
BC0004487,2026-08-08 15:19:39,E0027,A000949,BN0649,BN4444,Customer Request
BC0004488,2026-08-23 10:56:13,E0071,A002054,BN0342,BN4960,Customer Request
BC0004489,2026-09-24 14:02:26,E0022,A002304,BN0987,BN8152,Customer Request
BC0004490,2026-08-04 13:40:45,E0039,A001563,BN0846,BN8112,Customer Request
BC0004491,2026-08-17 10:32:20,E0030,A003041,BN0147,BN5671,Customer Request
BC0004492,2026-09-16 15:00:37,E0002,A001049,BN0556,BN4629,Customer Request
BC0004493,2026-09-22 16:32:48,E0068,A001033,BN0935,BN3485,Customer Request
BC0004494,2026-08-11 09:59:29,E0037,A000107,BN0410,BN4842,Customer Request
BC0004495,2026-09-04 16:55:06,E0006,A006755,BN0786,BN7553,Customer Request
BC0004496,2026-08-14 11:05:16,E0050,A003799,BN0381,BN4909,Customer Request
BC0004497,2026-08-08 12:41:22,E0096,A006312,BN0198,BN6413,Customer Request
BC0004498,2026-08-06 17:09:04,E0019,A002595,BN0140,BN8895,Customer Request
BC0004499,2026-09-21 11:19:56,E0051,A002372,BN0196,BN7521,Customer Request
BC0004500,2026-08-19 12:54:13,E0036,A000724,BN0939,BN7926,Customer Request
BC0004501,2026-09-21 16:20:07,E0062,A000105,BN0053,BN1451,Customer Request
BC0004502,2026-09-09 17:36:20,E0080,A001437,BN0901,BN5690,Customer Request
BC0004503,2026-08-02 16:01:15,E0029,A006060,BN0788,BN7792,Customer Request
BC0004504,2026-08-22 11:47:07,E0032,A005401,BN0808,BN5048,Customer Request
BC0004505,2026-08-11 17:50:44,E0065,A005688,BN0425,BN4383,Customer Request
BC0004506,2026-09-04 15:27:14,E0099,A001930,BN0542,BN6143,Customer Request
BC0004507,2026-09-10 14:48:39,E0013,A002068,BN0701,BN9140,Customer Request
BC0004508,2026-08-19 16:22:37,E0012,A006467,BN0243,BN4706,Customer Request
BC0004509,2026-09-20 13:49:54,E0096,A005696,BN0311,BN2079,Customer Request
BC0004510,2026-09-04 17:28:19,E0066,A003476,BN0960,BN9322,Customer Request
BC0004511,2026-08-21 11:43:14,E0050,A002703,BN0422,BN8238,Customer Request
BC0004512,2026-09-17 10:57:53,E0003,A003156,BN0469,BN4555,Customer Request
BC0004513,2026-09-06 13:20:49,E0035,A004236,BN0128,BN1396,Customer Request
BC0004514,2026-09-15 09:43:32,E0090,A003278,BN0719,BN8682,Customer Request
BC0004515,2026-08-19 11:10:27,E0002,A001695,BN0420,BN9230,Customer Request
BC0004516,2026-08-09 16:51:25,E0048,A001633,BN0017,BN7518,Customer Request
BC0004517,2026-08-05 16:18:22,E0097,A003637,BN0297,BN3430,Customer Request
BC0004518,2026-08-26 12:38:53,E0048,A002146,BN0809,BN2362,Customer Request
BC0004519,2026-08-01 12:38:19,E0021,A000410,BN0512,BN1018,Customer Request
BC0004520,2026-08-27 15:31:04,E0066,A000304,BN0836,BN4588,Customer Request
BC0004521,2026-08-18 12:46:50,E0006,A004410,BN0600,BN5984,Customer Request
BC0004522,2026-08-18 13:50:49,E0052,A002998,BN0566,BN7745,Customer Request
BC0004523,2026-08-17 17:10:07,E0082,A005781,BN0520,BN6031,Customer Request
BC0004524,2026-09-23 10:55:30,E0030,A002160,BN0845,BN2139,Customer Request
BC0004525,2026-08-28 13:46:00,E0080,A006142,BN0406,BN2133,Customer Request
BC0004526,2026-08-19 17:37:04,E0059,A000134,BN0837,BN2099,Customer Request
BC0004527,2026-09-09 11:29:04,E0097,A002581,BN0488,BN4895,Customer Request
BC0004528,2026-09-13 10:18:23,E0056,A001992,BN0649,BN6547,Customer Request
BC0004529,2026-08-28 16:52:23,E0011,A001294,BN0305,BN5530,Customer Request
BC0004530,2026-08-19 16:00:24,E0010,A004180,BN0612,BN9656,Customer Request
BC0004531,2026-09-20 16:53:50,E0003,A002807,BN0872,BN5514,Customer Request
BC0004532,2026-08-09 10:47:40,E0087,A004191,BN0430,BN1241,Customer Request
BC0004533,2026-08-08 10:10:07,E0068,A006884,BN0350,BN8678,Customer Request
BC0004534,2026-08-30 16:20:27,E0088,A005537,BN0922,BN8577,Customer Request
BC0004535,2026-08-31 17:11:03,E0028,A002022,BN0169,BN5655,Customer Request
BC0004536,2026-08-19 14:20:35,E0076,A001858,BN0795,BN9534,Customer Request
BC0004537,2026-08-27 14:50:12,E0074,A003647,BN0720,BN8002,Customer Request
BC0004538,2026-09-10 10:51:21,E0006,A004937,BN0387,BN1705,Customer Request
BC0004539,2026-08-16 09:27:12,E0032,A003729,BN0249,BN6062,Customer Request
BC0004540,2026-09-02 15:47:02,E0084,A001033,BN0746,BN5052,Customer Request
BC0004541,2026-08-05 16:34:14,E0067,A004603,BN0706,BN5731,Customer Request
BC0004542,2026-08-02 09:49:05,E0027,A004403,BN0016,BN2934,Customer Request
BC0004543,2026-08-13 11:51:48,E0042,A002970,BN0497,BN2630,Customer Request
BC0004544,2026-09-05 12:58:13,E0066,A004996,BN0688,BN6863,Customer Request
BC0004545,2026-09-17 10:58:44,E0026,A001529,BN0172,BN2496,Customer Request
BC0004546,2026-09-05 12:47:13,E0086,A002790,BN0460,BN3804,Customer Request
BC0004547,2026-09-10 10:33:32,E0095,A006161,BN0326,BN4523,Customer Request
BC0004548,2026-08-04 11:09:28,E0045,A000310,BN0060,BN9164,Customer Request
BC0004549,2026-08-20 13:39:08,E0076,A005742,BN0542,BN6025,Customer Request
BC0004550,2026-09-18 11:19:24,E0064,A003653,BN0122,BN1719,Customer Request
BC0004551,2026-09-06 15:17:23,E0010,A005167,BN0203,BN3367,Customer Request
BC0004552,2026-08-05 09:10:17,E0027,A000620,BN0956,BN7236,Customer Request
BC0004553,2026-08-15 10:38:11,E0060,A001639,BN0869,BN7865,Customer Request
BC0004554,2026-08-09 09:35:34,E0097,A006710,BN0870,BN8181,Customer Request
BC0004555,2026-09-03 12:53:50,E0008,A003283,BN0637,BN2149,Customer Request
BC0004556,2026-09-05 15:40:31,E0067,A004898,BN0394,BN3634,Customer Request
BC0004557,2026-09-01 17:11:26,E0054,A006150,BN0732,BN9255,Customer Request
BC0004558,2026-08-17 10:38:52,E0005,A004165,BN0697,BN3611,Customer Request
BC0004559,2026-09-13 14:12:41,E0048,A004131,BN0366,BN2421,Customer Request
BC0004560,2026-09-24 13:11:27,E0059,A005918,BN0820,BN4267,Customer Request
BC0004561,2026-09-13 14:33:10,E0084,A004583,BN0677,BN7192,Customer Request
BC0004562,2026-08-23 10:00:44,E0056,A003794,BN0747,BN2253,Customer Request
BC0004563,2026-09-23 17:29:08,E0027,A005850,BN0702,BN6700,Customer Request
BC0004564,2026-09-09 10:02:23,E0029,A005984,BN0865,BN3451,Customer Request
BC0004565,2026-08-31 11:41:13,E0046,A004415,BN0029,BN9954,Customer Request
BC0004566,2026-08-28 17:24:57,E0054,A003897,BN0025,BN2290,Customer Request
BC0004567,2026-09-22 13:17:24,E0042,A001832,BN0606,BN4927,Customer Request
BC0004568,2026-08-17 15:23:41,E0082,A004412,BN0656,BN6692,Customer Request
BC0004569,2026-08-14 14:15:42,E0060,A005776,BN0116,BN8052,Customer Request
BC0004570,2026-09-07 11:03:27,E0075,A003451,BN0914,BN9088,Customer Request
BC0004571,2026-09-19 15:34:26,E0049,A000754,BN0573,BN6810,Customer Request
BC0004572,2026-08-25 12:09:23,E0089,A005546,BN0650,BN4144,Customer Request
BC0004573,2026-08-20 15:36:18,E0084,A001525,BN0128,BN2625,Customer Request
BC0004574,2026-08-02 09:04:33,E0034,A006388,BN0599,BN8184,Customer Request
BC0004575,2026-08-03 13:53:14,E0027,A004198,BN0312,BN5855,Customer Request
BC0004576,2026-08-02 15:02:22,E0072,A005977,BN0191,BN6401,Customer Request
BC0004577,2026-08-19 13:47:02,E0062,A004340,BN0932,BN4016,Customer Request
BC0004578,2026-09-25 09:03:18,E0080,A000577,BN0507,BN7295,Customer Request
BC0004579,2026-08-21 11:38:02,E0027,A005669,BN0102,BN1559,Customer Request
BC0004580,2026-09-19 12:39:46,E0040,A002728,BN0637,BN2655,Customer Request
BC0004581,2026-08-28 13:06:04,E0026,A002159,BN0094,BN3648,Customer Request
BC0004582,2026-09-15 17:42:08,E0052,A001637,BN0188,BN1915,Customer Request
BC0004583,2026-09-02 16:02:30,E0100,A001869,BN0080,BN9283,Customer Request
BC0004584,2026-09-23 16:22:13,E0050,A003516,BN0505,BN9743,Customer Request
BC0004585,2026-09-25 16:59:56,E0071,A006537,BN0786,BN5896,Customer Request
BC0004586,2026-08-26 17:05:39,E0031,A003760,BN0207,BN2988,Customer Request
BC0004587,2026-09-17 17:40:44,E0093,A006968,BN0292,BN4753,Customer Request
BC0004588,2026-08-11 10:22:14,E0070,A003785,BN0196,BN6193,Customer Request
BC0004589,2026-09-16 13:19:39,E0020,A001664,BN0006,BN7303,Customer Request
BC0004590,2026-09-09 14:43:45,E0003,A006886,BN0721,BN5057,Customer Request
BC0004591,2026-09-20 11:06:50,E0053,A000547,BN0401,BN4453,Customer Request
BC0004592,2026-08-05 16:42:23,E0041,A002159,BN0329,BN4823,Customer Request
BC0004593,2026-09-22 16:00:41,E0091,A006803,BN0796,BN2913,Customer Request
BC0004594,2026-09-15 15:53:26,E0032,A000450,BN0071,BN3067,Customer Request
BC0004595,2026-09-17 14:16:28,E0044,A001324,BN0555,BN8090,Customer Request
BC0004596,2026-09-16 11:03:56,E0019,A006595,BN0483,BN6436,Customer Request
BC0004597,2026-08-25 13:19:57,E0036,A003286,BN0080,BN8103,Customer Request
BC0004598,2026-08-14 10:49:11,E0091,A000210,BN0317,BN6812,Customer Request
BC0004599,2026-08-20 13:02:36,E0046,A005076,BN0633,BN4435,Customer Request
BC0004600,2026-08-16 12:25:29,E0047,A001132,BN0467,BN7495,Customer Request
BC0004601,2026-09-02 11:41:25,E0063,A006684,BN0341,BN3329,Customer Request
BC0004602,2026-08-31 12:00:32,E0041,A006230,BN0554,BN2733,Customer Request
BC0004603,2026-08-03 17:00:15,E0017,A000139,BN0678,BN8754,Customer Request
BC0004604,2026-08-06 14:39:55,E0014,A001272,BN0382,BN8021,Customer Request
BC0004605,2026-09-21 11:10:21,E0029,A004552,BN0029,BN1996,Customer Request
BC0004606,2026-08-25 10:54:51,E0069,A005836,BN0845,BN5652,Customer Request
BC0004607,2026-09-18 16:17:58,E0076,A002223,BN0751,BN2059,Customer Request
BC0004608,2026-08-16 16:46:56,E0077,A006423,BN0421,BN2827,Customer Request
BC0004609,2026-09-17 16:43:46,E0028,A002283,BN0632,BN3667,Customer Request
BC0004610,2026-09-09 11:28:18,E0065,A000885,BN0708,BN6000,Customer Request
BC0004611,2026-09-25 14:32:10,E0029,A002104,BN0686,BN4212,Customer Request
BC0004612,2026-08-12 13:29:35,E0073,A006118,BN0128,BN1468,Customer Request
BC0004613,2026-08-16 16:23:40,E0086,A004572,BN0067,BN1227,Customer Request
BC0004614,2026-09-20 15:08:02,E0005,A006164,BN0962,BN1874,Customer Request
BC0004615,2026-08-12 09:21:42,E0029,A001780,BN0180,BN7357,Customer Request
BC0004616,2026-09-25 16:50:09,E0064,A002503,BN0349,BN8412,Customer Request
BC0004617,2026-08-04 16:37:31,E0070,A004180,BN0496,BN3971,Customer Request
BC0004618,2026-08-17 13:34:32,E0052,A004174,BN0204,BN5847,Customer Request
BC0004619,2026-08-17 09:25:21,E0051,A006285,BN0396,BN1951,Customer Request
BC0004620,2026-09-12 09:03:05,E0043,A001432,BN0566,BN1197,Customer Request
BC0004621,2026-08-28 15:30:20,E0010,A003772,BN0297,BN1874,Customer Request
BC0004622,2026-08-30 12:05:09,E0096,A002588,BN0105,BN8062,Customer Request
BC0004623,2026-08-17 11:16:50,E0077,A001994,BN0127,BN3377,Customer Request
BC0004624,2026-09-06 13:36:45,E0089,A004178,BN0196,BN8505,Customer Request
BC0004625,2026-08-01 17:15:21,E0037,A006909,BN0124,BN3036,Customer Request
BC0004626,2026-08-04 16:22:45,E0045,A003126,BN0070,BN7712,Customer Request
BC0004627,2026-08-29 10:17:35,E0019,A005541,BN0327,BN9902,Customer Request
BC0004628,2026-08-28 17:28:52,E0055,A005017,BN0125,BN2415,Customer Request
BC0004629,2026-09-15 14:16:47,E0034,A004233,BN0559,BN7972,Customer Request
BC0004630,2026-08-30 13:50:30,E0023,A001105,BN0690,BN7052,Customer Request
BC0004631,2026-09-04 10:37:55,E0070,A006199,BN0450,BN1639,Customer Request
BC0004632,2026-08-10 11:07:07,E0083,A006493,BN0627,BN3744,Customer Request
BC0004633,2026-09-16 13:55:54,E0054,A006457,BN0152,BN6203,Customer Request
BC0004634,2026-09-01 12:07:53,E0071,A001524,BN0531,BN4599,Customer Request
BC0004635,2026-09-19 13:30:39,E0013,A004365,BN0326,BN8251,Customer Request
BC0004636,2026-08-23 10:14:45,E0037,A003585,BN0720,BN9072,Customer Request
BC0004637,2026-08-13 15:37:28,E0020,A001446,BN0259,BN9703,Customer Request
BC0004638,2026-08-03 11:29:21,E0025,A000839,BN0439,BN6402,Customer Request
BC0004639,2026-08-16 16:27:27,E0050,A005922,BN0243,BN2206,Customer Request
BC0004640,2026-08-07 11:23:05,E0084,A000618,BN0247,BN2359,Customer Request
BC0004641,2026-09-02 09:09:40,E0095,A001161,BN0775,BN6399,Customer Request
BC0004642,2026-09-05 11:20:13,E0017,A004119,BN0496,BN8798,Customer Request
BC0004643,2026-08-29 15:48:31,E0072,A001052,BN0277,BN4888,Customer Request
BC0004644,2026-09-02 17:37:11,E0076,A002534,BN0146,BN4468,Customer Request
BC0004645,2026-08-07 12:08:04,E0029,A005119,BN0424,BN5707,Customer Request
BC0004646,2026-09-22 14:01:32,E0023,A003950,BN0078,BN6343,Customer Request
BC0004647,2026-08-08 14:11:28,E0076,A002297,BN0921,BN8281,Customer Request
BC0004648,2026-09-01 10:35:33,E0043,A003880,BN0253,BN7965,Customer Request
BC0004649,2026-08-01 15:40:07,E0099,A003518,BN0251,BN5821,Customer Request
BC0004650,2026-08-18 12:06:40,E0003,A001868,BN0885,BN8330,Customer Request
BC0004651,2026-08-22 15:56:38,E0056,A000832,BN0919,BN5290,Customer Request
BC0004652,2026-09-17 13:14:42,E0048,A006095,BN0327,BN4733,Customer Request
BC0004653,2026-09-18 17:31:08,E0026,A006170,BN0253,BN7257,Customer Request
BC0004654,2026-08-08 10:32:59,E0075,A002513,BN0740,BN7481,Customer Request
BC0004655,2026-09-21 14:03:09,E0068,A005496,BN0795,BN9628,Customer Request
BC0004656,2026-09-16 17:58:51,E0081,A002594,BN0773,BN1240,Customer Request
BC0004657,2026-08-06 16:22:29,E0020,A005559,BN0900,BN4603,Customer Request
BC0004658,2026-09-23 09:43:25,E0004,A005760,BN0793,BN2079,Customer Request
BC0004659,2026-08-09 14:48:29,E0068,A004357,BN0574,BN4989,Customer Request
BC0004660,2026-08-16 17:40:38,E0017,A006318,BN0013,BN4438,Customer Request
BC0004661,2026-09-01 14:31:37,E0093,A000494,BN0161,BN8886,Customer Request
BC0004662,2026-08-02 11:32:45,E0092,A005911,BN0059,BN9421,Customer Request
BC0004663,2026-08-11 12:29:18,E0060,A005243,BN0708,BN5959,Customer Request
BC0004664,2026-09-25 15:05:04,E0013,A000154,BN0367,BN8655,Customer Request
BC0004665,2026-09-18 15:30:49,E0026,A001455,BN0133,BN6938,Customer Request
BC0004666,2026-08-16 10:02:08,E0023,A005148,BN0079,BN5656,Customer Request
BC0004667,2026-09-07 11:15:44,E0099,A005686,BN0377,BN6480,Customer Request
BC0004668,2026-08-30 12:38:50,E0052,A003570,BN0994,BN4584,Customer Request
BC0004669,2026-08-18 16:33:20,E0056,A001266,BN0922,BN2530,Customer Request
BC0004670,2026-08-19 16:50:57,E0050,A006540,BN0400,BN2362,Customer Request
BC0004671,2026-09-02 13:02:43,E0027,A006371,BN0523,BN5489,Customer Request
BC0004672,2026-08-30 16:27:49,E0087,A001003,BN0220,BN4062,Customer Request
BC0004673,2026-09-24 09:04:01,E0099,A005458,BN0355,BN4951,Customer Request
BC0004674,2026-08-09 15:33:26,E0056,A001247,BN0860,BN9840,Customer Request
BC0004675,2026-08-28 14:10:22,E0058,A002248,BN0684,BN7318,Customer Request
BC0004676,2026-09-04 13:33:42,E0086,A000399,BN0073,BN9837,Customer Request
BC0004677,2026-09-15 11:37:35,E0045,A006224,BN0904,BN7749,Customer Request
BC0004678,2026-08-02 09:35:44,E0079,A002740,BN0331,BN3410,Customer Request
BC0004679,2026-08-24 11:20:21,E0023,A004651,BN0562,BN7553,Customer Request
BC0004680,2026-08-31 11:21:28,E0083,A005213,BN0776,BN7936,Customer Request
BC0004681,2026-08-06 10:53:02,E0037,A002225,BN0203,BN6813,Customer Request
BC0004682,2026-08-26 12:22:25,E0073,A002551,BN0685,BN9430,Customer Request
BC0004683,2026-09-11 13:56:46,E0071,A004885,BN0002,BN3195,Customer Request
BC0004684,2026-08-07 17:26:29,E0063,A005789,BN0431,BN8094,Customer Request
BC0004685,2026-08-20 17:20:11,E0043,A001420,BN0901,BN6012,Customer Request
BC0004686,2026-08-15 09:40:13,E0040,A002544,BN0555,BN3872,Customer Request
BC0004687,2026-09-02 17:27:39,E0074,A001853,BN0981,BN5525,Customer Request
BC0004688,2026-09-02 11:21:09,E0048,A000798,BN0129,BN7794,Customer Request
BC0004689,2026-09-25 11:16:03,E0030,A006143,BN0094,BN9484,Customer Request
BC0004690,2026-09-18 14:24:10,E0051,A003901,BN0110,BN7554,Customer Request
BC0004691,2026-09-17 11:41:41,E0060,A004056,BN0688,BN7904,Customer Request
BC0004692,2026-09-24 16:44:13,E0015,A003882,BN0554,BN5529,Customer Request
BC0004693,2026-09-13 14:08:11,E0066,A001031,BN0180,BN3154,Customer Request
BC0004694,2026-09-17 15:41:56,E0099,A003773,BN0223,BN5007,Customer Request
BC0004695,2026-08-30 10:30:24,E0095,A003541,BN0790,BN5989,Customer Request
BC0004696,2026-09-15 16:00:10,E0028,A003079,BN0372,BN3629,Customer Request
BC0004697,2026-09-21 11:01:18,E0064,A004279,BN0238,BN3874,Customer Request
BC0004698,2026-09-20 11:35:47,E0010,A002000,BN0129,BN5805,Customer Request
BC0004699,2026-08-17 11:45:50,E0027,A001652,BN0023,BN4247,Customer Request
BC0004700,2026-09-18 16:45:47,E0031,A001286,BN0003,BN7336,Customer Request
BC0004701,2026-09-18 13:36:34,E0056,A001404,BN0377,BN5519,Customer Request
BC0004702,2026-08-13 13:50:03,E0055,A003963,BN0649,BN6622,Customer Request
BC0004703,2026-08-31 16:14:59,E0058,A004944,BN0206,BN3673,Customer Request
BC0004704,2026-08-06 17:18:11,E0032,A003836,BN0210,BN9896,Customer Request
BC0004705,2026-08-24 15:22:49,E0079,A000792,BN0801,BN3391,Customer Request
BC0004706,2026-08-06 09:37:59,E0015,A006824,BN0725,BN6368,Customer Request
BC0004707,2026-08-04 14:46:20,E0018,A003885,BN0808,BN5714,Customer Request
BC0004708,2026-08-22 14:55:36,E0060,A004163,BN0853,BN8728,Customer Request
BC0004709,2026-08-03 12:52:38,E0005,A005817,BN0617,BN4448,Customer Request
BC0004710,2026-08-21 14:10:08,E0097,A000147,BN0208,BN2498,Customer Request
BC0004711,2026-08-10 16:05:00,E0082,A001807,BN0689,BN8937,Customer Request
BC0004712,2026-09-05 09:05:04,E0025,A005782,BN0583,BN1405,Customer Request
BC0004713,2026-09-25 13:15:44,E0019,A003741,BN0794,BN4165,Customer Request
BC0004714,2026-09-17 15:42:25,E0030,A000793,BN0265,BN7237,Customer Request
BC0004715,2026-09-10 11:44:00,E0027,A000963,BN0643,BN6895,Customer Request
BC0004716,2026-08-18 12:46:30,E0035,A005034,BN0425,BN1891,Customer Request
BC0004717,2026-09-12 13:02:18,E0010,A000368,BN0733,BN2836,Customer Request
BC0004718,2026-09-22 11:51:32,E0094,A006680,BN0922,BN4186,Customer Request
BC0004719,2026-08-22 13:12:26,E0057,A004004,BN0588,BN6071,Customer Request
BC0004720,2026-09-01 10:48:22,E0076,A002259,BN0457,BN4762,Customer Request
BC0004721,2026-08-06 12:51:18,E0093,A002198,BN0881,BN3162,Customer Request
BC0004722,2026-09-04 12:53:03,E0075,A000990,BN0097,BN1819,Customer Request
BC0004723,2026-08-28 12:18:11,E0081,A005293,BN0354,BN9558,Customer Request
BC0004724,2026-09-07 15:40:56,E0100,A001587,BN0979,BN7229,Customer Request
BC0004725,2026-08-21 13:09:16,E0094,A002396,BN0040,BN7934,Customer Request
BC0004726,2026-08-05 09:38:14,E0025,A005114,BN0820,BN7422,Customer Request
BC0004727,2026-08-27 14:17:52,E0030,A003915,BN0339,BN7474,Customer Request
BC0004728,2026-08-18 10:48:29,E0007,A003647,BN0625,BN8941,Customer Request
BC0004729,2026-08-26 14:11:19,E0029,A002545,BN0710,BN4978,Customer Request
BC0004730,2026-08-09 12:14:02,E0084,A000277,BN0837,BN8053,Customer Request
BC0004731,2026-09-11 17:47:43,E0077,A005198,BN0984,BN2552,Customer Request
BC0004732,2026-08-12 12:23:33,E0026,A004091,BN0915,BN1761,Customer Request
BC0004733,2026-09-21 09:26:06,E0083,A006558,BN0987,BN6349,Customer Request
BC0004734,2026-08-02 12:35:54,E0014,A003961,BN0617,BN4129,Customer Request
BC0004735,2026-08-03 14:45:48,E0045,A003198,BN0342,BN1205,Customer Request
BC0004736,2026-08-22 14:06:03,E0028,A003399,BN0585,BN5288,Customer Request
BC0004737,2026-08-10 16:14:15,E0090,A006528,BN0172,BN2895,Customer Request
BC0004738,2026-08-05 13:46:23,E0064,A005338,BN0408,BN6260,Customer Request
BC0004739,2026-09-04 13:30:02,E0070,A004822,BN0170,BN3819,Customer Request
BC0004740,2026-09-20 17:46:53,E0074,A001905,BN0651,BN3154,Customer Request
BC0004741,2026-08-13 15:22:14,E0031,A003792,BN0566,BN9597,Customer Request
BC0004742,2026-09-07 10:22:27,E0026,A002222,BN0340,BN7457,Customer Request
BC0004743,2026-09-01 12:27:54,E0087,A006480,BN0909,BN8592,Customer Request
BC0004744,2026-09-21 12:56:42,E0013,A002805,BN0619,BN6245,Customer Request
BC0004745,2026-09-05 14:24:19,E0055,A005710,BN0850,BN1638,Customer Request
BC0004746,2026-09-14 09:29:22,E0009,A004978,BN0896,BN4867,Customer Request
BC0004747,2026-08-04 15:57:48,E0025,A001418,BN0196,BN3381,Customer Request
BC0004748,2026-09-24 12:37:44,E0061,A005260,BN0898,BN7785,Customer Request
BC0004749,2026-09-17 10:16:05,E0096,A005919,BN0247,BN3071,Customer Request
BC0004750,2026-08-26 11:42:03,E0063,A002597,BN0076,BN2348,Customer Request
BC0004751,2026-08-05 16:24:37,E0001,A003065,BN0682,BN8299,Customer Request
BC0004752,2026-09-24 14:53:17,E0031,A001253,BN0768,BN3949,Customer Request
BC0004753,2026-09-13 14:49:26,E0068,A004727,BN0331,BN8083,Customer Request
BC0004754,2026-09-11 17:22:05,E0005,A000605,BN0515,BN2636,Customer Request
BC0004755,2026-08-17 10:45:53,E0028,A005245,BN0846,BN3442,Customer Request
BC0004756,2026-08-26 10:17:20,E0006,A003448,BN0761,BN2551,Customer Request
BC0004757,2026-08-24 10:38:31,E0091,A004428,BN0097,BN1734,Customer Request
BC0004758,2026-09-10 15:03:32,E0032,A002369,BN0538,BN3151,Customer Request
BC0004759,2026-08-10 13:00:01,E0017,A006205,BN0396,BN4811,Customer Request
BC0004760,2026-08-23 11:27:54,E0013,A005690,BN0133,BN6886,Customer Request
BC0004761,2026-08-18 14:00:49,E0022,A002365,BN0937,BN9231,Customer Request
BC0004762,2026-08-19 10:05:44,E0088,A004490,BN0656,BN9981,Customer Request
BC0004763,2026-08-05 17:21:34,E0023,A003134,BN0467,BN5952,Customer Request
BC0004764,2026-09-09 13:29:34,E0014,A003096,BN0797,BN4133,Customer Request
BC0004765,2026-08-30 13:47:05,E0095,A001125,BN0180,BN1868,Customer Request
BC0004766,2026-09-19 14:17:58,E0087,A005413,BN0948,BN4700,Customer Request
BC0004767,2026-09-15 09:11:42,E0072,A004160,BN0454,BN4950,Customer Request
BC0004768,2026-09-09 17:07:07,E0067,A001987,BN0367,BN1741,Customer Request
BC0004769,2026-08-04 10:40:59,E0013,A002261,BN0034,BN8912,Customer Request
BC0004770,2026-08-12 10:51:45,E0100,A003258,BN0594,BN5393,Customer Request
BC0004771,2026-09-06 12:43:35,E0057,A003546,BN0451,BN2032,Customer Request
BC0004772,2026-09-25 09:57:58,E0010,A004662,BN0274,BN5030,Customer Request
BC0004773,2026-09-18 09:59:47,E0012,A006441,BN0383,BN9105,Customer Request
BC0004774,2026-08-04 14:35:04,E0043,A004332,BN0384,BN5302,Customer Request
BC0004775,2026-08-13 16:02:08,E0047,A000052,BN0183,BN4523,Customer Request
BC0004776,2026-09-04 16:54:40,E0031,A002082,BN0669,BN6026,Customer Request
BC0004777,2026-08-07 16:20:19,E0057,A002077,BN0096,BN3916,Customer Request
BC0004778,2026-08-25 12:22:17,E0097,A000835,BN0385,BN6883,Customer Request
BC0004779,2026-08-25 09:13:45,E0035,A003063,BN0780,BN8555,Customer Request
BC0004780,2026-08-26 09:48:44,E0021,A001922,BN0947,BN9264,Customer Request
BC0004781,2026-09-08 10:19:33,E0073,A000991,BN0237,BN7094,Customer Request
BC0004782,2026-09-18 10:36:33,E0046,A004507,BN0302,BN7801,Customer Request
BC0004783,2026-08-03 17:38:44,E0100,A003678,BN0269,BN6872,Customer Request
BC0004784,2026-08-26 16:40:50,E0067,A005100,BN0218,BN3392,Customer Request
BC0004785,2026-08-08 14:02:37,E0005,A005230,BN0824,BN4228,Customer Request
BC0004786,2026-08-15 12:39:10,E0071,A001136,BN0116,BN4090,Customer Request
BC0004787,2026-08-16 13:50:55,E0049,A006463,BN0644,BN6741,Customer Request
BC0004788,2026-08-08 17:41:52,E0001,A000876,BN0048,BN9930,Customer Request
BC0004789,2026-09-25 11:35:12,E0027,A005453,BN0037,BN3842,Customer Request
BC0004790,2026-09-21 16:42:36,E0051,A000728,BN0212,BN5623,Customer Request
BC0004791,2026-09-24 11:19:41,E0053,A001120,BN0708,BN1864,Customer Request
BC0004792,2026-09-02 17:59:53,E0065,A004016,BN0003,BN4725,Customer Request
BC0004793,2026-08-26 15:33:49,E0081,A000246,BN0872,BN4183,Customer Request
BC0004794,2026-09-12 14:05:24,E0014,A005701,BN0789,BN9545,Customer Request
BC0004795,2026-08-31 14:20:54,E0092,A002316,BN0182,BN5013,Customer Request
BC0004796,2026-08-23 17:59:50,E0059,A004385,BN0738,BN5521,Customer Request
BC0004797,2026-09-25 16:30:44,E0080,A001876,BN0128,BN7977,Customer Request
BC0004798,2026-08-04 14:05:53,E0100,A004864,BN0873,BN7417,Customer Request
BC0004799,2026-08-22 11:41:37,E0051,A000350,BN0582,BN7174,Customer Request
BC0004800,2026-09-18 10:14:59,E0071,A004431,BN0755,BN4521,Customer Request
BC0004801,2026-08-08 13:40:44,E0035,A003090,BN0059,BN2994,Customer Request
BC0004802,2026-08-31 12:58:01,E0018,A002156,BN0100,BN4268,Customer Request
BC0004803,2026-09-08 14:25:52,E0029,A000757,BN0683,BN7076,Customer Request
BC0004804,2026-08-28 11:25:17,E0020,A001193,BN0113,BN9563,Customer Request
BC0004805,2026-08-23 10:33:07,E0084,A000182,BN0051,BN5473,Customer Request
BC0004806,2026-08-21 10:52:44,E0035,A005689,BN0199,BN8427,Customer Request
BC0004807,2026-08-17 15:07:16,E0023,A003341,BN0689,BN3020,Customer Request
BC0004808,2026-09-17 13:58:34,E0023,A005519,BN0367,BN9366,Customer Request
BC0004809,2026-08-24 10:18:48,E0044,A002318,BN0241,BN7252,Customer Request
BC0004810,2026-08-01 09:57:24,E0001,A001361,BN0810,BN7383,Customer Request
BC0004811,2026-09-16 14:05:50,E0059,A000514,BN0783,BN4531,Customer Request
BC0004812,2026-09-11 12:56:36,E0054,A006433,BN0362,BN2348,Customer Request
BC0004813,2026-08-26 10:09:22,E0030,A003314,BN0726,BN7669,Customer Request
BC0004814,2026-09-19 10:58:44,E0013,A001395,BN0772,BN4278,Customer Request
BC0004815,2026-09-21 14:29:17,E0078,A006445,BN0935,BN8721,Customer Request
BC0004816,2026-08-31 13:14:40,E0098,A005227,BN0289,BN4157,Customer Request
BC0004817,2026-08-07 17:46:25,E0019,A000925,BN0788,BN6801,Customer Request
BC0004818,2026-09-01 14:55:17,E0077,A003981,BN0236,BN5773,Customer Request
BC0004819,2026-09-18 12:39:38,E0029,A000736,BN0971,BN7186,Customer Request
BC0004820,2026-08-14 13:48:46,E0008,A006397,BN0951,BN5015,Customer Request
BC0004821,2026-09-11 15:23:13,E0045,A005368,BN0520,BN8918,Customer Request
BC0004822,2026-09-06 14:43:05,E0082,A002255,BN0760,BN9889,Customer Request
BC0004823,2026-08-02 15:07:55,E0068,A000239,BN0253,BN6074,Customer Request
BC0004824,2026-08-29 14:26:58,E0031,A003295,BN0592,BN9301,Customer Request
BC0004825,2026-09-09 14:42:47,E0005,A001295,BN0152,BN3587,Customer Request
BC0004826,2026-09-17 11:31:52,E0049,A001363,BN0549,BN6360,Customer Request
BC0004827,2026-09-24 11:12:31,E0086,A004297,BN0032,BN7468,Customer Request
BC0004828,2026-08-06 14:14:22,E0059,A002991,BN0932,BN1653,Customer Request
BC0004829,2026-09-12 13:22:57,E0029,A005669,BN0105,BN5659,Customer Request
BC0004830,2026-09-14 13:30:38,E0095,A001481,BN0259,BN5143,Customer Request
BC0004831,2026-09-20 13:25:56,E0033,A005779,BN0366,BN1373,Customer Request
BC0004832,2026-09-23 15:28:38,E0042,A006744,BN0561,BN4053,Customer Request
BC0004833,2026-08-08 17:28:33,E0026,A000562,BN0089,BN6175,Customer Request
BC0004834,2026-09-21 15:25:46,E0055,A004702,BN0245,BN4046,Customer Request
BC0004835,2026-09-11 09:05:02,E0050,A002813,BN0595,BN9256,Customer Request
BC0004836,2026-09-05 10:33:08,E0087,A003812,BN0573,BN4020,Customer Request
BC0004837,2026-08-12 09:17:16,E0075,A004259,BN0350,BN7640,Customer Request
BC0004838,2026-08-03 10:51:17,E0083,A004369,BN0143,BN5460,Customer Request
BC0004839,2026-08-01 10:00:28,E0082,A002161,BN0582,BN1371,Customer Request
BC0004840,2026-08-16 12:58:35,E0090,A006083,BN0719,BN2915,Customer Request
BC0004841,2026-09-15 12:54:43,E0001,A003751,BN0237,BN9226,Customer Request
BC0004842,2026-09-15 11:16:55,E0064,A001261,BN0283,BN6962,Customer Request
BC0004843,2026-08-06 10:24:53,E0045,A005909,BN0937,BN8697,Customer Request
BC0004844,2026-08-16 15:05:03,E0071,A001393,BN0466,BN4742,Customer Request
BC0004845,2026-09-15 14:35:26,E0056,A004082,BN0578,BN8959,Customer Request
BC0004846,2026-09-17 17:39:00,E0080,A003959,BN0978,BN8373,Customer Request
BC0004847,2026-08-14 13:50:52,E0098,A005597,BN0540,BN9722,Customer Request
BC0004848,2026-08-06 13:01:30,E0065,A002821,BN0057,BN4436,Customer Request
BC0004849,2026-09-20 11:40:16,E0080,A004688,BN0271,BN5886,Customer Request
BC0004850,2026-08-19 13:32:47,E0070,A005598,BN0240,BN4017,Customer Request
BC0004851,2026-08-17 15:51:27,E0007,A004875,BN0439,BN7714,Customer Request
BC0004852,2026-09-25 15:57:14,E0098,A003414,BN0500,BN6711,Customer Request
BC0004853,2026-09-01 13:05:14,E0030,A003034,BN0988,BN6644,Customer Request
BC0004854,2026-09-18 12:15:23,E0080,A001441,BN0020,BN9913,Customer Request
BC0004855,2026-09-06 14:59:18,E0047,A000674,BN0863,BN9986,Customer Request
BC0004856,2026-09-19 17:55:51,E0043,A004735,BN0129,BN2415,Customer Request
BC0004857,2026-08-15 16:21:02,E0021,A004010,BN0508,BN6239,Customer Request
BC0004858,2026-09-03 14:54:26,E0071,A004244,BN0272,BN3286,Customer Request
BC0004859,2026-08-08 12:24:57,E0001,A004239,BN0640,BN1049,Customer Request
BC0004860,2026-09-01 09:24:19,E0038,A002836,BN0489,BN3863,Customer Request
BC0004861,2026-08-21 17:06:58,E0068,A004889,BN0715,BN9944,Customer Request
BC0004862,2026-09-18 14:23:51,E0079,A005014,BN0278,BN6793,Customer Request
BC0004863,2026-08-20 16:49:41,E0041,A006426,BN0184,BN4734,Customer Request
BC0004864,2026-09-24 17:43:22,E0054,A006786,BN0723,BN9953,Customer Request
BC0004865,2026-08-28 16:14:46,E0006,A005044,BN0975,BN8588,Customer Request
BC0004866,2026-08-18 14:03:48,E0094,A003833,BN0363,BN9943,Customer Request
BC0004867,2026-09-15 12:51:20,E0081,A003662,BN0226,BN3141,Customer Request
BC0004868,2026-08-01 14:55:55,E0002,A000936,BN0729,BN1186,Customer Request
BC0004869,2026-08-13 13:18:57,E0017,A002498,BN0964,BN7060,Customer Request
BC0004870,2026-09-20 10:37:11,E0041,A006798,BN0045,BN8357,Customer Request
BC0004871,2026-09-11 11:32:14,E0070,A004044,BN0930,BN5450,Customer Request
BC0004872,2026-08-14 11:13:26,E0084,A004297,BN0128,BN3509,Customer Request
BC0004873,2026-09-03 13:41:25,E0071,A005008,BN0537,BN4389,Customer Request
BC0004874,2026-08-16 14:38:12,E0024,A002430,BN0424,BN9880,Customer Request
BC0004875,2026-08-21 15:52:16,E0035,A005599,BN0722,BN7223,Customer Request
BC0004876,2026-09-15 16:27:03,E0090,A006540,BN0961,BN8315,Customer Request
BC0004877,2026-08-10 13:39:38,E0075,A005086,BN0420,BN9720,Customer Request
BC0004878,2026-08-06 11:21:29,E0045,A003742,BN0497,BN5289,Customer Request
BC0004879,2026-08-10 14:47:23,E0030,A006050,BN0697,BN2868,Customer Request
BC0004880,2026-08-03 16:29:27,E0049,A005100,BN0241,BN3342,Customer Request
BC0004881,2026-08-13 11:41:44,E0060,A000970,BN0787,BN3049,Customer Request
BC0004882,2026-08-20 09:15:12,E0068,A002701,BN0770,BN7182,Customer Request
BC0004883,2026-08-03 16:25:29,E0011,A005830,BN0119,BN1639,Customer Request
BC0004884,2026-09-21 14:58:20,E0021,A001635,BN0463,BN7164,Customer Request
BC0004885,2026-09-08 11:49:13,E0092,A001598,BN0799,BN2424,Customer Request
BC0004886,2026-09-19 14:27:45,E0086,A004852,BN0901,BN8635,Customer Request
BC0004887,2026-08-26 10:37:04,E0025,A005270,BN0974,BN6286,Customer Request
BC0004888,2026-08-30 11:30:46,E0072,A005468,BN0421,BN4902,Customer Request
BC0004889,2026-08-17 16:35:25,E0029,A002743,BN0750,BN6327,Customer Request
BC0004890,2026-08-12 11:01:18,E0038,A004724,BN0617,BN7877,Customer Request
BC0004891,2026-08-24 13:37:11,E0089,A004740,BN0556,BN2094,Customer Request
BC0004892,2026-08-25 15:31:00,E0062,A003199,BN0879,BN5104,Customer Request
BC0004893,2026-09-20 09:47:38,E0049,A003901,BN0240,BN1264,Customer Request
BC0004894,2026-08-22 09:42:59,E0055,A003720,BN0151,BN3510,Customer Request
BC0004895,2026-09-17 13:13:14,E0057,A004437,BN0396,BN4534,Customer Request
BC0004896,2026-08-16 12:35:02,E0054,A003422,BN0634,BN9529,Customer Request
BC0004897,2026-08-11 12:47:42,E0085,A006665,BN0310,BN1939,Customer Request
BC0004898,2026-08-26 17:46:58,E0064,A002700,BN0038,BN6482,Customer Request
BC0004899,2026-09-18 11:42:21,E0028,A002934,BN0084,BN6401,Customer Request
BC0004900,2026-08-07 16:51:37,E0076,A005137,BN0210,BN1219,Customer Request
BC0004901,2026-09-18 15:13:45,E0096,A000128,BN0749,BN2085,Customer Request
BC0004902,2026-08-02 15:15:21,E0009,A004833,BN0885,BN8233,Customer Request
BC0004903,2026-08-27 12:34:16,E0040,A002763,BN0270,BN3358,Customer Request
BC0004904,2026-08-05 15:09:16,E0013,A006708,BN0264,BN5583,Customer Request
BC0004905,2026-09-23 14:43:06,E0064,A001372,BN0105,BN8846,Customer Request
BC0004906,2026-09-23 10:36:39,E0080,A000821,BN0145,BN4765,Customer Request
BC0004907,2026-08-07 10:26:55,E0038,A000110,BN0608,BN3472,Customer Request
BC0004908,2026-08-02 17:43:08,E0080,A001392,BN0831,BN6226,Customer Request
BC0004909,2026-09-13 17:41:28,E0035,A003251,BN0996,BN3289,Customer Request
BC0004910,2026-08-10 09:32:21,E0067,A003278,BN0617,BN5843,Customer Request
BC0004911,2026-08-23 17:25:34,E0097,A002702,BN0604,BN4793,Customer Request
BC0004912,2026-08-25 12:51:03,E0042,A003024,BN0001,BN8760,Customer Request
BC0004913,2026-09-13 10:49:09,E0094,A000571,BN0044,BN4677,Customer Request
BC0004914,2026-09-19 15:27:29,E0052,A001881,BN0207,BN6812,Customer Request
BC0004915,2026-09-23 14:01:43,E0033,A001518,BN0693,BN9568,Customer Request
BC0004916,2026-09-04 17:03:00,E0050,A006067,BN0668,BN4673,Customer Request
BC0004917,2026-08-12 16:10:44,E0065,A000805,BN0952,BN9949,Customer Request
BC0004918,2026-08-23 10:58:31,E0045,A005366,BN0531,BN5131,Customer Request
BC0004919,2026-09-03 10:41:43,E0079,A005134,BN0490,BN1932,Customer Request
BC0004920,2026-08-14 16:57:42,E0057,A005728,BN0968,BN6067,Customer Request
BC0004921,2026-08-24 15:33:38,E0064,A005240,BN0480,BN7187,Customer Request
BC0004922,2026-08-03 17:40:35,E0008,A001660,BN0624,BN2386,Customer Request
BC0004923,2026-08-17 16:47:32,E0061,A001044,BN0954,BN3809,Customer Request
BC0004924,2026-09-01 15:17:38,E0024,A001768,BN0599,BN3838,Customer Request
BC0004925,2026-08-10 12:53:32,E0021,A000250,BN0417,BN3759,Customer Request
BC0004926,2026-09-10 16:40:24,E0056,A006270,BN0324,BN2046,Customer Request
BC0004927,2026-08-18 12:16:04,E0002,A000857,BN0149,BN4184,Customer Request
BC0004928,2026-08-15 16:19:41,E0054,A006747,BN0902,BN4304,Customer Request
BC0004929,2026-09-14 17:45:48,E0014,A003274,BN0771,BN9295,Customer Request
BC0004930,2026-09-16 10:43:55,E0091,A006793,BN0068,BN2633,Customer Request
BC0004931,2026-08-12 13:48:01,E0051,A002069,BN0819,BN6807,Customer Request
BC0004932,2026-08-31 10:11:17,E0011,A005800,BN0449,BN5603,Customer Request
BC0004933,2026-09-21 12:39:11,E0069,A003239,BN0394,BN5319,Customer Request
BC0004934,2026-09-10 14:11:40,E0038,A002125,BN0606,BN5029,Customer Request
BC0004935,2026-09-09 13:45:01,E0059,A006014,BN0541,BN6526,Customer Request
BC0004936,2026-08-01 10:14:51,E0032,A004005,BN0375,BN2057,Customer Request
BC0004937,2026-09-04 11:47:17,E0041,A004179,BN0431,BN8132,Customer Request
BC0004938,2026-09-09 10:33:31,E0053,A002148,BN0575,BN8437,Customer Request
BC0004939,2026-09-12 10:53:41,E0088,A000285,BN0449,BN6676,Customer Request
BC0004940,2026-09-21 15:49:39,E0067,A001734,BN0872,BN1438,Customer Request
BC0004941,2026-08-05 16:22:21,E0067,A003314,BN0600,BN9241,Customer Request
BC0004942,2026-09-21 17:42:03,E0022,A003560,BN0495,BN3896,Customer Request
BC0004943,2026-09-14 15:44:39,E0041,A004596,BN0237,BN5882,Customer Request
BC0004944,2026-09-22 15:30:26,E0055,A003466,BN0747,BN2829,Customer Request
BC0004945,2026-08-27 17:13:22,E0061,A002473,BN0922,BN4898,Customer Request
BC0004946,2026-08-29 15:27:14,E0010,A003727,BN0181,BN3438,Customer Request
BC0004947,2026-08-10 09:19:34,E0026,A003552,BN0239,BN7971,Customer Request
BC0004948,2026-09-18 14:26:29,E0070,A004522,BN0123,BN5734,Customer Request
BC0004949,2026-08-19 12:43:43,E0077,A000271,BN0517,BN2842,Customer Request
BC0004950,2026-09-09 17:36:47,E0038,A000919,BN0417,BN3070,Customer Request
BC0004951,2026-08-06 10:02:54,E0011,A002016,BN0390,BN5999,Customer Request
BC0004952,2026-09-03 17:42:58,E0085,A000175,BN0779,BN7959,Customer Request
BC0004953,2026-09-20 11:31:09,E0034,A003639,BN0411,BN7742,Customer Request
BC0004954,2026-09-09 09:24:49,E0063,A000522,BN0545,BN9699,Customer Request
BC0004955,2026-08-02 10:55:39,E0074,A000598,BN0885,BN8658,Customer Request
BC0004956,2026-09-07 13:28:43,E0080,A002965,BN0281,BN6737,Customer Request
BC0004957,2026-08-11 12:05:08,E0066,A004706,BN0811,BN2312,Customer Request
BC0004958,2026-09-05 09:49:02,E0013,A002798,BN0611,BN6167,Customer Request
BC0004959,2026-08-10 11:36:47,E0001,A005089,BN0181,BN4020,Customer Request
BC0004960,2026-08-13 16:00:19,E0095,A004795,BN0201,BN3280,Customer Request
BC0004961,2026-09-21 14:38:59,E0040,A000238,BN0761,BN2473,Customer Request
BC0004962,2026-08-14 12:14:15,E0060,A006737,BN0735,BN1893,Customer Request
BC0004963,2026-08-17 15:29:55,E0033,A006231,BN0605,BN4293,Customer Request
BC0004964,2026-09-21 14:28:15,E0020,A001103,BN0771,BN4717,Customer Request
BC0004965,2026-08-20 09:42:53,E0092,A006125,BN0198,BN1732,Customer Request
BC0004966,2026-09-01 13:49:31,E0088,A006383,BN0205,BN2578,Customer Request
BC0004967,2026-08-08 11:04:04,E0066,A000458,BN0158,BN7296,Customer Request
BC0004968,2026-09-01 17:01:56,E0062,A002900,BN0003,BN5277,Customer Request
BC0004969,2026-08-15 16:12:00,E0061,A004407,BN0781,BN1654,Customer Request
BC0004970,2026-08-15 11:35:33,E0087,A002111,BN0844,BN6894,Customer Request
BC0004971,2026-09-19 17:17:43,E0065,A006345,BN0325,BN4826,Customer Request
BC0004972,2026-08-25 09:34:37,E0005,A000186,BN0099,BN1710,Customer Request
BC0004973,2026-09-12 09:26:28,E0013,A006176,BN0641,BN9947,Customer Request
BC0004974,2026-09-01 10:47:53,E0098,A005347,BN0958,BN8113,Customer Request
BC0004975,2026-09-25 11:27:58,E0065,A001040,BN0402,BN3790,Customer Request
BC0004976,2026-08-01 15:31:16,E0096,A002435,BN0367,BN4374,Customer Request
BC0004977,2026-08-29 11:20:22,E0034,A001685,BN0296,BN8582,Customer Request
BC0004978,2026-09-10 13:49:26,E0011,A006735,BN0360,BN5915,Customer Request
BC0004979,2026-08-20 10:29:40,E0048,A001006,BN0156,BN6071,Customer Request
BC0004980,2026-09-23 14:48:43,E0034,A001064,BN0324,BN7898,Customer Request
BC0004981,2026-08-04 15:45:34,E0080,A002847,BN0076,BN2444,Customer Request
BC0004982,2026-08-11 10:46:16,E0038,A001887,BN0048,BN4875,Customer Request
BC0004983,2026-09-04 11:43:35,E0082,A004166,BN0499,BN9904,Customer Request
BC0004984,2026-09-09 15:25:00,E0082,A004929,BN0137,BN5421,Customer Request
BC0004985,2026-09-09 09:53:25,E0035,A006799,BN0786,BN8827,Customer Request
BC0004986,2026-08-26 13:16:25,E0037,A006207,BN0588,BN6301,Customer Request
BC0004987,2026-08-02 13:45:10,E0022,A000848,BN0459,BN2756,Customer Request
BC0004988,2026-09-16 14:03:45,E0086,A000106,BN0637,BN2892,Customer Request
BC0004989,2026-09-19 17:43:47,E0074,A000768,BN0217,BN1153,Customer Request
BC0004990,2026-08-31 10:32:25,E0073,A004966,BN0458,BN6954,Customer Request
BC0004991,2026-08-29 14:54:39,E0076,A006669,BN0343,BN4574,Customer Request
BC0004992,2026-09-17 14:32:53,E0009,A000384,BN0530,BN1083,Customer Request
BC0004993,2026-08-20 17:16:35,E0050,A000440,BN0306,BN8608,Customer Request
BC0004994,2026-08-03 15:19:20,E0076,A002339,BN0582,BN8316,Customer Request
BC0004995,2026-09-16 10:11:06,E0034,A006810,BN0094,BN2708,Customer Request
BC0004996,2026-08-01 13:22:59,E0016,A006675,BN0546,BN8481,Customer Request
BC0004997,2026-09-24 16:06:48,E0025,A000599,BN0574,BN5165,Customer Request
BC0004998,2026-08-08 15:46:32,E0012,A000580,BN0416,BN5560,Customer Request
BC0004999,2026-08-06 11:31:17,E0093,A001425,BN0108,BN5595,Customer Request
BC0005000,2026-09-07 09:19:27,E0046,A002541,BN0635,BN6942,Customer Request
